order_id,customer_id,product_id,order_date,quantity,category,selling_price,cost_price,discount_pct,gross_sales,discount_amount,revenue,cost,profit,payment_method,region,product_name,segment
O00001,C0127,P007,2025-12-20,1,Home,1000,600,10.0,1000,100.0,900.0,600,300.0,UPI,Bengaluru,Table Lamp,Regular
O00002,C0425,P004,2025-02-09,1,Electronics,1200,700,10.0,1200,120.0,1080.0,700,380.0,UPI,Mumbai,Power Bank,Regular
O00003,C0287,P013,2025-12-13,4,Beauty,850,500,10.0,3400,340.0,3060.0,2000,1060.0,Debit Card,Pune,Face Serum,Premium
O00004,C0254,P006,2025-08-25,1,Home,4800,3200,15.0,4800,720.0,4080.0,3200,880.0,Cash on Delivery,Kolkata,Air Fryer,Regular
O00005,C0213,P007,2025-10-16,3,Home,1000,600,20.0,3000,600.0,2400.0,1800,600.0,UPI,Mumbai,Table Lamp,Regular
O00006,C0250,P004,2025-09-19,1,Electronics,1200,700,20.0,1200,240.0,960.0,700,260.0,Cash on Delivery,Chennai,Power Bank,Budget
O00007,C0084,P015,2025-08-04,1,Beauty,2500,1600,20.0,2500,500.0,2000.0,1600,400.0,Debit Card,Chennai,Hair Dryer,Budget
O00008,C0487,P008,2025-05-27,2,Home,1500,900,20.0,3000,600.0,2400.0,1800,600.0,Credit Card,Delhi,Bedsheet Set,Regular
O00009,C0383,P009,2025-12-02,1,Fashion,3500,2200,20.0,3500,700.0,2800.0,2200,600.0,Credit Card,Pune,Running Shoes,Budget
O00010,C0406,P001,2025-06-17,2,Electronics,2500,1800,0.0,5000,0.0,5000.0,3600,1400.0,UPI,Ahmedabad,Wireless Headphones,Regular
O00011,C0388,P007,2025-04-02,1,Home,1000,600,5.0,1000,50.0,950.0,600,350.0,Credit Card,Bengaluru,Table Lamp,Budget
O00012,C0013,P009,2025-12-19,2,Fashion,3500,2200,10.0,7000,700.0,6300.0,4400,1900.0,UPI,Pune,Running Shoes,Regular
O00013,C0045,P015,2025-02-28,4,Beauty,2500,1600,20.0,10000,2000.0,8000.0,6400,1600.0,Credit Card,Kolkata,Hair Dryer,Premium
O00014,C0127,P012,2025-02-28,1,Fashion,2100,1300,10.0,2100,210.0,1890.0,1300,590.0,UPI,Bengaluru,Jeans,Regular
O00015,C0426,P010,2025-10-31,3,Fashion,1800,1000,15.0,5400,810.0,4590.0,3000,1590.0,Debit Card,Pune,Backpack,Regular
O00016,C0114,P005,2025-06-18,1,Home,4200,2800,0.0,4200,0.0,4200.0,2800,1400.0,Debit Card,Hyderabad,Coffee Maker,Premium
O00017,C0433,P012,2025-09-26,1,Fashion,2100,1300,5.0,2100,105.0,1995.0,1300,695.0,UPI,Chennai,Jeans,Budget
O00018,C0276,P002,2025-12-29,1,Electronics,5000,3500,15.0,5000,750.0,4250.0,3500,750.0,UPI,Hyderabad,Smart Watch,Budget
O00019,C0500,P010,2025-02-14,4,Fashion,1800,1000,5.0,7200,360.0,6840.0,4000,2840.0,Credit Card,Mumbai,Backpack,Regular
O00020,C0205,P006,2025-12-11,1,Home,4800,3200,10.0,4800,480.0,4320.0,3200,1120.0,Credit Card,Delhi,Air Fryer,Regular
O00021,C0337,P012,2025-06-30,2,Fashion,2100,1300,5.0,4200,210.0,3990.0,2600,1390.0,UPI,Delhi,Jeans,Regular
O00022,C0438,P012,2025-06-19,2,Fashion,2100,1300,10.0,4200,420.0,3780.0,2600,1180.0,Credit Card,Delhi,Jeans,Budget
O00023,C0420,P007,2025-12-22,3,Home,1000,600,15.0,3000,450.0,2550.0,1800,750.0,UPI,Delhi,Table Lamp,Budget
O00024,C0481,P002,2025-07-10,1,Electronics,5000,3500,10.0,5000,500.0,4500.0,3500,1000.0,UPI,Chennai,Smart Watch,Budget
O00025,C0385,P002,2025-06-04,1,Electronics,5000,3500,15.0,5000,750.0,4250.0,3500,750.0,UPI,Bengaluru,Smart Watch,Budget
O00026,C0399,P010,2025-07-07,1,Fashion,1800,1000,0.0,1800,0.0,1800.0,1000,800.0,UPI,Ahmedabad,Backpack,Regular
O00027,C0461,P015,2025-01-07,1,Beauty,2500,1600,20.0,2500,500.0,2000.0,1600,400.0,Debit Card,Kolkata,Hair Dryer,Budget
O00028,C0273,P014,2025-05-13,1,Beauty,1500,900,10.0,1500,150.0,1350.0,900,450.0,Cash on Delivery,Ahmedabad,Skin Care Kit,Premium
O00029,C0408,P012,2025-08-23,1,Fashion,2100,1300,15.0,2100,315.0,1785.0,1300,485.0,UPI,Bengaluru,Jeans,Regular
O00030,C0058,P010,2025-02-14,1,Fashion,1800,1000,15.0,1800,270.0,1530.0,1000,530.0,Credit Card,Ahmedabad,Backpack,Regular
O00031,C0328,P001,2025-11-10,1,Electronics,2500,1800,5.0,2500,125.0,2375.0,1800,575.0,UPI,Mumbai,Wireless Headphones,Regular
O00032,C0498,P004,2025-09-06,1,Electronics,1200,700,10.0,1200,240.0,960.0,700,260.0,Credit Card,Kolkata,Power Bank,Premium
O00033,C0219,P007,2025-01-31,2,Home,1000,600,15.0,2000,300.0,1700.0,1200,500.0,UPI,Mumbai,Table Lamp,Premium
O00034,C0109,P014,2025-01-23,1,Beauty,1500,900,10.0,1500,150.0,1350.0,900,450.0,Credit Card,Mumbai,Skin Care Kit,Regular
O00035,C0279,P009,2025-06-09,2,Fashion,3500,2200,5.0,7000,350.0,6650.0,4400,2250.0,Cash on Delivery,Kolkata,Running Shoes,Budget
O00036,C0174,P015,2025-12-29,1,Beauty,2500,1600,20.0,2500,500.0,2000.0,1600,400.0,UPI,Mumbai,Hair Dryer,Regular
O00037,C0328,P003,2025-06-07,1,Electronics,2200,1400,15.0,2200,330.0,1870.0,1400,470.0,Debit Card,Mumbai,Bluetooth Speaker,Regular
O00038,C0264,P012,2025-02-08,1,Fashion,2100,1300,5.0,2100,105.0,1995.0,1300,695.0,UPI,Mumbai,Jeans,Budget
O00039,C0315,P011,2025-03-23,1,Fashion,2000,1200,10.0,2000,200.0,1800.0,1200,600.0,UPI,Chennai,Hoodie,Regular
O00040,C0474,P007,2025-12-22,2,Home,1000,600,20.0,2000,400.0,1600.0,1200,400.0,UPI,Bengaluru,Table Lamp,Premium
O00041,C0111,P007,2025-09-15,3,Home,1000,600,15.0,3000,450.0,2550.0,1800,750.0,UPI,Hyderabad,Table Lamp,Premium
O00042,C0187,P007,2025-07-25,2,Home,1000,600,15.0,2000,300.0,1700.0,1200,500.0,UPI,Ahmedabad,Table Lamp,Premium
O00043,C0269,P002,2025-03-18,2,Electronics,5000,3500,10.0,10000,1000.0,9000.0,7000,2000.0,UPI,Bengaluru,Smart Watch,Premium
O00044,C0423,P006,2025-01-12,1,Home,4800,3200,15.0,4800,720.0,4080.0,3200,880.0,UPI,Pune,Air Fryer,Regular
O00045,C0229,P002,2025-10-22,1,Electronics,5000,3500,10.0,5000,500.0,4500.0,3500,1000.0,UPI,Chennai,Smart Watch,Regular
O00046,C0497,P006,2025-08-12,2,Home,4800,3200,5.0,9600,480.0,9120.0,6400,2720.0,Credit Card,Delhi,Air Fryer,Regular
O00047,C0156,P013,2025-01-13,2,Beauty,850,500,15.0,1700,255.0,1445.0,1000,445.0,Cash on Delivery,Delhi,Face Serum,Premium
O00048,C0473,P010,2025-02-15,2,Fashion,1800,1000,25.0,3600,900.0,2700.0,2000,700.0,UPI,Chennai,Backpack,Premium
O00049,C0189,P003,2025-06-04,1,Electronics,2200,1400,10.0,2200,220.0,1980.0,1400,580.0,UPI,Mumbai,Bluetooth Speaker,Regular
O00050,C0272,P014,2025-04-23,1,Beauty,1500,900,10.0,1500,150.0,1350.0,900,450.0,UPI,Pune,Skin Care Kit,Regular
O00051,C0375,P002,2025-08-21,1,Electronics,5000,3500,15.0,5000,750.0,4250.0,3500,750.0,Debit Card,Hyderabad,Smart Watch,Regular
O00052,C0002,P012,2025-01-17,1,Fashion,2100,1300,10.0,2100,210.0,1890.0,1300,590.0,Credit Card,Mumbai,Jeans,Regular
O00053,C0246,P015,2025-12-26,1,Beauty,2500,1600,20.0,2500,500.0,2000.0,1600,400.0,Credit Card,Pune,Hair Dryer,Regular
O00054,C0210,P014,2025-08-11,2,Beauty,1500,900,15.0,3000,450.0,2550.0,1800,750.0,UPI,Hyderabad,Skin Care Kit,Premium
O00055,C0401,P006,2025-12-20,1,Home,4800,3200,0.0,4800,0.0,4800.0,3200,1600.0,UPI,Ahmedabad,Air Fryer,Regular
O00056,C0286,P002,2025-07-07,1,Electronics,5000,3500,25.0,5000,1250.0,3750.0,3500,250.0,UPI,Pune,Smart Watch,Regular
O00057,C0359,P005,2025-12-10,2,Home,4200,2800,15.0,8400,1260.0,7140.0,5600,1540.0,Cash on Delivery,Ahmedabad,Coffee Maker,Regular
O00058,C0013,P002,2025-12-31,3,Electronics,5000,3500,20.0,15000,3000.0,12000.0,10500,1500.0,Debit Card,Pune,Smart Watch,Regular
O00059,C0096,P003,2025-06-12,1,Electronics,2200,1400,15.0,2200,330.0,1870.0,1400,470.0,UPI,Pune,Bluetooth Speaker,Budget
O00060,C0498,P003,2025-11-22,4,Electronics,2200,1400,20.0,8800,1760.0,7040.0,5600,1440.0,Credit Card,Kolkata,Bluetooth Speaker,Premium
O00061,C0221,P006,2025-03-15,1,Home,4800,3200,0.0,4800,0.0,4800.0,3200,1600.0,UPI,Mumbai,Air Fryer,Regular
O00062,C0238,P006,2025-08-21,1,Home,4800,3200,10.0,4800,480.0,4320.0,3200,1120.0,UPI,Mumbai,Air Fryer,Regular
O00063,C0094,P010,2025-08-12,4,Fashion,1800,1000,20.0,7200,1440.0,5760.0,4000,1760.0,Debit Card,Delhi,Backpack,Budget
O00064,C0338,P003,2025-11-15,2,Electronics,2200,1400,5.0,4400,220.0,4180.0,2800,1380.0,Credit Card,Bengaluru,Bluetooth Speaker,Premium
O00065,C0269,P003,2025-03-01,3,Electronics,2200,1400,0.0,6600,0.0,6600.0,4200,2400.0,UPI,Bengaluru,Bluetooth Speaker,Premium
O00066,C0171,P013,2025-12-01,2,Beauty,850,500,15.0,1700,255.0,1445.0,1000,445.0,UPI,Bengaluru,Face Serum,Regular
O00067,C0469,P012,2025-08-10,3,Fashion,2100,1300,20.0,6300,1260.0,5040.0,3900,1140.0,Debit Card,Ahmedabad,Jeans,Budget
O00068,C0094,P013,2025-02-06,3,Beauty,850,500,5.0,2550,127.5,2422.5,1500,922.5,Credit Card,Delhi,Face Serum,Budget
O00069,C0149,P001,2025-10-05,1,Electronics,2500,1800,20.0,2500,500.0,2000.0,1800,200.0,Credit Card,Mumbai,Wireless Headphones,Regular
O00070,C0112,P007,2025-07-15,1,Home,1000,600,15.0,1000,150.0,850.0,600,250.0,UPI,Hyderabad,Table Lamp,Regular
O00071,C0055,P013,2025-12-18,1,Beauty,850,500,10.0,850,85.0,765.0,500,265.0,UPI,Hyderabad,Face Serum,Regular
O00072,C0337,P008,2025-08-30,3,Home,1500,900,20.0,4500,900.0,3600.0,2700,900.0,Cash on Delivery,Delhi,Bedsheet Set,Regular
O00073,C0424,P002,2025-11-20,2,Electronics,5000,3500,10.0,10000,1000.0,9000.0,7000,2000.0,Credit Card,Chennai,Smart Watch,Premium
O00074,C0467,P004,2025-08-07,1,Electronics,1200,700,5.0,1200,60.0,1140.0,700,440.0,UPI,Kolkata,Power Bank,Premium
O00075,C0116,P010,2025-07-11,3,Fashion,1800,1000,5.0,5400,270.0,5130.0,3000,2130.0,Credit Card,Bengaluru,Backpack,Regular
O00076,C0143,P007,2025-01-17,1,Home,1000,600,10.0,1000,100.0,900.0,600,300.0,Debit Card,Pune,Table Lamp,Regular
O00077,C0201,P008,2025-01-12,2,Home,1500,900,10.0,3000,300.0,2700.0,1800,900.0,UPI,Ahmedabad,Bedsheet Set,Regular
O00078,C0180,P001,2025-07-12,2,Electronics,2500,1800,20.0,5000,1000.0,4000.0,3600,400.0,UPI,Kolkata,Wireless Headphones,Regular
O00079,C0202,P004,2025-01-22,4,Electronics,1200,700,15.0,4800,720.0,4080.0,2800,1280.0,Credit Card,Delhi,Power Bank,Budget
O00080,C0364,P006,2025-04-30,3,Home,4800,3200,15.0,14400,2160.0,12240.0,9600,2640.0,Credit Card,Delhi,Air Fryer,Premium
O00081,C0479,P003,2025-07-29,1,Electronics,2200,1400,15.0,2200,330.0,1870.0,1400,470.0,Debit Card,Kolkata,Bluetooth Speaker,Budget
O00082,C0053,P005,2025-11-02,1,Home,4200,2800,5.0,4200,210.0,3990.0,2800,1190.0,Debit Card,Bengaluru,Coffee Maker,Regular
O00083,C0471,P010,2025-09-27,3,Fashion,1800,1000,0.0,5400,0.0,5400.0,3000,2400.0,UPI,Pune,Backpack,Regular
O00084,C0384,P009,2025-07-11,1,Fashion,3500,2200,20.0,3500,700.0,2800.0,2200,600.0,UPI,Chennai,Running Shoes,Regular
O00085,C0180,P011,2025-06-24,2,Fashion,2000,1200,0.0,4000,0.0,4000.0,2400,1600.0,Cash on Delivery,Kolkata,Hoodie,Regular
O00086,C0414,P013,2025-10-12,1,Beauty,850,500,5.0,850,42.5,807.5,500,307.5,UPI,Bengaluru,Face Serum,Regular
O00087,C0417,P003,2025-07-23,4,Electronics,2200,1400,15.0,8800,1320.0,7480.0,5600,1880.0,Credit Card,Pune,Bluetooth Speaker,Regular
O00088,C0313,P005,2025-06-13,1,Home,4200,2800,10.0,4200,420.0,3780.0,2800,980.0,Credit Card,Delhi,Coffee Maker,Regular
O00089,C0308,P008,2025-09-08,2,Home,1500,900,20.0,3000,600.0,2400.0,1800,600.0,Credit Card,Kolkata,Bedsheet Set,Premium
O00090,C0137,P006,2025-08-15,3,Home,4800,3200,5.0,14400,720.0,13680.0,9600,4080.0,UPI,Pune,Air Fryer,Premium
O00091,C0182,P004,2025-01-07,4,Electronics,1200,700,0.0,4800,0.0,4800.0,2800,2000.0,Debit Card,Mumbai,Power Bank,Regular
O00092,C0367,P008,2025-01-29,1,Home,1500,900,10.0,1500,150.0,1350.0,900,450.0,Debit Card,Pune,Bedsheet Set,Regular
O00093,C0001,P011,2025-02-02,1,Fashion,2000,1200,15.0,2000,300.0,1700.0,1200,500.0,Credit Card,Delhi,Hoodie,Regular
O00094,C0044,P003,2025-05-14,2,Electronics,2200,1400,10.0,4400,440.0,3960.0,2800,1160.0,Credit Card,Delhi,Bluetooth Speaker,Premium
O00095,C0227,P003,2025-03-20,1,Electronics,2200,1400,10.0,2200,220.0,1980.0,1400,580.0,UPI,Pune,Bluetooth Speaker,Budget
O00096,C0331,P004,2025-02-27,2,Electronics,1200,700,20.0,2400,480.0,1920.0,1400,520.0,UPI,Kolkata,Power Bank,Premium
O00097,C0098,P009,2025-01-26,2,Fashion,3500,2200,20.0,7000,1400.0,5600.0,4400,1200.0,UPI,Chennai,Running Shoes,Regular
O00098,C0208,P005,2025-08-14,3,Home,4200,2800,5.0,12600,630.0,11970.0,8400,3570.0,UPI,Hyderabad,Coffee Maker,Premium
O00099,C0265,P008,2025-10-12,2,Home,1500,900,10.0,3000,300.0,2700.0,1800,900.0,Cash on Delivery,Pune,Bedsheet Set,Budget
O00100,C0288,P006,2025-01-04,1,Home,4800,3200,10.0,4800,480.0,4320.0,3200,1120.0,Debit Card,Delhi,Air Fryer,Regular
O00101,C0271,P003,2025-04-09,4,Electronics,2200,1400,20.0,8800,1760.0,7040.0,5600,1440.0,Credit Card,Mumbai,Bluetooth Speaker,Premium
O00102,C0140,P015,2025-02-08,2,Beauty,2500,1600,25.0,5000,1250.0,3750.0,3200,550.0,Credit Card,Kolkata,Hair Dryer,Regular
O00103,C0481,P008,2025-09-28,1,Home,1500,900,5.0,1500,75.0,1425.0,900,525.0,UPI,Chennai,Bedsheet Set,Budget
O00104,C0237,P012,2025-10-12,2,Fashion,2100,1300,15.0,4200,630.0,3570.0,2600,970.0,Cash on Delivery,Kolkata,Jeans,Regular
O00105,C0462,P009,2025-06-06,4,Fashion,3500,2200,10.0,14000,1400.0,12600.0,8800,3800.0,UPI,Ahmedabad,Running Shoes,Budget
O00106,C0441,P008,2025-03-16,1,Home,1500,900,0.0,1500,0.0,1500.0,900,600.0,UPI,Mumbai,Bedsheet Set,Regular
O00107,C0392,P013,2025-10-15,4,Beauty,850,500,0.0,3400,0.0,3400.0,2000,1400.0,Credit Card,Kolkata,Face Serum,Regular
O00108,C0072,P004,2025-05-10,1,Electronics,1200,700,10.0,1200,120.0,1080.0,700,380.0,Debit Card,Pune,Power Bank,Regular
O00109,C0155,P014,2025-06-24,2,Beauty,1500,900,10.0,3000,300.0,2700.0,1800,900.0,Debit Card,Chennai,Skin Care Kit,Budget
O00110,C0190,P014,2025-03-25,2,Beauty,1500,900,0.0,3000,0.0,3000.0,1800,1200.0,UPI,Bengaluru,Skin Care Kit,Regular
O00111,C0268,P013,2025-01-22,3,Beauty,850,500,15.0,2550,382.5,2167.5,1500,667.5,Debit Card,Mumbai,Face Serum,Regular
O00112,C0321,P011,2025-01-27,3,Fashion,2000,1200,5.0,6000,300.0,5700.0,3600,2100.0,UPI,Chennai,Hoodie,Regular
O00113,C0107,P006,2025-07-14,4,Home,4800,3200,15.0,19200,2880.0,16320.0,12800,3520.0,UPI,Kolkata,Air Fryer,Budget
O00114,C0232,P001,2025-12-03,4,Electronics,2500,1800,10.0,10000,1000.0,9000.0,7200,1800.0,Debit Card,Chennai,Wireless Headphones,Regular
O00115,C0042,P004,2025-08-24,1,Electronics,1200,700,5.0,1200,60.0,1140.0,700,440.0,Debit Card,Hyderabad,Power Bank,Premium
O00116,C0190,P008,2025-04-02,2,Home,1500,900,10.0,3000,300.0,2700.0,1800,900.0,Credit Card,Bengaluru,Bedsheet Set,Regular
O00117,C0371,P001,2025-01-21,1,Electronics,2500,1800,5.0,2500,125.0,2375.0,1800,575.0,Credit Card,Ahmedabad,Wireless Headphones,Budget
O00118,C0139,P003,2025-10-30,3,Electronics,2200,1400,10.0,6600,660.0,5940.0,4200,1740.0,Debit Card,Mumbai,Bluetooth Speaker,Premium
O00119,C0103,P001,2025-12-23,1,Electronics,2500,1800,5.0,2500,125.0,2375.0,1800,575.0,Debit Card,Mumbai,Wireless Headphones,Regular
O00120,C0171,P009,2025-03-25,1,Fashion,3500,2200,10.0,3500,350.0,3150.0,2200,950.0,Debit Card,Bengaluru,Running Shoes,Regular
O00121,C0351,P002,2025-09-19,3,Electronics,5000,3500,5.0,15000,750.0,14250.0,10500,3750.0,Credit Card,Bengaluru,Smart Watch,Regular
O00122,C0273,P009,2025-05-27,3,Fashion,3500,2200,15.0,10500,1575.0,8925.0,6600,2325.0,Cash on Delivery,Ahmedabad,Running Shoes,Premium
O00123,C0481,P013,2025-09-14,2,Beauty,850,500,15.0,1700,255.0,1445.0,1000,445.0,Cash on Delivery,Chennai,Face Serum,Budget
O00124,C0416,P004,2025-02-27,1,Electronics,1200,700,0.0,1200,0.0,1200.0,700,500.0,UPI,Pune,Power Bank,Regular
O00125,C0221,P002,2025-01-15,1,Electronics,5000,3500,10.0,5000,500.0,4500.0,3500,1000.0,Debit Card,Mumbai,Smart Watch,Regular
O00126,C0213,P004,2025-06-11,1,Electronics,1200,700,0.0,1200,0.0,1200.0,700,500.0,Credit Card,Mumbai,Power Bank,Regular
O00127,C0341,P012,2025-06-12,2,Fashion,2100,1300,15.0,4200,630.0,3570.0,2600,970.0,UPI,Chennai,Jeans,Regular
O00128,C0424,P011,2025-11-16,3,Fashion,2000,1200,5.0,6000,300.0,5700.0,3600,2100.0,Credit Card,Chennai,Hoodie,Premium
O00129,C0407,P011,2025-10-08,1,Fashion,2000,1200,10.0,2000,200.0,1800.0,1200,600.0,UPI,Bengaluru,Hoodie,Budget
O00130,C0056,P010,2025-10-07,1,Fashion,1800,1000,10.0,1800,180.0,1620.0,1000,620.0,Credit Card,Pune,Backpack,Premium
O00131,C0390,P006,2025-01-12,2,Home,4800,3200,20.0,9600,1920.0,7680.0,6400,1280.0,Debit Card,Kolkata,Air Fryer,Premium
O00132,C0342,P015,2025-10-01,2,Beauty,2500,1600,10.0,5000,500.0,4500.0,3200,1300.0,UPI,Ahmedabad,Hair Dryer,Regular
O00133,C0434,P011,2025-09-28,1,Fashion,2000,1200,15.0,2000,300.0,1700.0,1200,500.0,UPI,Delhi,Hoodie,Regular
O00134,C0102,P007,2025-07-27,1,Home,1000,600,10.0,1000,100.0,900.0,600,300.0,Cash on Delivery,Pune,Table Lamp,Regular
O00135,C0421,P003,2025-01-27,2,Electronics,2200,1400,20.0,4400,880.0,3520.0,2800,720.0,UPI,Pune,Bluetooth Speaker,Premium
O00136,C0493,P003,2025-03-13,1,Electronics,2200,1400,15.0,2200,330.0,1870.0,1400,470.0,UPI,Mumbai,Bluetooth Speaker,Premium
O00137,C0192,P012,2025-03-01,1,Fashion,2100,1300,5.0,2100,105.0,1995.0,1300,695.0,UPI,Delhi,Jeans,Regular
O00138,C0499,P010,2025-05-25,1,Fashion,1800,1000,20.0,1800,360.0,1440.0,1000,440.0,Credit Card,Mumbai,Backpack,Budget
O00139,C0310,P012,2025-04-03,2,Fashion,2100,1300,10.0,4200,420.0,3780.0,2600,1180.0,Credit Card,Kolkata,Jeans,Premium
O00140,C0200,P008,2025-11-05,1,Home,1500,900,20.0,1500,300.0,1200.0,900,300.0,Debit Card,Pune,Bedsheet Set,Premium
O00141,C0233,P005,2025-01-08,3,Home,4200,2800,20.0,12600,2520.0,10080.0,8400,1680.0,Credit Card,Delhi,Coffee Maker,Regular
O00142,C0433,P004,2025-03-20,4,Electronics,1200,700,5.0,4800,240.0,4560.0,2800,1760.0,Debit Card,Chennai,Power Bank,Budget
O00143,C0227,P007,2025-01-27,1,Home,1000,600,15.0,1000,150.0,850.0,600,250.0,Credit Card,Pune,Table Lamp,Budget
O00144,C0371,P007,2025-06-23,4,Home,1000,600,5.0,4000,200.0,3800.0,2400,1400.0,UPI,Ahmedabad,Table Lamp,Budget
O00145,C0139,P013,2025-02-19,2,Beauty,850,500,5.0,1700,85.0,1615.0,1000,615.0,Credit Card,Mumbai,Face Serum,Premium
O00146,C0344,P009,2025-07-18,1,Fashion,3500,2200,5.0,3500,175.0,3325.0,2200,1125.0,Debit Card,Delhi,Running Shoes,Regular
O00147,C0305,P009,2025-12-15,2,Fashion,3500,2200,15.0,7000,1050.0,5950.0,4400,1550.0,Credit Card,Ahmedabad,Running Shoes,Regular
O00148,C0149,P005,2025-06-30,2,Home,4200,2800,5.0,8400,420.0,7980.0,5600,2380.0,UPI,Mumbai,Coffee Maker,Regular
O00149,C0115,P013,2025-01-24,1,Beauty,850,500,0.0,850,0.0,850.0,500,350.0,UPI,Kolkata,Face Serum,Premium
O00150,C0450,P012,2025-11-12,2,Fashion,2100,1300,15.0,4200,630.0,3570.0,2600,970.0,UPI,Mumbai,Jeans,Premium
O00151,C0063,P013,2025-02-15,1,Beauty,850,500,5.0,850,42.5,807.5,500,307.5,UPI,Delhi,Face Serum,Regular
O00152,C0104,P008,2025-01-15,1,Home,1500,900,0.0,1500,0.0,1500.0,900,600.0,Credit Card,Chennai,Bedsheet Set,Budget
O00153,C0339,P010,2025-06-02,3,Fashion,1800,1000,5.0,5400,270.0,5130.0,3000,2130.0,UPI,Bengaluru,Backpack,Regular
O00154,C0359,P001,2025-08-10,2,Electronics,2500,1800,10.0,5000,500.0,4500.0,3600,900.0,Debit Card,Ahmedabad,Wireless Headphones,Regular
O00155,C0156,P009,2025-07-25,2,Fashion,3500,2200,10.0,7000,700.0,6300.0,4400,1900.0,UPI,Delhi,Running Shoes,Premium
O00156,C0273,P008,2025-09-30,1,Home,1500,900,0.0,1500,0.0,1500.0,900,600.0,UPI,Ahmedabad,Bedsheet Set,Premium
O00157,C0006,P006,2025-08-24,2,Home,4800,3200,25.0,9600,2400.0,7200.0,6400,800.0,Credit Card,Kolkata,Air Fryer,Premium
O00158,C0147,P013,2025-12-06,1,Beauty,850,500,15.0,850,127.5,722.5,500,222.5,UPI,Kolkata,Face Serum,Regular
O00159,C0184,P003,2025-08-16,2,Electronics,2200,1400,10.0,4400,440.0,3960.0,2800,1160.0,Debit Card,Chennai,Bluetooth Speaker,Budget
O00160,C0486,P003,2025-01-09,1,Electronics,2200,1400,10.0,2200,220.0,1980.0,1400,580.0,UPI,Delhi,Bluetooth Speaker,Regular
O00161,C0028,P008,2025-06-15,1,Home,1500,900,10.0,1500,150.0,1350.0,900,450.0,UPI,Bengaluru,Bedsheet Set,Regular
O00162,C0450,P005,2025-11-15,1,Home,4200,2800,15.0,4200,630.0,3570.0,2800,770.0,Debit Card,Mumbai,Coffee Maker,Premium
O00163,C0038,P010,2025-08-02,2,Fashion,1800,1000,0.0,3600,0.0,3600.0,2000,1600.0,Credit Card,Hyderabad,Backpack,Budget
O00164,C0119,P011,2025-04-27,1,Fashion,2000,1200,5.0,2000,100.0,1900.0,1200,700.0,UPI,Chennai,Hoodie,Regular
O00165,C0293,P014,2025-12-10,3,Beauty,1500,900,20.0,4500,900.0,3600.0,2700,900.0,UPI,Chennai,Skin Care Kit,Regular
O00166,C0371,P007,2025-03-13,1,Home,1000,600,5.0,1000,50.0,950.0,600,350.0,Debit Card,Ahmedabad,Table Lamp,Budget
O00167,C0244,P005,2025-03-05,2,Home,4200,2800,10.0,8400,840.0,7560.0,5600,1960.0,Cash on Delivery,Bengaluru,Coffee Maker,Regular
O00168,C0068,P008,2025-07-24,1,Home,1500,900,20.0,1500,300.0,1200.0,900,300.0,Debit Card,Delhi,Bedsheet Set,Premium
O00169,C0214,P010,2025-07-28,1,Fashion,1800,1000,15.0,1800,270.0,1530.0,1000,530.0,UPI,Hyderabad,Backpack,Regular
O00170,C0218,P010,2025-03-13,4,Fashion,1800,1000,10.0,7200,720.0,6480.0,4000,2480.0,Cash on Delivery,Kolkata,Backpack,Regular
O00171,C0177,P004,2025-10-04,1,Electronics,1200,700,15.0,1200,180.0,1020.0,700,320.0,UPI,Mumbai,Power Bank,Regular
O00172,C0299,P002,2025-10-01,3,Electronics,5000,3500,0.0,15000,0.0,15000.0,10500,4500.0,UPI,Pune,Smart Watch,Regular
O00173,C0164,P003,2025-11-16,2,Electronics,2200,1400,15.0,4400,660.0,3740.0,2800,940.0,Debit Card,Ahmedabad,Bluetooth Speaker,Premium
O00174,C0058,P008,2025-12-04,2,Home,1500,900,10.0,3000,300.0,2700.0,1800,900.0,UPI,Ahmedabad,Bedsheet Set,Regular
O00175,C0269,P015,2025-04-05,1,Beauty,2500,1600,20.0,2500,500.0,2000.0,1600,400.0,UPI,Bengaluru,Hair Dryer,Premium
O00176,C0308,P011,2025-06-15,4,Fashion,2000,1200,25.0,8000,2000.0,6000.0,4800,1200.0,UPI,Kolkata,Hoodie,Premium
O00177,C0058,P013,2025-02-01,1,Beauty,850,500,20.0,850,170.0,680.0,500,180.0,UPI,Ahmedabad,Face Serum,Regular
O00178,C0288,P007,2025-01-11,1,Home,1000,600,20.0,1000,200.0,800.0,600,200.0,Debit Card,Delhi,Table Lamp,Regular
O00179,C0465,P013,2025-10-28,2,Beauty,850,500,10.0,1700,170.0,1530.0,1000,530.0,Credit Card,Delhi,Face Serum,Regular
O00180,C0105,P002,2025-08-05,3,Electronics,5000,3500,10.0,15000,1500.0,13500.0,10500,3000.0,UPI,Hyderabad,Smart Watch,Regular
O00181,C0228,P006,2025-10-16,3,Home,4800,3200,10.0,14400,1440.0,12960.0,9600,3360.0,Credit Card,Pune,Air Fryer,Budget
O00182,C0247,P009,2025-04-12,1,Fashion,3500,2200,15.0,3500,525.0,2975.0,2200,775.0,Cash on Delivery,Kolkata,Running Shoes,Regular
O00183,C0188,P015,2025-09-24,2,Beauty,2500,1600,20.0,5000,1000.0,4000.0,3200,800.0,Debit Card,Kolkata,Hair Dryer,Regular
O00184,C0494,P004,2025-08-02,4,Electronics,1200,700,5.0,4800,240.0,4560.0,2800,1760.0,UPI,Kolkata,Power Bank,Regular
O00185,C0083,P009,2025-06-28,1,Fashion,3500,2200,20.0,3500,700.0,2800.0,2200,600.0,Cash on Delivery,Pune,Running Shoes,Premium
O00186,C0186,P002,2025-03-29,1,Electronics,5000,3500,20.0,5000,1000.0,4000.0,3500,500.0,Debit Card,Bengaluru,Smart Watch,Regular
O00187,C0252,P002,2025-02-10,1,Electronics,5000,3500,25.0,5000,1250.0,3750.0,3500,250.0,UPI,Delhi,Smart Watch,Regular
O00188,C0355,P009,2025-03-17,1,Fashion,3500,2200,20.0,3500,700.0,2800.0,2200,600.0,UPI,Hyderabad,Running Shoes,Budget
O00189,C0238,P012,2025-02-15,4,Fashion,2100,1300,5.0,8400,420.0,7980.0,5200,2780.0,UPI,Mumbai,Jeans,Regular
O00190,C0360,P007,2025-06-09,1,Home,1000,600,0.0,1000,0.0,1000.0,600,400.0,Debit Card,Kolkata,Table Lamp,Regular
O00191,C0184,P007,2025-03-21,3,Home,1000,600,0.0,3000,0.0,3000.0,1800,1200.0,UPI,Chennai,Table Lamp,Budget
O00192,C0284,P001,2025-11-06,1,Electronics,2500,1800,5.0,2500,125.0,2375.0,1800,575.0,Credit Card,Kolkata,Wireless Headphones,Regular
O00193,C0385,P013,2025-03-27,1,Beauty,850,500,15.0,850,127.5,722.5,500,222.5,UPI,Bengaluru,Face Serum,Budget
O00194,C0426,P011,2025-04-02,3,Fashion,2000,1200,20.0,6000,1200.0,4800.0,3600,1200.0,Cash on Delivery,Pune,Hoodie,Regular
O00195,C0210,P006,2025-05-28,4,Home,4800,3200,20.0,19200,3840.0,15360.0,12800,2560.0,UPI,Hyderabad,Air Fryer,Premium
O00196,C0304,P013,2025-06-10,4,Beauty,850,500,15.0,3400,510.0,2890.0,2000,890.0,Cash on Delivery,Ahmedabad,Face Serum,Regular
O00197,C0296,P007,2025-07-21,2,Home,1000,600,10.0,2000,0.0,2000.0,1200,800.0,Cash on Delivery,Mumbai,Table Lamp,Budget
O00198,C0097,P011,2025-08-30,3,Fashion,2000,1200,5.0,6000,300.0,5700.0,3600,2100.0,UPI,Pune,Hoodie,Regular
O00199,C0447,P014,2025-12-19,3,Beauty,1500,900,0.0,4500,0.0,4500.0,2700,1800.0,Credit Card,Kolkata,Skin Care Kit,Budget
O00200,C0460,P006,2025-01-02,4,Home,4800,3200,10.0,19200,1920.0,17280.0,12800,4480.0,UPI,Kolkata,Air Fryer,Budget
O00201,C0456,P006,2025-08-13,3,Home,4800,3200,10.0,14400,1440.0,12960.0,9600,3360.0,Cash on Delivery,Bengaluru,Air Fryer,Regular
O00202,C0472,P002,2025-10-16,2,Electronics,5000,3500,0.0,10000,0.0,10000.0,7000,3000.0,Credit Card,Delhi,Smart Watch,Regular
O00203,C0208,P006,2025-08-21,2,Home,4800,3200,10.0,9600,960.0,8640.0,6400,2240.0,UPI,Hyderabad,Air Fryer,Premium
O00204,C0370,P004,2025-03-18,1,Electronics,1200,700,5.0,1200,60.0,1140.0,700,440.0,UPI,Delhi,Power Bank,Budget
O00205,C0388,P009,2025-04-26,1,Fashion,3500,2200,15.0,3500,525.0,2975.0,2200,775.0,UPI,Bengaluru,Running Shoes,Budget
O00206,C0422,P015,2025-06-03,1,Beauty,2500,1600,10.0,2500,250.0,2250.0,1600,650.0,Cash on Delivery,Chennai,Hair Dryer,Regular
O00207,C0492,P012,2025-04-13,1,Fashion,2100,1300,10.0,2100,210.0,1890.0,1300,590.0,Credit Card,Ahmedabad,Jeans,Regular
O00208,C0411,P001,2025-07-13,1,Electronics,2500,1800,10.0,2500,250.0,2250.0,1800,450.0,Debit Card,Delhi,Wireless Headphones,Budget
O00209,C0137,P013,2025-06-15,3,Beauty,850,500,25.0,2550,637.5,1912.5,1500,412.5,UPI,Pune,Face Serum,Premium
O00210,C0367,P008,2025-12-25,1,Home,1500,900,5.0,1500,75.0,1425.0,900,525.0,UPI,Pune,Bedsheet Set,Regular
O00211,C0400,P005,2025-03-31,1,Home,4200,2800,10.0,4200,420.0,3780.0,2800,980.0,Cash on Delivery,Hyderabad,Coffee Maker,Premium
O00212,C0184,P001,2025-06-23,1,Electronics,2500,1800,15.0,2500,375.0,2125.0,1800,325.0,UPI,Chennai,Wireless Headphones,Budget
O00213,C0076,P004,2025-05-02,1,Electronics,1200,700,15.0,1200,180.0,1020.0,700,320.0,Cash on Delivery,Kolkata,Power Bank,Budget
O00214,C0287,P001,2025-05-23,1,Electronics,2500,1800,20.0,2500,500.0,2000.0,1800,200.0,UPI,Pune,Wireless Headphones,Premium
O00215,C0472,P006,2025-04-16,4,Home,4800,3200,10.0,19200,1920.0,17280.0,12800,4480.0,UPI,Delhi,Air Fryer,Regular
O00216,C0375,P002,2025-11-01,2,Electronics,5000,3500,10.0,10000,1000.0,9000.0,7000,2000.0,Credit Card,Hyderabad,Smart Watch,Regular
O00217,C0142,P015,2025-12-26,4,Beauty,2500,1600,0.0,10000,0.0,10000.0,6400,3600.0,Cash on Delivery,Bengaluru,Hair Dryer,Regular
O00218,C0237,P005,2025-11-13,3,Home,4200,2800,15.0,12600,1890.0,10710.0,8400,2310.0,Cash on Delivery,Kolkata,Coffee Maker,Regular
O00219,C0025,P007,2025-05-03,3,Home,1000,600,5.0,3000,150.0,2850.0,1800,1050.0,UPI,Chennai,Table Lamp,Regular
O00220,C0290,P002,2025-01-09,3,Electronics,5000,3500,5.0,15000,750.0,14250.0,10500,3750.0,UPI,Bengaluru,Smart Watch,Budget
O00221,C0067,P006,2025-09-19,2,Home,4800,3200,10.0,9600,960.0,8640.0,6400,2240.0,Credit Card,Kolkata,Air Fryer,Regular
O00222,C0250,P006,2025-03-14,1,Home,4800,3200,10.0,4800,480.0,4320.0,3200,1120.0,Credit Card,Chennai,Air Fryer,Budget
O00223,C0408,P005,2025-12-25,2,Home,4200,2800,0.0,8400,0.0,8400.0,5600,2800.0,Debit Card,Bengaluru,Coffee Maker,Regular
O00224,C0118,P005,2025-08-11,1,Home,4200,2800,15.0,4200,630.0,3570.0,2800,770.0,UPI,Hyderabad,Coffee Maker,Premium
O00225,C0490,P014,2025-02-10,2,Beauty,1500,900,15.0,3000,450.0,2550.0,1800,750.0,Cash on Delivery,Bengaluru,Skin Care Kit,Regular
O00226,C0073,P003,2025-07-23,1,Electronics,2200,1400,5.0,2200,110.0,2090.0,1400,690.0,Credit Card,Bengaluru,Bluetooth Speaker,Regular
O00227,C0282,P015,2025-09-21,1,Beauty,2500,1600,10.0,2500,250.0,2250.0,1600,650.0,Debit Card,Bengaluru,Hair Dryer,Premium
O00228,C0404,P010,2025-11-24,4,Fashion,1800,1000,15.0,7200,1080.0,6120.0,4000,2120.0,Credit Card,Mumbai,Backpack,Premium
O00229,C0448,P015,2025-06-27,1,Beauty,2500,1600,10.0,2500,250.0,2250.0,1600,650.0,UPI,Ahmedabad,Hair Dryer,Regular
O00230,C0360,P010,2025-12-14,1,Fashion,1800,1000,10.0,1800,180.0,1620.0,1000,620.0,Cash on Delivery,Kolkata,Backpack,Regular
O00231,C0010,P011,2025-11-14,4,Fashion,2000,1200,10.0,8000,800.0,7200.0,4800,2400.0,Credit Card,Hyderabad,Hoodie,Regular
O00232,C0211,P012,2025-03-25,1,Fashion,2100,1300,15.0,2100,315.0,1785.0,1300,485.0,Debit Card,Hyderabad,Jeans,Regular
O00233,C0323,P002,2025-11-14,2,Electronics,5000,3500,20.0,10000,2000.0,8000.0,7000,1000.0,Cash on Delivery,Pune,Smart Watch,Regular
O00234,C0152,P007,2025-04-21,4,Home,1000,600,15.0,4000,600.0,3400.0,2400,1000.0,Credit Card,Mumbai,Table Lamp,Premium
O00235,C0005,P001,2025-09-08,2,Electronics,2500,1800,0.0,5000,0.0,5000.0,3600,1400.0,Credit Card,Ahmedabad,Wireless Headphones,Premium
O00236,C0195,P006,2025-01-07,2,Home,4800,3200,10.0,9600,960.0,8640.0,6400,2240.0,UPI,Ahmedabad,Air Fryer,Budget
O00237,C0442,P006,2025-03-25,1,Home,4800,3200,20.0,4800,960.0,3840.0,3200,640.0,UPI,Chennai,Air Fryer,Budget
O00238,C0283,P003,2025-07-27,2,Electronics,2200,1400,0.0,4400,0.0,4400.0,2800,1600.0,UPI,Pune,Bluetooth Speaker,Regular
O00239,C0464,P002,2025-11-10,1,Electronics,5000,3500,25.0,5000,1250.0,3750.0,3500,250.0,UPI,Chennai,Smart Watch,Regular
O00240,C0113,P012,2025-01-22,2,Fashion,2100,1300,20.0,4200,840.0,3360.0,2600,760.0,UPI,Chennai,Jeans,Regular
O00241,C0271,P002,2025-01-03,2,Electronics,5000,3500,0.0,10000,0.0,10000.0,7000,3000.0,UPI,Mumbai,Smart Watch,Premium
O00242,C0163,P014,2025-05-07,1,Beauty,1500,900,20.0,1500,300.0,1200.0,900,300.0,UPI,Pune,Skin Care Kit,Regular
O00243,C0460,P013,2025-10-24,1,Beauty,850,500,10.0,850,85.0,765.0,500,265.0,UPI,Kolkata,Face Serum,Budget
O00244,C0105,P009,2025-07-07,2,Fashion,3500,2200,20.0,7000,1400.0,5600.0,4400,1200.0,UPI,Hyderabad,Running Shoes,Regular
O00245,C0181,P011,2025-12-28,1,Fashion,2000,1200,10.0,2000,200.0,1800.0,1200,600.0,UPI,Kolkata,Hoodie,Regular
O00246,C0044,P005,2025-01-14,2,Home,4200,2800,10.0,8400,840.0,7560.0,5600,1960.0,Credit Card,Delhi,Coffee Maker,Premium
O00247,C0282,P007,2025-01-12,1,Home,1000,600,15.0,1000,150.0,850.0,600,250.0,Credit Card,Bengaluru,Table Lamp,Premium
O00248,C0175,P012,2025-03-28,2,Fashion,2100,1300,15.0,4200,630.0,3570.0,2600,970.0,UPI,Delhi,Jeans,Premium
O00249,C0162,P005,2025-01-12,1,Home,4200,2800,0.0,4200,0.0,4200.0,2800,1400.0,Credit Card,Kolkata,Coffee Maker,Premium
O00250,C0471,P007,2025-01-25,4,Home,1000,600,15.0,4000,600.0,3400.0,2400,1000.0,Debit Card,Pune,Table Lamp,Regular
O00251,C0351,P013,2025-10-28,2,Beauty,850,500,5.0,1700,85.0,1615.0,1000,615.0,UPI,Bengaluru,Face Serum,Regular
O00252,C0434,P004,2025-08-31,2,Electronics,1200,700,10.0,2400,240.0,2160.0,1400,760.0,Credit Card,Delhi,Power Bank,Regular
O00253,C0340,P008,2025-05-02,1,Home,1500,900,10.0,1500,150.0,1350.0,900,450.0,Cash on Delivery,Kolkata,Bedsheet Set,Premium
O00254,C0140,P013,2025-05-27,2,Beauty,850,500,10.0,1700,170.0,1530.0,1000,530.0,Debit Card,Kolkata,Face Serum,Regular
O00255,C0471,P011,2025-02-24,2,Fashion,2000,1200,10.0,4000,400.0,3600.0,2400,1200.0,UPI,Pune,Hoodie,Regular
O00256,C0132,P014,2025-08-26,2,Beauty,1500,900,0.0,3000,0.0,3000.0,1800,1200.0,Credit Card,Chennai,Skin Care Kit,Regular
O00257,C0087,P010,2025-12-22,1,Fashion,1800,1000,0.0,1800,0.0,1800.0,1000,800.0,UPI,Pune,Backpack,Regular
O00258,C0176,P013,2025-06-22,2,Beauty,850,500,0.0,1700,0.0,1700.0,1000,700.0,Credit Card,Kolkata,Face Serum,Regular
O00259,C0183,P011,2025-08-09,2,Fashion,2000,1200,10.0,4000,400.0,3600.0,2400,1200.0,Cash on Delivery,Pune,Hoodie,Regular
O00260,C0368,P010,2025-04-29,4,Fashion,1800,1000,25.0,7200,1800.0,5400.0,4000,1400.0,Credit Card,Pune,Backpack,Regular
O00261,C0129,P007,2025-11-05,1,Home,1000,600,0.0,1000,0.0,1000.0,600,400.0,Cash on Delivery,Pune,Table Lamp,Regular
O00262,C0246,P010,2025-07-02,2,Fashion,1800,1000,20.0,3600,720.0,2880.0,2000,880.0,UPI,Pune,Backpack,Regular
O00263,C0089,P015,2025-10-15,1,Beauty,2500,1600,15.0,2500,375.0,2125.0,1600,525.0,Cash on Delivery,Delhi,Hair Dryer,Regular
O00264,C0066,P005,2025-11-03,1,Home,4200,2800,15.0,4200,630.0,3570.0,2800,770.0,Credit Card,Chennai,Coffee Maker,Budget
O00265,C0158,P011,2025-10-27,4,Fashion,2000,1200,15.0,8000,1200.0,6800.0,4800,2000.0,UPI,Pune,Hoodie,Budget
O00266,C0387,P006,2025-03-23,1,Home,4800,3200,20.0,4800,960.0,3840.0,3200,640.0,Credit Card,Ahmedabad,Air Fryer,Regular
O00267,C0378,P005,2025-07-30,4,Home,4200,2800,0.0,16800,0.0,16800.0,11200,5600.0,UPI,Pune,Coffee Maker,Regular
O00268,C0149,P007,2025-05-30,1,Home,1000,600,10.0,1000,100.0,900.0,600,300.0,UPI,Mumbai,Table Lamp,Regular
O00269,C0473,P012,2025-02-06,1,Fashion,2100,1300,15.0,2100,315.0,1785.0,1300,485.0,Debit Card,Chennai,Jeans,Premium
O00270,C0340,P002,2025-12-18,1,Electronics,5000,3500,15.0,5000,750.0,4250.0,3500,750.0,UPI,Kolkata,Smart Watch,Premium
O00271,C0433,P005,2025-11-08,2,Home,4200,2800,20.0,8400,1680.0,6720.0,5600,1120.0,Debit Card,Chennai,Coffee Maker,Budget
O00272,C0116,P015,2025-12-27,1,Beauty,2500,1600,0.0,2500,0.0,2500.0,1600,900.0,UPI,Bengaluru,Hair Dryer,Regular
O00273,C0214,P010,2025-02-28,4,Fashion,1800,1000,15.0,7200,1080.0,6120.0,4000,2120.0,UPI,Hyderabad,Backpack,Regular
O00274,C0469,P015,2025-05-11,1,Beauty,2500,1600,10.0,2500,250.0,2250.0,1600,650.0,Cash on Delivery,Ahmedabad,Hair Dryer,Budget
O00275,C0446,P003,2025-07-21,2,Electronics,2200,1400,10.0,4400,440.0,3960.0,2800,1160.0,UPI,Bengaluru,Bluetooth Speaker,Regular
O00276,C0481,P009,2025-08-31,1,Fashion,3500,2200,10.0,3500,350.0,3150.0,2200,950.0,Credit Card,Chennai,Running Shoes,Budget
O00277,C0372,P013,2025-02-04,1,Beauty,850,500,15.0,850,127.5,722.5,500,222.5,Credit Card,Mumbai,Face Serum,Regular
O00278,C0294,P006,2025-04-03,1,Home,4800,3200,20.0,4800,960.0,3840.0,3200,640.0,Credit Card,Mumbai,Air Fryer,Regular
O00279,C0253,P013,2025-07-26,2,Beauty,850,500,10.0,1700,170.0,1530.0,1000,530.0,Cash on Delivery,Ahmedabad,Face Serum,Premium
O00280,C0143,P010,2025-12-19,1,Fashion,1800,1000,20.0,1800,360.0,1440.0,1000,440.0,Credit Card,Pune,Backpack,Regular
O00281,C0250,P003,2025-11-28,2,Electronics,2200,1400,10.0,4400,440.0,3960.0,2800,1160.0,UPI,Chennai,Bluetooth Speaker,Budget
O00282,C0366,P007,2025-11-01,1,Home,1000,600,0.0,1000,0.0,1000.0,600,400.0,Debit Card,Mumbai,Table Lamp,Budget
O00283,C0436,P004,2025-12-16,1,Electronics,1200,700,0.0,1200,0.0,1200.0,700,500.0,UPI,Bengaluru,Power Bank,Premium
O00284,C0463,P014,2025-08-01,2,Beauty,1500,900,0.0,3000,0.0,3000.0,1800,1200.0,Credit Card,Chennai,Skin Care Kit,Budget
O00285,C0302,P003,2025-06-08,2,Electronics,2200,1400,10.0,4400,440.0,3960.0,2800,1160.0,Cash on Delivery,Mumbai,Bluetooth Speaker,Budget
O00286,C0025,P008,2025-01-24,2,Home,1500,900,10.0,3000,300.0,2700.0,1800,900.0,Credit Card,Chennai,Bedsheet Set,Regular
O00287,C0277,P013,2025-10-20,1,Beauty,850,500,15.0,850,127.5,722.5,500,222.5,Debit Card,Mumbai,Face Serum,Premium
O00288,C0472,P004,2025-01-04,1,Electronics,1200,700,15.0,1200,180.0,1020.0,700,320.0,Credit Card,Delhi,Power Bank,Regular
O00289,C0377,P011,2025-08-08,2,Fashion,2000,1200,0.0,4000,0.0,4000.0,2400,1600.0,Debit Card,Ahmedabad,Hoodie,Budget
O00290,C0378,P001,2025-12-30,1,Electronics,2500,1800,5.0,2500,125.0,2375.0,1800,575.0,Cash on Delivery,Pune,Wireless Headphones,Regular
O00291,C0389,P006,2025-01-20,3,Home,4800,3200,5.0,14400,720.0,13680.0,9600,4080.0,UPI,Bengaluru,Air Fryer,Regular
O00292,C0070,P010,2025-06-01,1,Fashion,1800,1000,10.0,1800,180.0,1620.0,1000,620.0,UPI,Bengaluru,Backpack,Premium
O00293,C0113,P011,2025-02-19,1,Fashion,2000,1200,0.0,2000,0.0,2000.0,1200,800.0,Credit Card,Chennai,Hoodie,Regular
O00294,C0363,P011,2025-06-26,1,Fashion,2000,1200,0.0,2000,0.0,2000.0,1200,800.0,Debit Card,Kolkata,Hoodie,Budget
O00295,C0112,P001,2025-04-06,3,Electronics,2500,1800,20.0,7500,1500.0,6000.0,5400,600.0,UPI,Hyderabad,Wireless Headphones,Regular
O00296,C0364,P005,2025-04-15,1,Home,4200,2800,20.0,4200,840.0,3360.0,2800,560.0,UPI,Delhi,Coffee Maker,Premium
O00297,C0303,P007,2025-09-07,4,Home,1000,600,5.0,4000,200.0,3800.0,2400,1400.0,UPI,Mumbai,Table Lamp,Regular
O00298,C0471,P015,2025-04-27,2,Beauty,2500,1600,10.0,5000,500.0,4500.0,3200,1300.0,Cash on Delivery,Pune,Hair Dryer,Regular
O00299,C0452,P006,2025-12-20,1,Home,4800,3200,10.0,4800,480.0,4320.0,3200,1120.0,Credit Card,Hyderabad,Air Fryer,Regular
O00300,C0091,P014,2025-08-16,4,Beauty,1500,900,15.0,6000,900.0,5100.0,3600,1500.0,UPI,Delhi,Skin Care Kit,Premium
O00301,C0018,P002,2025-03-07,2,Electronics,5000,3500,10.0,10000,1000.0,9000.0,7000,2000.0,UPI,Chennai,Smart Watch,Premium
O00302,C0149,P011,2025-12-01,2,Fashion,2000,1200,0.0,4000,0.0,4000.0,2400,1600.0,UPI,Mumbai,Hoodie,Regular
O00303,C0476,P004,2025-09-19,2,Electronics,1200,700,15.0,2400,360.0,2040.0,1400,640.0,UPI,Bengaluru,Power Bank,Budget
O00304,C0227,P011,2025-10-22,1,Fashion,2000,1200,10.0,2000,200.0,1800.0,1200,600.0,UPI,Pune,Hoodie,Budget
O00305,C0214,P015,2025-08-31,4,Beauty,2500,1600,5.0,10000,500.0,9500.0,6400,3100.0,Cash on Delivery,Hyderabad,Hair Dryer,Regular
O00306,C0360,P002,2025-07-05,2,Electronics,5000,3500,10.0,10000,1000.0,9000.0,7000,2000.0,Cash on Delivery,Kolkata,Smart Watch,Regular
O00307,C0151,P011,2025-09-03,1,Fashion,2000,1200,10.0,2000,200.0,1800.0,1200,600.0,UPI,Ahmedabad,Hoodie,Regular
O00308,C0192,P001,2025-05-05,1,Electronics,2500,1800,10.0,2500,250.0,2250.0,1800,450.0,UPI,Delhi,Wireless Headphones,Regular
O00309,C0451,P015,2025-09-25,1,Beauty,2500,1600,5.0,2500,125.0,2375.0,1600,775.0,UPI,Delhi,Hair Dryer,Premium
O00310,C0040,P003,2025-05-11,1,Electronics,2200,1400,10.0,2200,220.0,1980.0,1400,580.0,Credit Card,Kolkata,Bluetooth Speaker,Regular
O00311,C0242,P003,2025-08-25,3,Electronics,2200,1400,0.0,6600,0.0,6600.0,4200,2400.0,UPI,Chennai,Bluetooth Speaker,Regular
O00312,C0138,P015,2025-01-18,1,Beauty,2500,1600,15.0,2500,375.0,2125.0,1600,525.0,UPI,Kolkata,Hair Dryer,Premium
O00313,C0345,P012,2025-02-09,1,Fashion,2100,1300,5.0,2100,105.0,1995.0,1300,695.0,UPI,Chennai,Jeans,Premium
O00314,C0180,P007,2025-01-21,2,Home,1000,600,0.0,2000,0.0,2000.0,1200,800.0,Debit Card,Kolkata,Table Lamp,Regular
O00315,C0497,P001,2025-08-13,4,Electronics,2500,1800,15.0,10000,1500.0,8500.0,7200,1300.0,Debit Card,Delhi,Wireless Headphones,Regular
O00316,C0200,P009,2025-12-21,4,Fashion,3500,2200,15.0,14000,2100.0,11900.0,8800,3100.0,Credit Card,Pune,Running Shoes,Premium
O00317,C0203,P011,2025-10-09,2,Fashion,2000,1200,20.0,4000,800.0,3200.0,2400,800.0,UPI,Hyderabad,Hoodie,Regular
O00318,C0061,P006,2025-01-08,1,Home,4800,3200,10.0,4800,480.0,4320.0,3200,1120.0,Cash on Delivery,Pune,Air Fryer,Regular
O00319,C0192,P004,2025-04-10,1,Electronics,1200,700,5.0,1200,60.0,1140.0,700,440.0,Cash on Delivery,Delhi,Power Bank,Regular
O00320,C0005,P003,2025-08-28,2,Electronics,2200,1400,15.0,4400,660.0,3740.0,2800,940.0,UPI,Ahmedabad,Bluetooth Speaker,Premium
O00321,C0378,P015,2025-03-28,2,Beauty,2500,1600,15.0,5000,750.0,4250.0,3200,1050.0,UPI,Pune,Hair Dryer,Regular
O00322,C0237,P003,2025-10-25,3,Electronics,2200,1400,5.0,6600,330.0,6270.0,4200,2070.0,Credit Card,Kolkata,Bluetooth Speaker,Regular
O00323,C0181,P002,2025-01-14,1,Electronics,5000,3500,20.0,5000,1000.0,4000.0,3500,500.0,UPI,Kolkata,Smart Watch,Regular
O00324,C0311,P002,2025-11-30,3,Electronics,5000,3500,0.0,15000,0.0,15000.0,10500,4500.0,UPI,Delhi,Smart Watch,Regular
O00325,C0037,P014,2025-01-02,1,Beauty,1500,900,25.0,1500,375.0,1125.0,900,225.0,Credit Card,Kolkata,Skin Care Kit,Budget
O00326,C0056,P012,2025-10-20,3,Fashion,2100,1300,20.0,6300,1260.0,5040.0,3900,1140.0,Credit Card,Pune,Jeans,Premium
O00327,C0443,P013,2025-11-21,3,Beauty,850,500,15.0,2550,382.5,2167.5,1500,667.5,UPI,Kolkata,Face Serum,Budget
O00328,C0237,P010,2025-02-10,1,Fashion,1800,1000,20.0,1800,360.0,1440.0,1000,440.0,Credit Card,Kolkata,Backpack,Regular
O00329,C0358,P005,2025-11-14,1,Home,4200,2800,15.0,4200,630.0,3570.0,2800,770.0,Cash on Delivery,Mumbai,Coffee Maker,Regular
O00330,C0349,P009,2025-11-12,1,Fashion,3500,2200,5.0,3500,175.0,3325.0,2200,1125.0,UPI,Chennai,Running Shoes,Premium
O00331,C0197,P002,2025-04-21,3,Electronics,5000,3500,10.0,15000,1500.0,13500.0,10500,3000.0,Credit Card,Hyderabad,Smart Watch,Premium
O00332,C0073,P002,2025-01-14,2,Electronics,5000,3500,0.0,10000,0.0,10000.0,7000,3000.0,UPI,Bengaluru,Smart Watch,Regular
O00333,C0059,P012,2025-08-19,1,Fashion,2100,1300,10.0,2100,210.0,1890.0,1300,590.0,UPI,Mumbai,Jeans,Regular
O00334,C0240,P006,2025-03-25,2,Home,4800,3200,15.0,9600,1440.0,8160.0,6400,1760.0,Credit Card,Delhi,Air Fryer,Premium
O00335,C0002,P013,2025-05-10,3,Beauty,850,500,10.0,2550,255.0,2295.0,1500,795.0,UPI,Mumbai,Face Serum,Regular
O00336,C0449,P015,2025-08-19,1,Beauty,2500,1600,10.0,2500,250.0,2250.0,1600,650.0,UPI,Pune,Hair Dryer,Budget
O00337,C0360,P010,2025-11-22,2,Fashion,1800,1000,15.0,3600,540.0,3060.0,2000,1060.0,UPI,Kolkata,Backpack,Regular
O00338,C0188,P002,2025-05-25,4,Electronics,5000,3500,20.0,20000,4000.0,16000.0,14000,2000.0,Credit Card,Kolkata,Smart Watch,Regular
O00339,C0307,P012,2025-12-11,1,Fashion,2100,1300,0.0,2100,0.0,2100.0,1300,800.0,Debit Card,Hyderabad,Jeans,Budget
O00340,C0030,P004,2025-01-28,3,Electronics,1200,700,10.0,3600,360.0,3240.0,2100,1140.0,UPI,Hyderabad,Power Bank,Budget
O00341,C0267,P006,2025-03-07,4,Home,4800,3200,5.0,19200,960.0,18240.0,12800,5440.0,Credit Card,Delhi,Air Fryer,Regular
O00342,C0476,P005,2025-06-12,1,Home,4200,2800,15.0,4200,630.0,3570.0,2800,770.0,UPI,Bengaluru,Coffee Maker,Budget
O00343,C0108,P001,2025-08-17,1,Electronics,2500,1800,0.0,2500,0.0,2500.0,1800,700.0,Credit Card,Kolkata,Wireless Headphones,Premium
O00344,C0332,P015,2025-09-18,2,Beauty,2500,1600,15.0,5000,750.0,4250.0,3200,1050.0,UPI,Kolkata,Hair Dryer,Regular
O00345,C0423,P006,2025-06-13,2,Home,4800,3200,5.0,9600,480.0,9120.0,6400,2720.0,Credit Card,Pune,Air Fryer,Regular
O00346,C0090,P001,2025-10-28,3,Electronics,2500,1800,5.0,7500,375.0,7125.0,5400,1725.0,Cash on Delivery,Mumbai,Wireless Headphones,Budget
O00347,C0205,P003,2025-10-30,4,Electronics,2200,1400,20.0,8800,1760.0,7040.0,5600,1440.0,Cash on Delivery,Delhi,Bluetooth Speaker,Regular
O00348,C0379,P010,2025-10-14,4,Fashion,1800,1000,0.0,7200,0.0,7200.0,4000,3200.0,UPI,,Backpack,Premium
O00349,C0456,P005,2025-01-10,1,Home,4200,2800,10.0,4200,420.0,3780.0,2800,980.0,Debit Card,Bengaluru,Coffee Maker,Regular
O00350,C0447,P014,2025-07-14,3,Beauty,1500,900,0.0,4500,0.0,4500.0,2700,1800.0,UPI,Kolkata,Skin Care Kit,Budget
O00351,C0448,P010,2025-04-28,1,Fashion,1800,1000,10.0,1800,180.0,1620.0,1000,620.0,Cash on Delivery,Ahmedabad,Backpack,Regular
O00352,C0445,P013,2025-09-27,2,Beauty,850,500,10.0,1700,170.0,1530.0,1000,530.0,UPI,Chennai,Face Serum,Premium
O00353,C0381,P005,2025-03-21,2,Home,4200,2800,10.0,8400,840.0,7560.0,5600,1960.0,UPI,Pune,Coffee Maker,Budget
O00354,C0438,P013,2025-04-03,1,Beauty,850,500,0.0,850,0.0,850.0,500,350.0,UPI,Delhi,Face Serum,Budget
O00355,C0220,P010,2025-09-23,1,Fashion,1800,1000,10.0,1800,180.0,1620.0,1000,620.0,UPI,Mumbai,Backpack,Regular
O00356,C0378,P006,2025-11-28,1,Home,4800,3200,15.0,4800,720.0,4080.0,3200,880.0,Debit Card,Pune,Air Fryer,Regular
O00357,C0094,P015,2025-12-16,4,Beauty,2500,1600,15.0,10000,1500.0,8500.0,6400,2100.0,Cash on Delivery,Delhi,Hair Dryer,Budget
O00358,C0457,P012,2025-12-27,2,Fashion,2100,1300,10.0,4200,420.0,3780.0,2600,1180.0,Credit Card,Pune,Jeans,Premium
O00359,C0103,P010,2025-09-14,1,Fashion,1800,1000,15.0,1800,270.0,1530.0,1000,530.0,Debit Card,Mumbai,Backpack,Regular
O00360,C0223,P008,2025-05-13,1,Home,1500,900,5.0,1500,75.0,1425.0,900,525.0,Debit Card,Hyderabad,Bedsheet Set,Regular
O00361,C0186,P005,2025-10-03,1,Home,4200,2800,5.0,4200,210.0,3990.0,2800,1190.0,UPI,Bengaluru,Coffee Maker,Regular
O00362,C0469,P014,2025-09-21,2,Beauty,1500,900,5.0,3000,150.0,2850.0,1800,1050.0,UPI,Ahmedabad,Skin Care Kit,Budget
O00363,C0184,P015,2025-06-20,1,Beauty,2500,1600,5.0,2500,125.0,2375.0,1600,775.0,UPI,Chennai,Hair Dryer,Budget
O00364,C0495,P011,2025-01-01,1,Fashion,2000,1200,5.0,2000,100.0,1900.0,1200,700.0,UPI,Pune,Hoodie,Budget
O00365,C0162,P001,2025-11-09,2,Electronics,2500,1800,10.0,5000,500.0,4500.0,3600,900.0,UPI,Kolkata,Wireless Headphones,Premium
O00366,C0247,P005,2025-03-05,1,Home,4200,2800,15.0,4200,630.0,3570.0,2800,770.0,UPI,Kolkata,Coffee Maker,Regular
O00367,C0031,P003,2025-10-11,4,Electronics,2200,1400,20.0,8800,1760.0,7040.0,5600,1440.0,UPI,Hyderabad,Bluetooth Speaker,Regular
O00368,C0052,P004,2025-05-01,2,Electronics,1200,700,5.0,2400,120.0,2280.0,1400,880.0,UPI,Hyderabad,Power Bank,Regular
O00369,C0345,P015,2025-04-17,2,Beauty,2500,1600,15.0,5000,750.0,4250.0,3200,1050.0,Cash on Delivery,Chennai,Hair Dryer,Premium
O00370,C0076,P015,2025-06-24,1,Beauty,2500,1600,20.0,2500,500.0,2000.0,1600,400.0,UPI,Kolkata,Hair Dryer,Budget
O00371,C0385,P013,2025-07-23,1,Beauty,850,500,15.0,850,127.5,722.5,500,222.5,Credit Card,Bengaluru,Face Serum,Budget
O00372,C0439,P008,2025-06-14,1,Home,1500,900,5.0,1500,75.0,1425.0,900,525.0,Credit Card,Mumbai,Bedsheet Set,Premium
O00373,C0278,P007,2025-11-01,2,Home,1000,600,5.0,2000,100.0,1900.0,1200,700.0,Credit Card,Pune,Table Lamp,Regular
O00374,C0040,P011,2025-04-30,1,Fashion,2000,1200,0.0,2000,0.0,2000.0,1200,800.0,UPI,Kolkata,Hoodie,Regular
O00375,C0101,P005,2025-02-13,2,Home,4200,2800,10.0,8400,840.0,7560.0,5600,1960.0,UPI,Ahmedabad,Coffee Maker,Premium
O00376,C0111,P002,2025-11-08,2,Electronics,5000,3500,15.0,10000,1500.0,8500.0,7000,1500.0,UPI,Hyderabad,Smart Watch,Premium
O00377,C0385,P006,2025-06-05,4,Home,4800,3200,0.0,19200,0.0,19200.0,12800,6400.0,UPI,Bengaluru,Air Fryer,Budget
O00378,C0321,P011,2025-07-26,4,Fashion,2000,1200,5.0,8000,400.0,7600.0,4800,2800.0,UPI,Chennai,Hoodie,Regular
O00379,C0249,P006,2025-04-18,3,Home,4800,3200,15.0,14400,2160.0,12240.0,9600,2640.0,Credit Card,Mumbai,Air Fryer,Premium
O00380,C0191,P010,2025-09-08,2,Fashion,1800,1000,15.0,3600,540.0,3060.0,2000,1060.0,Credit Card,Hyderabad,Backpack,Regular
O00381,C0490,P010,2025-11-30,2,Fashion,1800,1000,10.0,3600,360.0,3240.0,2000,1240.0,Credit Card,Bengaluru,Backpack,Regular
O00382,C0182,P014,2025-05-10,4,Beauty,1500,900,15.0,6000,900.0,5100.0,3600,1500.0,UPI,Mumbai,Skin Care Kit,Regular
O00383,C0426,P011,2025-10-20,3,Fashion,2000,1200,10.0,6000,600.0,5400.0,3600,1800.0,UPI,Pune,Hoodie,Regular
O00384,C0405,P006,2025-01-20,2,Home,4800,3200,5.0,9600,480.0,9120.0,6400,2720.0,Debit Card,Bengaluru,Air Fryer,Regular
O00385,C0335,P014,2025-10-09,1,Beauty,1500,900,10.0,1500,150.0,1350.0,900,450.0,UPI,Pune,Skin Care Kit,Premium
O00386,C0209,P009,2025-10-12,2,Fashion,3500,2200,15.0,7000,1050.0,5950.0,4400,1550.0,Debit Card,Delhi,Running Shoes,Regular
O00387,C0022,P011,2025-01-01,4,Fashion,2000,1200,20.0,8000,1600.0,6400.0,4800,1600.0,Debit Card,Hyderabad,Hoodie,Regular
O00388,C0166,P008,2025-04-29,1,Home,1500,900,0.0,1500,0.0,1500.0,900,600.0,UPI,Pune,Bedsheet Set,Budget
O00389,C0099,P008,2025-02-04,2,Home,1500,900,10.0,3000,300.0,2700.0,1800,900.0,UPI,Bengaluru,Bedsheet Set,Regular
O00390,C0493,P001,2025-07-17,1,Electronics,2500,1800,10.0,2500,250.0,2250.0,1800,450.0,Credit Card,Mumbai,Wireless Headphones,Premium
O00391,C0208,P005,2025-09-02,2,Home,4200,2800,10.0,8400,840.0,7560.0,5600,1960.0,UPI,Hyderabad,Coffee Maker,Premium
O00392,C0008,P007,2025-02-28,2,Home,1000,600,0.0,2000,0.0,2000.0,1200,800.0,UPI,Ahmedabad,Table Lamp,Regular
O00393,C0190,P006,2025-11-21,4,Home,4800,3200,10.0,19200,1920.0,17280.0,12800,4480.0,UPI,Bengaluru,Air Fryer,Regular
O00394,C0175,P005,2025-06-10,2,Home,4200,2800,20.0,8400,1680.0,6720.0,5600,1120.0,UPI,Delhi,Coffee Maker,Premium
O00395,C0273,P008,2025-06-28,2,Home,1500,900,15.0,3000,450.0,2550.0,1800,750.0,Credit Card,Ahmedabad,Bedsheet Set,Premium
O00396,C0017,P003,2025-07-25,1,Electronics,2200,1400,10.0,2200,220.0,1980.0,1400,580.0,Debit Card,Mumbai,Bluetooth Speaker,Premium
O00397,C0090,P006,2025-01-12,2,Home,4800,3200,5.0,9600,480.0,9120.0,6400,2720.0,UPI,Mumbai,Air Fryer,Budget
O00398,C0141,P015,2025-10-03,1,Beauty,2500,1600,5.0,2500,125.0,2375.0,1600,775.0,Cash on Delivery,Mumbai,Hair Dryer,Regular
O00399,C0145,P005,2025-06-30,1,Home,4200,2800,10.0,4200,420.0,3780.0,2800,980.0,Cash on Delivery,Chennai,Coffee Maker,Premium
O00400,C0166,P008,2025-08-30,2,Home,1500,900,20.0,3000,600.0,2400.0,1800,600.0,Cash on Delivery,Pune,Bedsheet Set,Budget
O00401,C0337,P004,2025-08-04,3,Electronics,1200,700,25.0,3600,900.0,2700.0,2100,600.0,Debit Card,Delhi,Power Bank,Regular
O00402,C0496,P008,2025-09-08,1,Home,1500,900,10.0,1500,150.0,1350.0,900,450.0,UPI,Hyderabad,Bedsheet Set,Regular
O00403,C0078,P010,2025-10-26,1,Fashion,1800,1000,10.0,1800,180.0,1620.0,1000,620.0,UPI,Mumbai,Backpack,Premium
O00404,C0429,P014,2025-05-06,1,Beauty,1500,900,20.0,1500,300.0,1200.0,900,300.0,Credit Card,Delhi,Skin Care Kit,Regular
O00405,C0262,P015,2025-08-05,1,Beauty,2500,1600,10.0,2500,250.0,2250.0,1600,650.0,Credit Card,Bengaluru,Hair Dryer,Premium
O00406,C0163,P002,2025-11-02,2,Electronics,5000,3500,15.0,10000,1500.0,8500.0,7000,1500.0,Debit Card,Pune,Smart Watch,Regular
O00407,C0366,P009,2025-10-12,4,Fashion,3500,2200,5.0,14000,700.0,13300.0,8800,4500.0,Cash on Delivery,Mumbai,Running Shoes,Budget
O00408,C0014,P013,2025-07-04,3,Beauty,850,500,15.0,2550,382.5,2167.5,1500,667.5,Credit Card,Kolkata,Face Serum,Regular
O00409,C0239,P009,2025-02-08,1,Fashion,3500,2200,10.0,3500,350.0,3150.0,2200,950.0,UPI,Delhi,Running Shoes,Regular
O00410,C0072,P015,2025-08-11,1,Beauty,2500,1600,20.0,2500,500.0,2000.0,1600,400.0,UPI,Pune,Hair Dryer,Regular
O00411,C0445,P014,2025-07-03,1,Beauty,1500,900,15.0,1500,225.0,1275.0,900,375.0,UPI,Chennai,Skin Care Kit,Premium
O00412,C0143,P010,2025-06-27,2,Fashion,1800,1000,5.0,3600,180.0,3420.0,2000,1420.0,Credit Card,Pune,Backpack,Regular
O00413,C0310,P010,2025-10-21,2,Fashion,1800,1000,15.0,3600,540.0,3060.0,2000,1060.0,Credit Card,Kolkata,Backpack,Premium
O00414,C0283,P013,2025-12-06,2,Beauty,850,500,20.0,1700,340.0,1360.0,1000,360.0,Debit Card,Pune,Face Serum,Regular
O00415,C0269,P006,2025-05-31,4,Home,4800,3200,10.0,19200,1920.0,17280.0,12800,4480.0,Credit Card,Bengaluru,Air Fryer,Premium
O00416,C0241,P004,2025-05-06,4,Electronics,1200,700,5.0,4800,240.0,4560.0,2800,1760.0,Cash on Delivery,Ahmedabad,Power Bank,Regular
O00417,C0415,P004,2025-10-28,1,Electronics,1200,700,0.0,1200,0.0,1200.0,700,500.0,Credit Card,Bengaluru,Power Bank,Premium
O00418,C0245,P013,2025-11-04,4,Beauty,850,500,10.0,3400,340.0,3060.0,2000,1060.0,Debit Card,Pune,Face Serum,Premium
O00419,C0163,P006,2025-12-02,1,Home,4800,3200,10.0,4800,480.0,4320.0,3200,1120.0,UPI,Pune,Air Fryer,Regular
O00420,C0060,P005,2025-08-22,3,Home,4200,2800,15.0,12600,1890.0,10710.0,8400,2310.0,Debit Card,Kolkata,Coffee Maker,Regular
O00421,C0006,P006,2025-01-08,4,Home,4800,3200,5.0,19200,960.0,18240.0,12800,5440.0,Credit Card,Kolkata,Air Fryer,Premium
O00422,C0197,P007,2025-12-07,2,Home,1000,600,20.0,2000,400.0,1600.0,1200,400.0,UPI,Hyderabad,Table Lamp,Premium
O00423,C0470,P007,2025-05-09,1,Home,1000,600,5.0,1000,50.0,950.0,600,350.0,UPI,Delhi,Table Lamp,Regular
O00424,C0058,P009,2025-09-21,2,Fashion,3500,2200,5.0,7000,350.0,6650.0,4400,2250.0,Cash on Delivery,Ahmedabad,Running Shoes,Regular
O00425,C0305,P008,2025-06-06,1,Home,1500,900,10.0,1500,150.0,1350.0,900,450.0,UPI,Ahmedabad,Bedsheet Set,Regular
O00426,C0407,P013,2025-12-18,1,Beauty,850,500,10.0,850,85.0,765.0,500,265.0,Credit Card,Bengaluru,Face Serum,Budget
O00427,C0217,P006,2025-12-24,1,Home,4800,3200,5.0,4800,240.0,4560.0,3200,1360.0,UPI,Chennai,Air Fryer,Premium
O00428,C0418,P012,2025-01-05,1,Fashion,2100,1300,5.0,2100,105.0,1995.0,1300,695.0,Credit Card,Delhi,Jeans,Premium
O00429,C0026,P006,2025-03-27,2,Home,4800,3200,5.0,9600,480.0,9120.0,6400,2720.0,Debit Card,Pune,Air Fryer,Regular
O00430,C0303,P015,2025-06-24,1,Beauty,2500,1600,15.0,2500,375.0,2125.0,1600,525.0,UPI,Mumbai,Hair Dryer,Regular
O00431,C0005,P014,2025-10-17,1,Beauty,1500,900,15.0,1500,225.0,1275.0,900,375.0,UPI,Ahmedabad,Skin Care Kit,Premium
O00432,C0474,P005,2025-07-12,1,Home,4200,2800,10.0,4200,420.0,3780.0,2800,980.0,Cash on Delivery,Bengaluru,Coffee Maker,Premium
O00433,C0020,P001,2025-11-07,1,Electronics,2500,1800,15.0,2500,375.0,2125.0,1800,325.0,Debit Card,Mumbai,Wireless Headphones,Budget
O00434,C0390,P009,2025-04-29,1,Fashion,3500,2200,15.0,3500,525.0,2975.0,2200,775.0,Debit Card,Kolkata,Running Shoes,Premium
O00435,C0198,P009,2025-08-06,1,Fashion,3500,2200,0.0,3500,0.0,3500.0,2200,1300.0,UPI,Ahmedabad,Running Shoes,Premium
O00436,C0059,P009,2025-04-24,3,Fashion,3500,2200,25.0,10500,2625.0,7875.0,6600,1275.0,UPI,Mumbai,Running Shoes,Regular
O00437,C0448,P015,2025-05-25,2,Beauty,2500,1600,20.0,5000,1000.0,4000.0,3200,800.0,UPI,Ahmedabad,Hair Dryer,Regular
O00438,C0242,P011,2025-01-26,1,Fashion,2000,1200,5.0,2000,100.0,1900.0,1200,700.0,Debit Card,Chennai,Hoodie,Regular
O00439,C0146,P008,2025-05-16,1,Home,1500,900,5.0,1500,75.0,1425.0,900,525.0,UPI,Mumbai,Bedsheet Set,Regular
O00440,C0388,P013,2025-10-30,1,Beauty,850,500,0.0,850,0.0,850.0,500,350.0,UPI,Bengaluru,Face Serum,Budget
O00441,C0273,P010,2025-08-20,1,Fashion,1800,1000,0.0,1800,0.0,1800.0,1000,800.0,UPI,Ahmedabad,Backpack,Premium
O00442,C0249,P013,2025-03-17,1,Beauty,850,500,15.0,850,127.5,722.5,500,222.5,UPI,Mumbai,Face Serum,Premium
O00443,C0014,P003,2025-11-24,2,Electronics,2200,1400,10.0,4400,440.0,3960.0,2800,1160.0,Debit Card,Kolkata,Bluetooth Speaker,Regular
O00444,C0462,P001,2025-12-11,1,Electronics,2500,1800,15.0,2500,375.0,2125.0,1800,325.0,UPI,Ahmedabad,Wireless Headphones,Budget
O00445,C0013,P011,2025-10-29,4,Fashion,2000,1200,15.0,8000,1200.0,6800.0,4800,2000.0,Credit Card,Pune,Hoodie,Regular
O00446,C0391,P012,2025-10-16,4,Fashion,2100,1300,15.0,8400,1260.0,7140.0,5200,1940.0,Cash on Delivery,Mumbai,Jeans,Regular
O00447,C0384,P012,2025-01-01,2,Fashion,2100,1300,15.0,4200,630.0,3570.0,2600,970.0,UPI,Chennai,Jeans,Regular
O00448,C0044,P008,2025-05-27,1,Home,1500,900,0.0,1500,0.0,1500.0,900,600.0,Credit Card,Delhi,Bedsheet Set,Premium
O00449,C0375,P007,2025-10-14,1,Home,1000,600,10.0,1000,100.0,900.0,600,300.0,Cash on Delivery,,Table Lamp,Regular
O00450,C0399,P013,2025-05-22,4,Beauty,850,500,15.0,3400,510.0,2890.0,2000,890.0,Cash on Delivery,Ahmedabad,Face Serum,Regular
O00451,C0019,P005,2025-02-22,3,Home,4200,2800,0.0,12600,0.0,12600.0,8400,4200.0,UPI,Mumbai,Coffee Maker,Regular
O00452,C0063,P010,2025-10-31,1,Fashion,1800,1000,0.0,1800,0.0,1800.0,1000,800.0,UPI,Delhi,Backpack,Regular
O00453,C0491,P007,2025-03-10,1,Home,1000,600,20.0,1000,200.0,800.0,600,200.0,UPI,Kolkata,Table Lamp,Regular
O00454,C0239,P010,2025-12-27,2,Fashion,1800,1000,15.0,3600,540.0,3060.0,2000,1060.0,Debit Card,Delhi,Backpack,Regular
O00455,C0492,P004,2025-03-31,4,Electronics,1200,700,5.0,4800,240.0,4560.0,2800,1760.0,Debit Card,Ahmedabad,Power Bank,Regular
O00456,C0419,P009,2025-08-08,2,Fashion,3500,2200,15.0,7000,1050.0,5950.0,4400,1550.0,Credit Card,Hyderabad,Running Shoes,Budget
O00457,C0337,P011,2025-07-11,1,Fashion,2000,1200,15.0,2000,300.0,1700.0,1200,500.0,UPI,Delhi,Hoodie,Regular
O00458,C0419,P010,2025-03-04,2,Fashion,1800,1000,10.0,3600,360.0,3240.0,2000,1240.0,UPI,Hyderabad,Backpack,Budget
O00459,C0403,P014,2025-03-14,1,Beauty,1500,900,0.0,1500,0.0,1500.0,900,600.0,Credit Card,Ahmedabad,Skin Care Kit,Budget
O00460,C0404,P002,2025-06-10,1,Electronics,5000,3500,20.0,5000,1000.0,4000.0,3500,500.0,Credit Card,Mumbai,Smart Watch,Premium
O00461,C0100,P009,2025-06-18,1,Fashion,3500,2200,10.0,3500,350.0,3150.0,2200,950.0,Debit Card,Ahmedabad,Running Shoes,Regular
O00462,C0163,P009,2025-03-30,1,Fashion,3500,2200,0.0,3500,0.0,3500.0,2200,1300.0,UPI,Pune,Running Shoes,Regular
O00463,C0416,P005,2025-06-25,1,Home,4200,2800,10.0,4200,420.0,3780.0,2800,980.0,UPI,Pune,Coffee Maker,Regular
O00464,C0122,P011,2025-09-26,1,Fashion,2000,1200,15.0,2000,300.0,1700.0,1200,500.0,UPI,Delhi,Hoodie,Premium
O00465,C0432,P001,2025-03-14,3,Electronics,2500,1800,5.0,7500,375.0,7125.0,5400,1725.0,UPI,Mumbai,Wireless Headphones,Regular
O00466,C0044,P007,2025-09-02,2,Home,1000,600,5.0,2000,100.0,1900.0,1200,700.0,UPI,Delhi,Table Lamp,Premium
O00467,C0360,P010,2025-03-18,1,Fashion,1800,1000,5.0,1800,90.0,1710.0,1000,710.0,UPI,Kolkata,Backpack,Regular
O00468,C0408,P010,2025-06-08,1,Fashion,1800,1000,25.0,1800,450.0,1350.0,1000,350.0,UPI,Bengaluru,Backpack,Regular
O00469,C0317,P004,2025-11-20,1,Electronics,1200,700,5.0,1200,60.0,1140.0,700,440.0,UPI,Bengaluru,Power Bank,Regular
O00470,C0381,P009,2025-04-08,2,Fashion,3500,2200,15.0,7000,1050.0,5950.0,4400,1550.0,UPI,Pune,Running Shoes,Budget
O00471,C0145,P006,2025-04-12,3,Home,4800,3200,20.0,14400,2880.0,11520.0,9600,1920.0,Debit Card,Chennai,Air Fryer,Premium
O00472,C0327,P013,2025-05-12,1,Beauty,850,500,0.0,850,0.0,850.0,500,350.0,UPI,Mumbai,Face Serum,Premium
O00473,C0363,P003,2025-04-12,2,Electronics,2200,1400,25.0,4400,1100.0,3300.0,2800,500.0,Credit Card,Kolkata,Bluetooth Speaker,Budget
O00474,C0050,P006,2025-01-19,1,Home,4800,3200,20.0,4800,960.0,3840.0,3200,640.0,Debit Card,Hyderabad,Air Fryer,Regular
O00475,C0065,P013,2025-03-23,3,Beauty,850,500,20.0,2550,510.0,2040.0,1500,540.0,Credit Card,Kolkata,Face Serum,Regular
O00476,C0355,P010,2025-10-06,2,Fashion,1800,1000,5.0,3600,180.0,3420.0,2000,1420.0,Cash on Delivery,Hyderabad,Backpack,Budget
O00477,C0288,P006,2025-12-05,3,Home,4800,3200,15.0,14400,2160.0,12240.0,9600,2640.0,UPI,Delhi,Air Fryer,Regular
O00478,C0164,P005,2025-12-31,2,Home,4200,2800,15.0,8400,1260.0,7140.0,5600,1540.0,Debit Card,Ahmedabad,Coffee Maker,Premium
O00479,C0141,P002,2025-11-27,1,Electronics,5000,3500,25.0,5000,1250.0,3750.0,3500,250.0,Cash on Delivery,Mumbai,Smart Watch,Regular
O00480,C0454,P010,2025-05-09,4,Fashion,1800,1000,5.0,7200,360.0,6840.0,4000,2840.0,Debit Card,Ahmedabad,Backpack,Regular
O00481,C0314,P010,2025-12-10,1,Fashion,1800,1000,15.0,1800,270.0,1530.0,1000,530.0,UPI,Chennai,Backpack,Regular
O00482,C0128,P002,2025-11-06,1,Electronics,5000,3500,10.0,5000,500.0,4500.0,3500,1000.0,UPI,Pune,Smart Watch,Budget
O00483,C0398,P007,2025-03-30,1,Home,1000,600,5.0,1000,50.0,950.0,600,350.0,UPI,Ahmedabad,Table Lamp,Regular
O00484,C0421,P002,2025-08-01,2,Electronics,5000,3500,10.0,10000,1000.0,9000.0,7000,2000.0,Credit Card,Pune,Smart Watch,Premium
O00485,C0368,P012,2025-05-23,1,Fashion,2100,1300,15.0,2100,315.0,1785.0,1300,485.0,Debit Card,Pune,Jeans,Regular
O00486,C0463,P006,2025-03-06,4,Home,4800,3200,10.0,19200,1920.0,17280.0,12800,4480.0,UPI,Chennai,Air Fryer,Budget
O00487,C0239,P005,2025-03-17,2,Home,4200,2800,10.0,8400,840.0,7560.0,5600,1960.0,Credit Card,Delhi,Coffee Maker,Regular
O00488,C0324,P004,2025-07-18,2,Electronics,1200,700,25.0,2400,600.0,1800.0,1400,400.0,Credit Card,Chennai,Power Bank,Regular
O00489,C0296,P007,2025-05-23,1,Home,1000,600,10.0,1000,100.0,900.0,600,300.0,UPI,Mumbai,Table Lamp,Budget
O00490,C0187,P008,2025-11-12,1,Home,1500,900,15.0,1500,225.0,1275.0,900,375.0,Debit Card,Ahmedabad,Bedsheet Set,Premium
O00491,C0208,P004,2025-04-03,1,Electronics,1200,700,10.0,1200,120.0,1080.0,700,380.0,Debit Card,Hyderabad,Power Bank,Premium
O00492,C0220,P001,2025-11-01,2,Electronics,2500,1800,10.0,5000,500.0,4500.0,3600,900.0,UPI,Mumbai,Wireless Headphones,Regular
O00493,C0400,P001,2025-08-12,2,Electronics,2500,1800,15.0,5000,750.0,4250.0,3600,650.0,Credit Card,Hyderabad,Wireless Headphones,Premium
O00494,C0190,P001,2025-10-18,3,Electronics,2500,1800,20.0,7500,1500.0,6000.0,5400,600.0,UPI,Bengaluru,Wireless Headphones,Regular
O00495,C0388,P011,2025-04-12,1,Fashion,2000,1200,10.0,2000,200.0,1800.0,1200,600.0,Credit Card,Bengaluru,Hoodie,Budget
O00496,C0429,P001,2025-09-24,3,Electronics,2500,1800,15.0,7500,1125.0,6375.0,5400,975.0,Cash on Delivery,Delhi,Wireless Headphones,Regular
O00497,C0346,P005,2025-12-21,1,Home,4200,2800,0.0,4200,0.0,4200.0,2800,1400.0,Debit Card,Delhi,Coffee Maker,Regular
O00498,C0284,P004,2025-04-20,2,Electronics,1200,700,5.0,2400,120.0,2280.0,1400,880.0,UPI,Kolkata,Power Bank,Regular
O00499,C0352,P013,2025-11-26,4,Beauty,850,500,10.0,3400,340.0,3060.0,2000,1060.0,UPI,Bengaluru,Face Serum,Premium
O00500,C0237,P014,2025-09-22,1,Beauty,1500,900,0.0,1500,0.0,1500.0,900,600.0,UPI,Kolkata,Skin Care Kit,Regular
O00501,C0194,P009,2025-01-03,4,Fashion,3500,2200,5.0,14000,700.0,13300.0,8800,4500.0,Credit Card,Ahmedabad,Running Shoes,Regular
O00502,C0287,P015,2025-03-26,4,Beauty,2500,1600,10.0,10000,1000.0,9000.0,6400,2600.0,UPI,Pune,Hair Dryer,Premium
O00503,C0259,P003,2025-10-09,2,Electronics,2200,1400,0.0,4400,0.0,4400.0,2800,1600.0,Credit Card,Kolkata,Bluetooth Speaker,Regular
O00504,C0246,P014,2025-11-24,2,Beauty,1500,900,5.0,3000,150.0,2850.0,1800,1050.0,UPI,Pune,Skin Care Kit,Regular
O00505,C0136,P007,2025-10-31,1,Home,1000,600,10.0,1000,100.0,900.0,600,300.0,UPI,Ahmedabad,Table Lamp,Premium
O00506,C0280,P011,2025-04-27,1,Fashion,2000,1200,15.0,2000,300.0,1700.0,1200,500.0,UPI,Pune,Hoodie,Regular
O00507,C0271,P008,2025-08-09,3,Home,1500,900,20.0,4500,900.0,3600.0,2700,900.0,Cash on Delivery,Mumbai,Bedsheet Set,Premium
O00508,C0171,P006,2025-06-03,2,Home,4800,3200,15.0,9600,1440.0,8160.0,6400,1760.0,Debit Card,Bengaluru,Air Fryer,Regular
O00509,C0159,P012,2025-06-02,3,Fashion,2100,1300,10.0,6300,630.0,5670.0,3900,1770.0,UPI,Ahmedabad,Jeans,Premium
O00510,C0201,P013,2025-01-12,1,Beauty,850,500,20.0,850,170.0,680.0,500,180.0,UPI,Ahmedabad,Face Serum,Regular
O00511,C0487,P010,2025-05-13,1,Fashion,1800,1000,15.0,1800,270.0,1530.0,1000,530.0,Credit Card,Delhi,Backpack,Regular
O00512,C0045,P013,2025-10-31,2,Beauty,850,500,5.0,1700,85.0,1615.0,1000,615.0,UPI,Kolkata,Face Serum,Premium
O00513,C0450,P001,2025-10-20,2,Electronics,2500,1800,0.0,5000,0.0,5000.0,3600,1400.0,Credit Card,Mumbai,Wireless Headphones,Premium
O00514,C0264,P008,2025-10-27,3,Home,1500,900,15.0,4500,675.0,3825.0,2700,1125.0,Debit Card,Mumbai,Bedsheet Set,Budget
O00515,C0071,P015,2025-08-16,1,Beauty,2500,1600,15.0,2500,375.0,2125.0,1600,525.0,Credit Card,Kolkata,Hair Dryer,Regular
O00516,C0364,P010,2025-09-28,1,Fashion,1800,1000,15.0,1800,270.0,1530.0,1000,530.0,Credit Card,Delhi,Backpack,Premium
O00517,C0371,P003,2025-02-12,3,Electronics,2200,1400,15.0,6600,990.0,5610.0,4200,1410.0,Credit Card,Ahmedabad,Bluetooth Speaker,Budget
O00518,C0103,P008,2025-12-09,2,Home,1500,900,15.0,3000,450.0,2550.0,1800,750.0,Cash on Delivery,Mumbai,Bedsheet Set,Regular
O00519,C0490,P012,2025-11-22,1,Fashion,2100,1300,25.0,2100,525.0,1575.0,1300,275.0,Cash on Delivery,Bengaluru,Jeans,Regular
O00520,C0125,P004,2025-10-29,2,Electronics,1200,700,10.0,2400,240.0,2160.0,1400,760.0,Credit Card,Kolkata,Power Bank,Premium
O00521,C0313,P008,2025-12-30,2,Home,1500,900,0.0,3000,0.0,3000.0,1800,1200.0,UPI,Delhi,Bedsheet Set,Regular
O00522,C0464,P011,2025-01-21,1,Fashion,2000,1200,20.0,2000,400.0,1600.0,1200,400.0,Credit Card,Chennai,Hoodie,Regular
O00523,C0483,P001,2025-04-17,1,Electronics,2500,1800,5.0,2500,125.0,2375.0,1800,575.0,UPI,Kolkata,Wireless Headphones,Premium
O00524,C0286,P003,2025-12-02,2,Electronics,2200,1400,15.0,4400,660.0,3740.0,2800,940.0,Credit Card,Pune,Bluetooth Speaker,Regular
O00525,C0458,P006,2025-10-30,1,Home,4800,3200,25.0,4800,1200.0,3600.0,3200,400.0,Credit Card,Hyderabad,Air Fryer,Regular
O00526,C0230,P015,2025-04-27,1,Beauty,2500,1600,15.0,2500,375.0,2125.0,1600,525.0,UPI,Bengaluru,Hair Dryer,Regular
O00527,C0146,P015,2025-05-04,2,Beauty,2500,1600,15.0,5000,750.0,4250.0,3200,1050.0,UPI,Mumbai,Hair Dryer,Regular
O00528,C0370,P009,2025-10-08,3,Fashion,3500,2200,10.0,10500,1050.0,9450.0,6600,2850.0,Credit Card,Delhi,Running Shoes,Budget
O00529,C0197,P002,2025-10-19,1,Electronics,5000,3500,10.0,5000,500.0,4500.0,3500,1000.0,Debit Card,Hyderabad,Smart Watch,Premium
O00530,C0373,P011,2025-07-22,1,Fashion,2000,1200,10.0,2000,200.0,1800.0,1200,600.0,Credit Card,Delhi,Hoodie,Premium
O00531,C0221,P001,2025-02-20,1,Electronics,2500,1800,15.0,2500,375.0,2125.0,1800,325.0,Credit Card,Mumbai,Wireless Headphones,Regular
O00532,C0423,P015,2025-09-28,1,Beauty,2500,1600,15.0,2500,375.0,2125.0,1600,525.0,UPI,Pune,Hair Dryer,Regular
O00533,C0060,P010,2025-11-20,1,Fashion,1800,1000,15.0,1800,270.0,1530.0,1000,530.0,Credit Card,Kolkata,Backpack,Regular
O00534,C0098,P003,2025-10-04,2,Electronics,2200,1400,5.0,4400,220.0,4180.0,2800,1380.0,UPI,Chennai,Bluetooth Speaker,Regular
O00535,C0171,P004,2025-05-21,1,Electronics,1200,700,10.0,1200,120.0,1080.0,700,380.0,Credit Card,Bengaluru,Power Bank,Regular
O00536,C0382,P011,2025-10-02,2,Fashion,2000,1200,15.0,4000,600.0,3400.0,2400,1000.0,UPI,Delhi,Hoodie,Budget
O00537,C0173,P005,2025-10-17,1,Home,4200,2800,10.0,4200,420.0,3780.0,2800,980.0,Credit Card,Hyderabad,Coffee Maker,Budget
O00538,C0151,P003,2025-11-30,2,Electronics,2200,1400,10.0,4400,440.0,3960.0,2800,1160.0,UPI,Ahmedabad,Bluetooth Speaker,Regular
O00539,C0453,P013,2025-02-21,1,Beauty,850,500,15.0,850,127.5,722.5,500,222.5,UPI,Mumbai,Face Serum,Regular
O00540,C0350,P010,2025-01-27,1,Fashion,1800,1000,15.0,1800,270.0,1530.0,1000,530.0,Cash on Delivery,Kolkata,Backpack,Premium
O00541,C0390,P011,2025-06-06,1,Fashion,2000,1200,10.0,2000,200.0,1800.0,1200,600.0,UPI,Kolkata,Hoodie,Premium
O00542,C0440,P002,2025-08-27,2,Electronics,5000,3500,20.0,10000,2000.0,8000.0,7000,1000.0,UPI,Kolkata,Smart Watch,Regular
O00543,C0122,P002,2025-06-05,3,Electronics,5000,3500,5.0,15000,750.0,14250.0,10500,3750.0,Credit Card,Delhi,Smart Watch,Premium
O00544,C0494,P007,2025-10-18,1,Home,1000,600,25.0,1000,250.0,750.0,600,150.0,Debit Card,Kolkata,Table Lamp,Regular
O00545,C0108,P009,2025-05-16,4,Fashion,3500,2200,0.0,14000,0.0,14000.0,8800,5200.0,UPI,Kolkata,Running Shoes,Premium
O00546,C0004,P010,2025-05-24,2,Fashion,1800,1000,0.0,3600,0.0,3600.0,2000,1600.0,Debit Card,Ahmedabad,Backpack,Budget
O00547,C0093,P002,2025-04-16,1,Electronics,5000,3500,20.0,5000,1000.0,4000.0,3500,500.0,Debit Card,Delhi,Smart Watch,Regular
O00548,C0407,P007,2025-06-07,1,Home,1000,600,5.0,1000,50.0,950.0,600,350.0,UPI,Bengaluru,Table Lamp,Budget
O00549,C0006,P007,2025-05-26,1,Home,1000,600,15.0,1000,150.0,850.0,600,250.0,Unknown,Kolkata,Table Lamp,Premium
O00550,C0288,P011,2025-01-02,1,Fashion,2000,1200,20.0,2000,400.0,1600.0,1200,400.0,UPI,Delhi,Hoodie,Regular
O00551,C0106,P007,2025-03-18,1,Home,1000,600,20.0,1000,200.0,800.0,600,200.0,Debit Card,Mumbai,Table Lamp,Regular
O00552,C0146,P003,2025-05-12,1,Electronics,2200,1400,25.0,2200,550.0,1650.0,1400,250.0,UPI,Mumbai,Bluetooth Speaker,Regular
O00553,C0271,P012,2025-03-31,3,Fashion,2100,1300,5.0,6300,315.0,5985.0,3900,2085.0,UPI,Mumbai,Jeans,Premium
O00554,C0424,P007,2025-12-11,2,Home,1000,600,15.0,2000,300.0,1700.0,1200,500.0,Credit Card,Chennai,Table Lamp,Premium
O00555,C0378,P001,2025-12-16,1,Electronics,2500,1800,0.0,2500,0.0,2500.0,1800,700.0,Credit Card,Pune,Wireless Headphones,Regular
O00556,C0096,P010,2025-09-20,1,Fashion,1800,1000,10.0,1800,180.0,1620.0,1000,620.0,UPI,Pune,Backpack,Budget
O00557,C0457,P001,2025-12-17,1,Electronics,2500,1800,20.0,2500,500.0,2000.0,1800,200.0,Credit Card,Pune,Wireless Headphones,Premium
O00558,C0229,P005,2025-04-18,1,Home,4200,2800,10.0,4200,420.0,3780.0,2800,980.0,UPI,Chennai,Coffee Maker,Regular
O00559,C0202,P015,2025-03-15,2,Beauty,2500,1600,15.0,5000,750.0,4250.0,3200,1050.0,UPI,Delhi,Hair Dryer,Budget
O00560,C0212,P002,2025-02-08,4,Electronics,5000,3500,10.0,20000,2000.0,18000.0,14000,4000.0,Credit Card,Pune,Smart Watch,Budget
O00561,C0006,P009,2025-06-08,1,Fashion,3500,2200,15.0,3500,525.0,2975.0,2200,775.0,Cash on Delivery,Kolkata,Running Shoes,Premium
O00562,C0112,P015,2025-03-12,1,Beauty,2500,1600,25.0,2500,625.0,1875.0,1600,275.0,UPI,Hyderabad,Hair Dryer,Regular
O00563,C0376,P007,2025-11-08,1,Home,1000,600,0.0,1000,0.0,1000.0,600,400.0,Debit Card,Hyderabad,Table Lamp,Premium
O00564,C0379,P004,2025-08-29,2,Electronics,1200,700,15.0,2400,360.0,2040.0,1400,640.0,Credit Card,Delhi,Power Bank,Premium
O00565,C0447,P004,2025-10-25,4,Electronics,1200,700,20.0,4800,960.0,3840.0,2800,1040.0,UPI,Kolkata,Power Bank,Budget
O00566,C0323,P002,2025-02-05,1,Electronics,5000,3500,10.0,5000,500.0,4500.0,3500,1000.0,Debit Card,Pune,Smart Watch,Regular
O00567,C0106,P005,2025-03-25,4,Home,4200,2800,0.0,16800,0.0,16800.0,11200,5600.0,UPI,Mumbai,Coffee Maker,Regular
O00568,C0139,P004,2025-09-20,1,Electronics,1200,700,15.0,1200,180.0,1020.0,700,320.0,Cash on Delivery,Mumbai,Power Bank,Premium
O00569,C0299,P012,2025-11-06,2,Fashion,2100,1300,10.0,4200,420.0,3780.0,2600,1180.0,Debit Card,Pune,Jeans,Regular
O00570,C0401,P013,2025-06-21,1,Beauty,850,500,5.0,850,42.5,807.5,500,307.5,UPI,Ahmedabad,Face Serum,Regular
O00571,C0096,P001,2025-06-22,4,Electronics,2500,1800,20.0,10000,2000.0,8000.0,7200,800.0,UPI,Pune,Wireless Headphones,Budget
O00572,C0388,P012,2025-12-28,4,Fashion,2100,1300,10.0,8400,840.0,7560.0,5200,2360.0,UPI,Bengaluru,Jeans,Budget
O00573,C0447,P008,2025-02-16,4,Home,1500,900,20.0,6000,1200.0,4800.0,3600,1200.0,UPI,Kolkata,Bedsheet Set,Budget
O00574,C0452,P003,2025-05-21,3,Electronics,2200,1400,20.0,6600,1320.0,5280.0,4200,1080.0,UPI,Hyderabad,Bluetooth Speaker,Regular
O00575,C0337,P014,2025-04-28,1,Beauty,1500,900,15.0,1500,225.0,1275.0,900,375.0,UPI,Delhi,Skin Care Kit,Regular
O00576,C0297,P006,2025-10-04,4,Home,4800,3200,0.0,19200,0.0,19200.0,12800,6400.0,Credit Card,Bengaluru,Air Fryer,Regular
O00577,C0467,P004,2025-08-02,3,Electronics,1200,700,10.0,3600,360.0,3240.0,2100,1140.0,UPI,Kolkata,Power Bank,Premium
O00578,C0389,P009,2025-08-08,1,Fashion,3500,2200,5.0,3500,175.0,3325.0,2200,1125.0,Debit Card,Bengaluru,Running Shoes,Regular
O00579,C0416,P007,2025-01-26,2,Home,1000,600,20.0,2000,400.0,1600.0,1200,400.0,Debit Card,Pune,Table Lamp,Regular
O00580,C0214,P009,2025-01-09,4,Fashion,3500,2200,5.0,14000,700.0,13300.0,8800,4500.0,Credit Card,Hyderabad,Running Shoes,Regular
O00581,C0454,P010,2025-09-28,1,Fashion,1800,1000,5.0,1800,90.0,1710.0,1000,710.0,Debit Card,Ahmedabad,Backpack,Regular
O00582,C0291,P003,2025-01-10,3,Electronics,2200,1400,10.0,6600,660.0,5940.0,4200,1740.0,UPI,Mumbai,Bluetooth Speaker,Budget
O00583,C0022,P001,2025-05-01,3,Electronics,2500,1800,5.0,7500,375.0,7125.0,5400,1725.0,UPI,Hyderabad,Wireless Headphones,Regular
O00584,C0193,P005,2025-05-05,1,Home,4200,2800,5.0,4200,210.0,3990.0,2800,1190.0,Credit Card,Ahmedabad,Coffee Maker,Regular
O00585,C0468,P003,2025-06-19,2,Electronics,2200,1400,15.0,4400,660.0,3740.0,2800,940.0,Credit Card,Chennai,Bluetooth Speaker,Regular
O00586,C0150,P006,2025-03-13,2,Home,4800,3200,0.0,9600,0.0,9600.0,6400,3200.0,Credit Card,Mumbai,Air Fryer,Premium
O00587,C0368,P008,2025-06-01,2,Home,1500,900,0.0,3000,0.0,3000.0,1800,1200.0,Debit Card,Pune,Bedsheet Set,Regular
O00588,C0247,P011,2025-07-27,1,Fashion,2000,1200,10.0,2000,200.0,1800.0,1200,600.0,Cash on Delivery,Kolkata,Hoodie,Regular
O00589,C0267,P013,2025-02-18,2,Beauty,850,500,15.0,1700,255.0,1445.0,1000,445.0,Credit Card,Delhi,Face Serum,Regular
O00590,C0461,P004,2025-06-03,1,Electronics,1200,700,15.0,1200,180.0,1020.0,700,320.0,Debit Card,Kolkata,Power Bank,Budget
O00591,C0251,P005,2025-12-13,1,Home,4200,2800,10.0,4200,420.0,3780.0,2800,980.0,UPI,Mumbai,Coffee Maker,Budget
O00592,C0490,P005,2025-10-20,2,Home,4200,2800,15.0,8400,1260.0,7140.0,5600,1540.0,UPI,Bengaluru,Coffee Maker,Regular
O00593,C0003,P004,2025-03-09,2,Electronics,1200,700,10.0,2400,240.0,2160.0,1400,760.0,Debit Card,Kolkata,Power Bank,Regular
O00594,C0393,P004,2025-02-19,2,Electronics,1200,700,20.0,2400,480.0,1920.0,1400,520.0,UPI,Kolkata,Power Bank,Regular
O00595,C0316,P004,2025-06-01,1,Electronics,1200,700,0.0,1200,0.0,1200.0,700,500.0,UPI,Bengaluru,Power Bank,Regular
O00596,C0076,P004,2025-01-19,1,Electronics,1200,700,15.0,1200,180.0,1020.0,700,320.0,UPI,Kolkata,Power Bank,Budget
O00597,C0087,P004,2025-04-10,1,Electronics,1200,700,20.0,1200,240.0,960.0,700,260.0,Credit Card,Pune,Power Bank,Regular
O00598,C0270,P005,2025-03-01,1,Home,4200,2800,20.0,4200,840.0,3360.0,2800,560.0,UPI,Kolkata,Coffee Maker,Regular
O00599,C0225,P002,2025-06-16,1,Electronics,5000,3500,5.0,5000,250.0,4750.0,3500,1250.0,Credit Card,Hyderabad,Smart Watch,Regular
O00600,C0018,P002,2025-07-21,3,Electronics,5000,3500,5.0,15000,750.0,14250.0,10500,3750.0,UPI,Chennai,Smart Watch,Premium
O00601,C0113,P009,2025-12-11,1,Fashion,3500,2200,15.0,3500,525.0,2975.0,2200,775.0,UPI,Chennai,Running Shoes,Regular
O00602,C0251,P002,2025-05-26,2,Electronics,5000,3500,0.0,10000,0.0,10000.0,7000,3000.0,UPI,Mumbai,Smart Watch,Budget
O00603,C0233,P006,2025-06-13,1,Home,4800,3200,20.0,4800,960.0,3840.0,3200,640.0,UPI,Delhi,Air Fryer,Regular
O00604,C0329,P002,2025-08-30,1,Electronics,5000,3500,15.0,5000,750.0,4250.0,3500,750.0,Debit Card,Ahmedabad,Smart Watch,Premium
O00605,C0279,P005,2025-03-10,1,Home,4200,2800,15.0,4200,630.0,3570.0,2800,770.0,UPI,Kolkata,Coffee Maker,Budget
O00606,C0202,P004,2025-06-24,1,Electronics,1200,700,0.0,1200,0.0,1200.0,700,500.0,UPI,Delhi,Power Bank,Budget
O00607,C0083,P012,2025-02-18,2,Fashion,2100,1300,15.0,4200,630.0,3570.0,2600,970.0,Credit Card,Pune,Jeans,Premium
O00608,C0125,P007,2025-04-18,4,Home,1000,600,15.0,4000,600.0,3400.0,2400,1000.0,Credit Card,Kolkata,Table Lamp,Premium
O00609,C0175,P015,2025-08-14,1,Beauty,2500,1600,20.0,2500,500.0,2000.0,1600,400.0,UPI,Delhi,Hair Dryer,Premium
O00610,C0069,P007,2025-06-10,2,Home,1000,600,0.0,2000,0.0,2000.0,1200,800.0,UPI,Pune,Table Lamp,Premium
O00611,C0047,P013,2025-04-29,2,Beauty,850,500,0.0,1700,0.0,1700.0,1000,700.0,Cash on Delivery,Pune,Face Serum,Premium
O00612,C0372,P006,2025-05-29,1,Home,4800,3200,10.0,4800,480.0,4320.0,3200,1120.0,Credit Card,Mumbai,Air Fryer,Regular
O00613,C0256,P010,2025-05-30,1,Fashion,1800,1000,0.0,1800,0.0,1800.0,1000,800.0,UPI,Bengaluru,Backpack,Budget
O00614,C0215,P005,2025-10-20,3,Home,4200,2800,15.0,12600,1890.0,10710.0,8400,2310.0,Credit Card,Ahmedabad,Coffee Maker,Regular
O00615,C0030,P001,2025-05-23,1,Electronics,2500,1800,20.0,2500,500.0,2000.0,1800,200.0,UPI,Hyderabad,Wireless Headphones,Budget
O00616,C0281,P012,2025-06-09,2,Fashion,2100,1300,10.0,4200,420.0,3780.0,2600,1180.0,UPI,Chennai,Jeans,Budget
O00617,C0412,P015,2025-01-11,3,Beauty,2500,1600,20.0,7500,1500.0,6000.0,4800,1200.0,Credit Card,Pune,Hair Dryer,Premium
O00618,C0482,P003,2025-05-18,1,Electronics,2200,1400,0.0,2200,0.0,2200.0,1400,800.0,Debit Card,Bengaluru,Bluetooth Speaker,Budget
O00619,C0237,P009,2025-03-19,4,Fashion,3500,2200,5.0,14000,700.0,13300.0,8800,4500.0,UPI,Kolkata,Running Shoes,Regular
O00620,C0248,P015,2025-03-18,4,Beauty,2500,1600,0.0,10000,0.0,10000.0,6400,3600.0,Debit Card,Ahmedabad,Hair Dryer,Regular
O00621,C0368,P014,2025-09-11,3,Beauty,1500,900,10.0,4500,450.0,4050.0,2700,1350.0,UPI,Pune,Skin Care Kit,Regular
O00622,C0495,P001,2025-09-15,1,Electronics,2500,1800,20.0,2500,500.0,2000.0,1800,200.0,UPI,Pune,Wireless Headphones,Budget
O00623,C0025,P005,2025-11-16,2,Home,4200,2800,0.0,8400,0.0,8400.0,5600,2800.0,UPI,Chennai,Coffee Maker,Regular
O00624,C0074,P002,2025-10-18,2,Electronics,5000,3500,15.0,10000,1500.0,8500.0,7000,1500.0,UPI,Bengaluru,Smart Watch,Budget
O00625,C0206,P004,2025-09-20,4,Electronics,1200,700,10.0,4800,480.0,4320.0,2800,1520.0,Cash on Delivery,Ahmedabad,Power Bank,Budget
O00626,C0490,P014,2025-03-26,1,Beauty,1500,900,20.0,1500,300.0,1200.0,900,300.0,Credit Card,Bengaluru,Skin Care Kit,Regular
O00627,C0494,P014,2025-05-26,3,Beauty,1500,900,0.0,4500,0.0,4500.0,2700,1800.0,UPI,Kolkata,Skin Care Kit,Regular
O00628,C0314,P011,2025-11-19,1,Fashion,2000,1200,5.0,2000,100.0,1900.0,1200,700.0,Cash on Delivery,Chennai,Hoodie,Regular
O00629,C0094,P001,2025-02-11,1,Electronics,2500,1800,0.0,2500,0.0,2500.0,1800,700.0,Debit Card,Delhi,Wireless Headphones,Budget
O00630,C0375,P003,2025-05-05,2,Electronics,2200,1400,10.0,4400,440.0,3960.0,2800,1160.0,Debit Card,Hyderabad,Bluetooth Speaker,Regular
O00631,C0127,P010,2025-06-16,1,Fashion,1800,1000,5.0,1800,90.0,1710.0,1000,710.0,Cash on Delivery,Bengaluru,Backpack,Regular
O00632,C0425,P007,2025-08-29,1,Home,1000,600,10.0,1000,200.0,800.0,600,200.0,UPI,Mumbai,Table Lamp,Regular
O00633,C0025,P010,2025-10-07,4,Fashion,1800,1000,15.0,7200,1080.0,6120.0,4000,2120.0,Debit Card,Chennai,Backpack,Regular
O00634,C0334,P015,2025-07-07,2,Beauty,2500,1600,15.0,5000,750.0,4250.0,3200,1050.0,Credit Card,Pune,Hair Dryer,Regular
O00635,C0355,P003,2025-10-29,2,Electronics,2200,1400,10.0,4400,440.0,3960.0,2800,1160.0,Debit Card,Hyderabad,Bluetooth Speaker,Budget
O00636,C0116,P004,2025-01-19,3,Electronics,1200,700,0.0,3600,0.0,3600.0,2100,1500.0,Debit Card,Bengaluru,Power Bank,Regular
O00637,C0048,P002,2025-03-09,1,Electronics,5000,3500,10.0,5000,500.0,4500.0,3500,1000.0,UPI,Pune,Smart Watch,Regular
O00638,C0226,P003,2025-08-06,4,Electronics,2200,1400,25.0,8800,2200.0,6600.0,5600,1000.0,Debit Card,Ahmedabad,Bluetooth Speaker,Regular
O00639,C0266,P009,2025-04-12,3,Fashion,3500,2200,20.0,10500,2100.0,8400.0,6600,1800.0,UPI,Mumbai,Running Shoes,Regular
O00640,C0099,P003,2025-02-11,2,Electronics,2200,1400,20.0,4400,880.0,3520.0,2800,720.0,UPI,Bengaluru,Bluetooth Speaker,Regular
O00641,C0459,P011,2025-10-15,1,Fashion,2000,1200,20.0,2000,400.0,1600.0,1200,400.0,UPI,Kolkata,Hoodie,Regular
O00642,C0011,P005,2025-06-16,1,Home,4200,2800,0.0,4200,0.0,4200.0,2800,1400.0,Cash on Delivery,Mumbai,Coffee Maker,Premium
O00643,C0085,P002,2025-04-19,2,Electronics,5000,3500,5.0,10000,500.0,9500.0,7000,2500.0,UPI,Kolkata,Smart Watch,Regular
O00644,C0405,P004,2025-02-05,1,Electronics,1200,700,0.0,1200,0.0,1200.0,700,500.0,Credit Card,Bengaluru,Power Bank,Regular
O00645,C0214,P012,2025-08-20,1,Fashion,2100,1300,10.0,2100,210.0,1890.0,1300,590.0,UPI,Hyderabad,Jeans,Regular
O00646,C0173,P013,2025-08-17,2,Beauty,850,500,0.0,1700,0.0,1700.0,1000,700.0,Cash on Delivery,Hyderabad,Face Serum,Budget
O00647,C0391,P007,2025-12-19,1,Home,1000,600,10.0,1000,100.0,900.0,600,300.0,UPI,Mumbai,Table Lamp,Regular
O00648,C0209,P014,2025-06-13,3,Beauty,1500,900,15.0,4500,675.0,3825.0,2700,1125.0,Debit Card,Delhi,Skin Care Kit,Regular
O00649,C0448,P007,2025-03-14,1,Home,1000,600,20.0,1000,200.0,800.0,600,200.0,Debit Card,Ahmedabad,Table Lamp,Regular
O00650,C0382,P012,2025-05-16,2,Fashion,2100,1300,15.0,4200,630.0,3570.0,2600,970.0,UPI,Delhi,Jeans,Budget
O00651,C0064,P003,2025-12-19,1,Electronics,2200,1400,20.0,2200,440.0,1760.0,1400,360.0,UPI,Delhi,Bluetooth Speaker,Budget
O00652,C0258,P005,2025-03-11,1,Home,4200,2800,0.0,4200,0.0,4200.0,2800,1400.0,Debit Card,Delhi,Coffee Maker,Regular
O00653,C0332,P001,2025-07-15,1,Electronics,2500,1800,0.0,2500,0.0,2500.0,1800,700.0,Cash on Delivery,Kolkata,Wireless Headphones,Regular
O00654,C0121,P010,2025-09-26,2,Fashion,1800,1000,15.0,3600,540.0,3060.0,2000,1060.0,Debit Card,Bengaluru,Backpack,Regular
O00655,C0298,P010,2025-02-18,2,Fashion,1800,1000,5.0,3600,180.0,3420.0,2000,1420.0,UPI,Pune,Backpack,Premium
O00656,C0466,P010,2025-11-12,2,Fashion,1800,1000,5.0,3600,180.0,3420.0,2000,1420.0,Debit Card,Hyderabad,Backpack,Premium
O00657,C0054,P011,2025-05-10,2,Fashion,2000,1200,10.0,4000,400.0,3600.0,2400,1200.0,UPI,Pune,Hoodie,Premium
O00658,C0331,P001,2025-01-05,4,Electronics,2500,1800,5.0,10000,500.0,9500.0,7200,2300.0,Credit Card,Kolkata,Wireless Headphones,Premium
O00659,C0272,P005,2025-01-27,2,Home,4200,2800,10.0,8400,840.0,7560.0,5600,1960.0,Debit Card,Pune,Coffee Maker,Regular
O00660,C0241,P013,2025-06-09,1,Beauty,850,500,10.0,850,85.0,765.0,500,265.0,UPI,Ahmedabad,Face Serum,Regular
O00661,C0243,P010,2025-05-29,1,Fashion,1800,1000,10.0,1800,180.0,1620.0,1000,620.0,Debit Card,Delhi,Backpack,Premium
O00662,C0018,P009,2025-09-21,3,Fashion,3500,2200,15.0,10500,1575.0,8925.0,6600,2325.0,Credit Card,Chennai,Running Shoes,Premium
O00663,C0483,P001,2025-08-18,4,Electronics,2500,1800,10.0,10000,1000.0,9000.0,7200,1800.0,Debit Card,Kolkata,Wireless Headphones,Premium
O00664,C0187,P001,2025-07-19,4,Electronics,2500,1800,5.0,10000,500.0,9500.0,7200,2300.0,UPI,Ahmedabad,Wireless Headphones,Premium
O00665,C0346,P004,2025-02-19,4,Electronics,1200,700,5.0,4800,240.0,4560.0,2800,1760.0,UPI,Delhi,Power Bank,Regular
O00666,C0144,P004,2025-03-08,2,Electronics,1200,700,10.0,2400,240.0,2160.0,1400,760.0,Debit Card,Hyderabad,Power Bank,Budget
O00667,C0262,P002,2025-10-27,2,Electronics,5000,3500,15.0,10000,1500.0,8500.0,7000,1500.0,UPI,Bengaluru,Smart Watch,Premium
O00668,C0441,P009,2025-02-27,1,Fashion,3500,2200,15.0,3500,525.0,2975.0,2200,775.0,UPI,Mumbai,Running Shoes,Regular
O00669,C0364,P014,2025-09-16,3,Beauty,1500,900,15.0,4500,675.0,3825.0,2700,1125.0,Cash on Delivery,Delhi,Skin Care Kit,Premium
O00670,C0491,P009,2025-12-08,1,Fashion,3500,2200,5.0,3500,175.0,3325.0,2200,1125.0,UPI,Kolkata,Running Shoes,Regular
O00671,C0431,P013,2025-11-22,3,Beauty,850,500,15.0,2550,382.5,2167.5,1500,667.5,Cash on Delivery,Delhi,Face Serum,Regular
O00672,C0239,P013,2025-05-10,1,Beauty,850,500,15.0,850,127.5,722.5,500,222.5,UPI,Delhi,Face Serum,Regular
O00673,C0304,P002,2025-08-03,1,Electronics,5000,3500,10.0,5000,500.0,4500.0,3500,1000.0,UPI,Ahmedabad,Smart Watch,Regular
O00674,C0298,P014,2025-06-21,2,Beauty,1500,900,10.0,3000,300.0,2700.0,1800,900.0,Debit Card,Pune,Skin Care Kit,Premium
O00675,C0076,P009,2025-09-15,1,Fashion,3500,2200,10.0,3500,350.0,3150.0,2200,950.0,Credit Card,Kolkata,Running Shoes,Budget
O00676,C0188,P015,2025-04-12,1,Beauty,2500,1600,15.0,2500,375.0,2125.0,1600,525.0,Credit Card,Kolkata,Hair Dryer,Regular
O00677,C0333,P006,2025-07-28,2,Home,4800,3200,15.0,9600,1440.0,8160.0,6400,1760.0,Credit Card,Kolkata,Air Fryer,Regular
O00678,C0388,P008,2025-10-18,4,Home,1500,900,0.0,6000,0.0,6000.0,3600,2400.0,Debit Card,Bengaluru,Bedsheet Set,Budget
O00679,C0487,P010,2025-12-20,2,Fashion,1800,1000,15.0,3600,540.0,3060.0,2000,1060.0,UPI,Delhi,Backpack,Regular
O00680,C0246,P013,2025-10-13,2,Beauty,850,500,0.0,1700,0.0,1700.0,1000,700.0,UPI,Pune,Face Serum,Regular
O00681,C0130,P015,2025-04-26,2,Beauty,2500,1600,0.0,5000,0.0,5000.0,3200,1800.0,UPI,Delhi,Hair Dryer,Budget
O00682,C0474,P013,2025-09-21,4,Beauty,850,500,25.0,3400,850.0,2550.0,2000,550.0,Credit Card,Bengaluru,Face Serum,Premium
O00683,C0315,P004,2025-05-30,3,Electronics,1200,700,25.0,3600,900.0,2700.0,2100,600.0,UPI,Chennai,Power Bank,Regular
O00684,C0411,P002,2025-10-27,1,Electronics,5000,3500,0.0,5000,0.0,5000.0,3500,1500.0,UPI,Delhi,Smart Watch,Budget
O00685,C0283,P002,2025-02-05,1,Electronics,5000,3500,10.0,5000,500.0,4500.0,3500,1000.0,Credit Card,Pune,Smart Watch,Regular
O00686,C0079,P009,2025-11-29,2,Fashion,3500,2200,5.0,7000,350.0,6650.0,4400,2250.0,UPI,Delhi,Running Shoes,Budget
O00687,C0072,P001,2025-10-14,1,Electronics,2500,1800,10.0,2500,250.0,2250.0,1800,450.0,UPI,Pune,Wireless Headphones,Regular
O00688,C0263,P012,2025-10-30,1,Fashion,2100,1300,20.0,2100,420.0,1680.0,1300,380.0,Credit Card,Bengaluru,Jeans,Regular
O00689,C0191,P007,2025-11-07,4,Home,1000,600,25.0,4000,1000.0,3000.0,2400,600.0,UPI,Hyderabad,Table Lamp,Regular
O00690,C0367,P011,2025-07-27,1,Fashion,2000,1200,15.0,2000,300.0,1700.0,1200,500.0,Debit Card,Pune,Hoodie,Regular
O00691,C0375,P014,2025-04-16,2,Beauty,1500,900,10.0,3000,300.0,2700.0,1800,900.0,Credit Card,Hyderabad,Skin Care Kit,Regular
O00692,C0430,P003,2025-06-07,2,Electronics,2200,1400,15.0,4400,660.0,3740.0,2800,940.0,UPI,Chennai,Bluetooth Speaker,Regular
O00693,C0063,P003,2025-05-01,2,Electronics,2200,1400,10.0,4400,440.0,3960.0,2800,1160.0,Credit Card,Delhi,Bluetooth Speaker,Regular
O00694,C0488,P002,2025-02-24,1,Electronics,5000,3500,20.0,5000,1000.0,4000.0,3500,500.0,UPI,Chennai,Smart Watch,Regular
O00695,C0380,P014,2025-01-12,4,Beauty,1500,900,20.0,6000,1200.0,4800.0,3600,1200.0,Debit Card,Chennai,Skin Care Kit,Regular
O00696,C0012,P010,2025-05-25,1,Fashion,1800,1000,15.0,1800,270.0,1530.0,1000,530.0,Cash on Delivery,Kolkata,Backpack,Premium
O00697,C0141,P006,2025-05-16,1,Home,4800,3200,10.0,4800,480.0,4320.0,3200,1120.0,Credit Card,Mumbai,Air Fryer,Regular
O00698,C0254,P013,2025-01-03,4,Beauty,850,500,5.0,3400,170.0,3230.0,2000,1230.0,Credit Card,Kolkata,Face Serum,Regular
O00699,C0043,P010,2025-05-24,2,Fashion,1800,1000,0.0,3600,0.0,3600.0,2000,1600.0,UPI,Bengaluru,Backpack,Budget
O00700,C0017,P002,2025-01-30,1,Electronics,5000,3500,20.0,5000,1000.0,4000.0,3500,500.0,UPI,Mumbai,Smart Watch,Premium
O00701,C0063,P010,2025-08-25,4,Fashion,1800,1000,10.0,7200,720.0,6480.0,4000,2480.0,Debit Card,Delhi,Backpack,Regular
O00702,C0253,P015,2025-10-06,1,Beauty,2500,1600,10.0,2500,250.0,2250.0,1600,650.0,UPI,Ahmedabad,Hair Dryer,Premium
O00703,C0465,P004,2025-12-14,2,Electronics,1200,700,10.0,2400,240.0,2160.0,1400,760.0,UPI,Delhi,Power Bank,Regular
O00704,C0376,P010,2025-04-25,3,Fashion,1800,1000,20.0,5400,1080.0,4320.0,3000,1320.0,UPI,Hyderabad,Backpack,Premium
O00705,C0292,P009,2025-04-14,4,Fashion,3500,2200,0.0,14000,0.0,14000.0,8800,5200.0,Debit Card,Pune,Running Shoes,Regular
O00706,C0469,P009,2025-04-28,1,Fashion,3500,2200,20.0,3500,700.0,2800.0,2200,600.0,UPI,Ahmedabad,Running Shoes,Budget
O00707,C0008,P006,2025-01-05,1,Home,4800,3200,20.0,4800,960.0,3840.0,3200,640.0,Cash on Delivery,Ahmedabad,Air Fryer,Regular
O00708,C0325,P013,2025-12-26,1,Beauty,850,500,20.0,850,170.0,680.0,500,180.0,UPI,Chennai,Face Serum,Premium
O00709,C0090,P004,2025-09-05,1,Electronics,1200,700,10.0,1200,120.0,1080.0,700,380.0,UPI,Mumbai,Power Bank,Budget
O00710,C0208,P007,2025-12-30,2,Home,1000,600,5.0,2000,100.0,1900.0,1200,700.0,Debit Card,Hyderabad,Table Lamp,Premium
O00711,C0292,P014,2025-11-17,3,Beauty,1500,900,10.0,4500,450.0,4050.0,2700,1350.0,UPI,Pune,Skin Care Kit,Regular
O00712,C0284,P001,2025-05-01,1,Electronics,2500,1800,10.0,2500,250.0,2250.0,1800,450.0,Credit Card,Kolkata,Wireless Headphones,Regular
O00713,C0118,P012,2025-10-13,2,Fashion,2100,1300,5.0,4200,210.0,3990.0,2600,1390.0,UPI,Hyderabad,Jeans,Premium
O00714,C0349,P004,2025-05-29,1,Electronics,1200,700,15.0,1200,180.0,1020.0,700,320.0,UPI,Chennai,Power Bank,Premium
O00715,C0175,P005,2025-03-25,2,Home,4200,2800,10.0,8400,840.0,7560.0,5600,1960.0,UPI,Delhi,Coffee Maker,Premium
O00716,C0076,P008,2025-08-19,1,Home,1500,900,20.0,1500,300.0,1200.0,900,300.0,Cash on Delivery,Kolkata,Bedsheet Set,Budget
O00717,C0101,P012,2025-10-15,4,Fashion,2100,1300,0.0,8400,0.0,8400.0,5200,3200.0,Credit Card,Ahmedabad,Jeans,Premium
O00718,C0414,P002,2025-06-10,1,Electronics,5000,3500,15.0,5000,750.0,4250.0,3500,750.0,Debit Card,Bengaluru,Smart Watch,Regular
O00719,C0151,P012,2025-09-29,1,Fashion,2100,1300,15.0,2100,315.0,1785.0,1300,485.0,UPI,Ahmedabad,Jeans,Regular
O00720,C0400,P005,2025-02-07,2,Home,4200,2800,15.0,8400,1260.0,7140.0,5600,1540.0,Credit Card,Hyderabad,Coffee Maker,Premium
O00721,C0270,P006,2025-08-14,1,Home,4800,3200,20.0,4800,960.0,3840.0,3200,640.0,Credit Card,Kolkata,Air Fryer,Regular
O00722,C0458,P005,2025-05-22,4,Home,4200,2800,15.0,16800,2520.0,14280.0,11200,3080.0,Cash on Delivery,Hyderabad,Coffee Maker,Regular
O00723,C0071,P015,2025-10-19,1,Beauty,2500,1600,20.0,2500,500.0,2000.0,1600,400.0,Debit Card,Kolkata,Hair Dryer,Regular
O00724,C0493,P013,2025-05-31,1,Beauty,850,500,10.0,850,85.0,765.0,500,265.0,Debit Card,Mumbai,Face Serum,Premium
O00725,C0180,P009,2025-04-24,1,Fashion,3500,2200,10.0,3500,350.0,3150.0,2200,950.0,UPI,Kolkata,Running Shoes,Regular
O00726,C0124,P010,2025-08-25,1,Fashion,1800,1000,0.0,1800,0.0,1800.0,1000,800.0,Credit Card,Bengaluru,Backpack,Premium
O00727,C0381,P001,2025-03-07,2,Electronics,2500,1800,0.0,5000,0.0,5000.0,3600,1400.0,Credit Card,Pune,Wireless Headphones,Budget
O00728,C0293,P014,2025-12-27,1,Beauty,1500,900,5.0,1500,75.0,1425.0,900,525.0,Cash on Delivery,Chennai,Skin Care Kit,Regular
O00729,C0285,P003,2025-12-07,2,Electronics,2200,1400,0.0,4400,0.0,4400.0,2800,1600.0,UPI,Pune,Bluetooth Speaker,Regular
O00730,C0195,P014,2025-09-15,1,Beauty,1500,900,5.0,1500,75.0,1425.0,900,525.0,UPI,Ahmedabad,Skin Care Kit,Budget
O00731,C0399,P002,2025-09-06,2,Electronics,5000,3500,5.0,10000,500.0,9500.0,7000,2500.0,UPI,Ahmedabad,Smart Watch,Regular
O00732,C0228,P012,2025-11-27,2,Fashion,2100,1300,0.0,4200,0.0,4200.0,2600,1600.0,UPI,Pune,Jeans,Budget
O00733,C0431,P013,2025-11-19,1,Beauty,850,500,20.0,850,170.0,680.0,500,180.0,UPI,Delhi,Face Serum,Regular
O00734,C0430,P003,2025-06-29,2,Electronics,2200,1400,0.0,4400,0.0,4400.0,2800,1600.0,Debit Card,Chennai,Bluetooth Speaker,Regular
O00735,C0436,P010,2025-07-09,2,Fashion,1800,1000,15.0,3600,540.0,3060.0,2000,1060.0,Credit Card,Bengaluru,Backpack,Premium
O00736,C0275,P009,2025-06-03,3,Fashion,3500,2200,5.0,10500,525.0,9975.0,6600,3375.0,Debit Card,Chennai,Running Shoes,Regular
O00737,C0461,P013,2025-07-15,1,Beauty,850,500,20.0,850,170.0,680.0,500,180.0,Debit Card,Kolkata,Face Serum,Budget
O00738,C0106,P014,2025-11-07,4,Beauty,1500,900,20.0,6000,1200.0,4800.0,3600,1200.0,UPI,Mumbai,Skin Care Kit,Regular
O00739,C0021,P009,2025-09-19,3,Fashion,3500,2200,15.0,10500,1575.0,8925.0,6600,2325.0,Credit Card,Chennai,Running Shoes,Premium
O00740,C0064,P010,2025-05-23,2,Fashion,1800,1000,15.0,3600,540.0,3060.0,2000,1060.0,UPI,Delhi,Backpack,Budget
O00741,C0165,P002,2025-12-08,4,Electronics,5000,3500,0.0,20000,0.0,20000.0,14000,6000.0,Cash on Delivery,Chennai,Smart Watch,Budget
O00742,C0027,P014,2025-11-12,2,Beauty,1500,900,25.0,3000,750.0,2250.0,1800,450.0,UPI,Bengaluru,Skin Care Kit,Regular
O00743,C0311,P003,2025-04-11,1,Electronics,2200,1400,20.0,2200,440.0,1760.0,1400,360.0,UPI,Delhi,Bluetooth Speaker,Regular
O00744,C0500,P014,2025-09-01,4,Beauty,1500,900,20.0,6000,1200.0,4800.0,3600,1200.0,UPI,Mumbai,Skin Care Kit,Regular
O00745,C0285,P004,2025-01-12,3,Electronics,1200,700,15.0,3600,540.0,3060.0,2100,960.0,Credit Card,Pune,Power Bank,Regular
O00746,C0148,P009,2025-08-27,2,Fashion,3500,2200,10.0,7000,700.0,6300.0,4400,1900.0,UPI,Hyderabad,Running Shoes,Budget
O00747,C0281,P003,2025-02-18,3,Electronics,2200,1400,20.0,6600,1320.0,5280.0,4200,1080.0,UPI,Chennai,Bluetooth Speaker,Budget
O00748,C0326,P013,2025-02-11,1,Beauty,850,500,5.0,850,42.5,807.5,500,307.5,Debit Card,Bengaluru,Face Serum,Regular
O00749,C0319,P007,2025-06-15,4,Home,1000,600,15.0,4000,600.0,3400.0,2400,1000.0,Debit Card,Hyderabad,Table Lamp,Regular
O00750,C0164,P012,2025-03-23,4,Fashion,2100,1300,0.0,8400,0.0,8400.0,5200,3200.0,UPI,Ahmedabad,Jeans,Premium
O00751,C0386,P003,2025-10-18,1,Electronics,2200,1400,20.0,2200,440.0,1760.0,1400,360.0,Credit Card,Bengaluru,Bluetooth Speaker,Budget
O00752,C0406,P007,2025-06-07,2,Home,1000,600,0.0,2000,0.0,2000.0,1200,800.0,Debit Card,Ahmedabad,Table Lamp,Regular
O00753,C0224,P007,2025-08-04,2,Home,1000,600,5.0,2000,100.0,1900.0,1200,700.0,UPI,Pune,Table Lamp,Premium
O00754,C0272,P009,2025-06-07,3,Fashion,3500,2200,15.0,10500,1575.0,8925.0,6600,2325.0,Debit Card,Pune,Running Shoes,Regular
O00755,C0146,P002,2025-05-14,4,Electronics,5000,3500,15.0,20000,3000.0,17000.0,14000,3000.0,UPI,Mumbai,Smart Watch,Regular
O00756,C0453,P013,2025-03-08,2,Beauty,850,500,15.0,1700,255.0,1445.0,1000,445.0,Credit Card,Mumbai,Face Serum,Regular
O00757,C0438,P006,2025-12-02,3,Home,4800,3200,5.0,14400,720.0,13680.0,9600,4080.0,Credit Card,Delhi,Air Fryer,Budget
O00758,C0356,P009,2025-01-07,3,Fashion,3500,2200,0.0,10500,0.0,10500.0,6600,3900.0,Credit Card,Mumbai,Running Shoes,Regular
O00759,C0030,P012,2025-01-14,1,Fashion,2100,1300,15.0,2100,315.0,1785.0,1300,485.0,Debit Card,Hyderabad,Jeans,Budget
O00760,C0045,P015,2025-03-14,4,Beauty,2500,1600,25.0,10000,2500.0,7500.0,6400,1100.0,UPI,Kolkata,Hair Dryer,Premium
O00761,C0275,P012,2025-06-12,2,Fashion,2100,1300,20.0,4200,840.0,3360.0,2600,760.0,UPI,Chennai,Jeans,Regular
O00762,C0471,P015,2025-03-07,4,Beauty,2500,1600,10.0,10000,1000.0,9000.0,6400,2600.0,Credit Card,Pune,Hair Dryer,Regular
O00763,C0034,P002,2025-12-13,1,Electronics,5000,3500,20.0,5000,1000.0,4000.0,3500,500.0,Debit Card,Bengaluru,Smart Watch,Budget
O00764,C0141,P002,2025-05-10,3,Electronics,5000,3500,10.0,15000,1500.0,13500.0,10500,3000.0,UPI,Mumbai,Smart Watch,Regular
O00765,C0427,P013,2025-07-25,1,Beauty,850,500,10.0,850,85.0,765.0,500,265.0,Debit Card,Mumbai,Face Serum,Regular
O00766,C0318,P014,2025-10-03,1,Beauty,1500,900,10.0,1500,150.0,1350.0,900,450.0,UPI,Delhi,Skin Care Kit,Premium
O00767,C0374,P005,2025-09-13,2,Home,4200,2800,10.0,8400,840.0,7560.0,5600,1960.0,UPI,Mumbai,Coffee Maker,Budget
O00768,C0221,P010,2025-09-23,2,Fashion,1800,1000,15.0,3600,540.0,3060.0,2000,1060.0,Debit Card,Mumbai,Backpack,Regular
O00769,C0356,P010,2025-01-25,2,Fashion,1800,1000,10.0,3600,360.0,3240.0,2000,1240.0,UPI,Mumbai,Backpack,Regular
O00770,C0022,P012,2025-10-08,1,Fashion,2100,1300,10.0,2100,210.0,1890.0,1300,590.0,Credit Card,Hyderabad,Jeans,Regular
O00771,C0180,P010,2025-09-10,1,Fashion,1800,1000,5.0,1800,90.0,1710.0,1000,710.0,UPI,Kolkata,Backpack,Regular
O00772,C0436,P008,2025-11-06,2,Home,1500,900,0.0,3000,0.0,3000.0,1800,1200.0,UPI,Bengaluru,Bedsheet Set,Premium
O00773,C0367,P011,2025-10-16,1,Fashion,2000,1200,15.0,2000,300.0,1700.0,1200,500.0,Credit Card,Pune,Hoodie,Regular
O00774,C0420,P015,2025-06-13,1,Beauty,2500,1600,5.0,2500,125.0,2375.0,1600,775.0,Credit Card,Delhi,Hair Dryer,Budget
O00775,C0329,P009,2025-04-05,3,Fashion,3500,2200,0.0,10500,0.0,10500.0,6600,3900.0,UPI,Ahmedabad,Running Shoes,Premium
O00776,C0231,P002,2025-09-27,2,Electronics,5000,3500,15.0,10000,1500.0,8500.0,7000,1500.0,UPI,Pune,Smart Watch,Premium
O00777,C0499,P005,2025-11-17,1,Home,4200,2800,15.0,4200,630.0,3570.0,2800,770.0,UPI,Mumbai,Coffee Maker,Budget
O00778,C0403,P014,2025-04-20,3,Beauty,1500,900,15.0,4500,675.0,3825.0,2700,1125.0,Credit Card,Ahmedabad,Skin Care Kit,Budget
O00779,C0038,P007,2025-12-02,4,Home,1000,600,10.0,4000,400.0,3600.0,2400,1200.0,Cash on Delivery,Hyderabad,Table Lamp,Budget
O00780,C0070,P015,2025-11-06,1,Beauty,2500,1600,20.0,2500,500.0,2000.0,1600,400.0,Debit Card,Bengaluru,Hair Dryer,Premium
O00781,C0116,P006,2025-08-26,1,Home,4800,3200,20.0,4800,960.0,3840.0,3200,640.0,UPI,Bengaluru,Air Fryer,Regular
O00782,C0239,P006,2025-01-25,4,Home,4800,3200,20.0,19200,3840.0,15360.0,12800,2560.0,UPI,Delhi,Air Fryer,Regular
O00783,C0335,P007,2025-05-21,1,Home,1000,600,15.0,1000,150.0,850.0,600,250.0,Cash on Delivery,Pune,Table Lamp,Premium
O00784,C0441,P003,2025-04-27,1,Electronics,2200,1400,10.0,2200,220.0,1980.0,1400,580.0,Credit Card,Mumbai,Bluetooth Speaker,Regular
O00785,C0148,P013,2025-01-25,2,Beauty,850,500,25.0,1700,425.0,1275.0,1000,275.0,Credit Card,Hyderabad,Face Serum,Budget
O00786,C0009,P003,2025-03-20,3,Electronics,2200,1400,5.0,6600,330.0,6270.0,4200,2070.0,Debit Card,Pune,Bluetooth Speaker,Regular
O00787,C0288,P010,2025-03-09,2,Fashion,1800,1000,5.0,3600,180.0,3420.0,2000,1420.0,UPI,Delhi,Backpack,Regular
O00788,C0388,P009,2025-06-22,1,Fashion,3500,2200,10.0,3500,350.0,3150.0,2200,950.0,Credit Card,Bengaluru,Running Shoes,Budget
O00789,C0050,P014,2025-01-12,1,Beauty,1500,900,0.0,1500,0.0,1500.0,900,600.0,Cash on Delivery,Hyderabad,Skin Care Kit,Regular
O00790,C0338,P008,2025-10-15,1,Home,1500,900,25.0,1500,375.0,1125.0,900,225.0,Credit Card,Bengaluru,Bedsheet Set,Premium
O00791,C0005,P005,2025-05-08,1,Home,4200,2800,15.0,4200,630.0,3570.0,2800,770.0,UPI,Ahmedabad,Coffee Maker,Premium
O00792,C0404,P006,2025-04-06,4,Home,4800,3200,15.0,19200,2880.0,16320.0,12800,3520.0,UPI,Mumbai,Air Fryer,Premium
O00793,C0343,P011,2025-04-02,3,Fashion,2000,1200,15.0,6000,900.0,5100.0,3600,1500.0,UPI,Hyderabad,Hoodie,Premium
O00794,C0126,P012,2025-05-21,2,Fashion,2100,1300,10.0,4200,420.0,3780.0,2600,1180.0,Debit Card,Chennai,Jeans,Budget
O00795,C0075,P010,2025-01-31,2,Fashion,1800,1000,0.0,3600,0.0,3600.0,2000,1600.0,UPI,Delhi,Backpack,Budget
O00796,C0165,P001,2025-11-30,1,Electronics,2500,1800,15.0,2500,375.0,2125.0,1800,325.0,UPI,Chennai,Wireless Headphones,Budget
O00797,C0278,P010,2025-01-20,1,Fashion,1800,1000,15.0,1800,270.0,1530.0,1000,530.0,Cash on Delivery,Pune,Backpack,Regular
O00798,C0442,P012,2025-05-26,1,Fashion,2100,1300,10.0,2100,210.0,1890.0,1300,590.0,UPI,Chennai,Jeans,Budget
O00799,C0324,P001,2025-11-12,2,Electronics,2500,1800,15.0,5000,750.0,4250.0,3600,650.0,UPI,Chennai,Wireless Headphones,Regular
O00800,C0477,P004,2025-06-09,3,Electronics,1200,700,5.0,3600,180.0,3420.0,2100,1320.0,UPI,Kolkata,Power Bank,Regular
O00801,C0300,P002,2025-12-15,2,Electronics,5000,3500,5.0,10000,500.0,9500.0,7000,2500.0,UPI,Hyderabad,Smart Watch,Premium
O00802,C0290,P011,2025-02-12,2,Fashion,2000,1200,5.0,4000,200.0,3800.0,2400,1400.0,UPI,Bengaluru,Hoodie,Budget
O00803,C0077,P007,2025-09-11,1,Home,1000,600,10.0,1000,100.0,900.0,600,300.0,Cash on Delivery,Hyderabad,Table Lamp,Regular
O00804,C0298,P002,2025-05-10,4,Electronics,5000,3500,20.0,20000,4000.0,16000.0,14000,2000.0,Debit Card,Pune,Smart Watch,Premium
O00805,C0137,P010,2025-03-01,1,Fashion,1800,1000,20.0,1800,360.0,1440.0,1000,440.0,Credit Card,Pune,Backpack,Premium
O00806,C0106,P002,2025-05-31,1,Electronics,5000,3500,10.0,5000,500.0,4500.0,3500,1000.0,UPI,Mumbai,Smart Watch,Regular
O00807,C0095,P005,2025-10-14,1,Home,4200,2800,15.0,4200,630.0,3570.0,2800,770.0,Credit Card,Pune,Coffee Maker,Regular
O00808,C0135,P004,2025-01-05,1,Electronics,1200,700,15.0,1200,180.0,1020.0,700,320.0,UPI,Hyderabad,Power Bank,Regular
O00809,C0068,P008,2025-09-23,1,Home,1500,900,5.0,1500,75.0,1425.0,900,525.0,UPI,Delhi,Bedsheet Set,Premium
O00810,C0147,P004,2025-12-11,2,Electronics,1200,700,5.0,2400,120.0,2280.0,1400,880.0,Cash on Delivery,Kolkata,Power Bank,Regular
O00811,C0490,P014,2025-05-10,2,Beauty,1500,900,25.0,3000,750.0,2250.0,1800,450.0,UPI,Bengaluru,Skin Care Kit,Regular
O00812,C0478,P012,2025-09-24,2,Fashion,2100,1300,15.0,4200,630.0,3570.0,2600,970.0,UPI,Bengaluru,Jeans,Regular
O00813,C0159,P006,2025-06-27,1,Home,4800,3200,25.0,4800,1200.0,3600.0,3200,400.0,Credit Card,Ahmedabad,Air Fryer,Premium
O00814,C0384,P005,2025-09-10,1,Home,4200,2800,10.0,4200,420.0,3780.0,2800,980.0,Credit Card,Chennai,Coffee Maker,Regular
O00815,C0163,P011,2025-02-25,1,Fashion,2000,1200,15.0,2000,300.0,1700.0,1200,500.0,UPI,Pune,Hoodie,Regular
O00816,C0441,P014,2025-03-24,2,Beauty,1500,900,5.0,3000,150.0,2850.0,1800,1050.0,UPI,Mumbai,Skin Care Kit,Regular
O00817,C0341,P002,2025-04-09,1,Electronics,5000,3500,5.0,5000,250.0,4750.0,3500,1250.0,UPI,Chennai,Smart Watch,Regular
O00818,C0189,P011,2025-05-29,2,Fashion,2000,1200,10.0,4000,400.0,3600.0,2400,1200.0,Credit Card,Mumbai,Hoodie,Regular
O00819,C0415,P015,2025-11-25,1,Beauty,2500,1600,10.0,2500,250.0,2250.0,1600,650.0,UPI,Bengaluru,Hair Dryer,Premium
O00820,C0339,P013,2025-06-05,2,Beauty,850,500,5.0,1700,85.0,1615.0,1000,615.0,UPI,Bengaluru,Face Serum,Regular
O00821,C0095,P012,2025-07-09,1,Fashion,2100,1300,5.0,2100,105.0,1995.0,1300,695.0,Credit Card,Pune,Jeans,Regular
O00822,C0181,P014,2025-09-20,4,Beauty,1500,900,0.0,6000,0.0,6000.0,3600,2400.0,Debit Card,Kolkata,Skin Care Kit,Regular
O00823,C0288,P008,2025-03-21,2,Home,1500,900,15.0,3000,450.0,2550.0,1800,750.0,UPI,Delhi,Bedsheet Set,Regular
O00824,C0322,P002,2025-09-09,3,Electronics,5000,3500,10.0,15000,1500.0,13500.0,10500,3000.0,UPI,Hyderabad,Smart Watch,Regular
O00825,C0187,P009,2025-04-07,1,Fashion,3500,2200,0.0,3500,0.0,3500.0,2200,1300.0,Credit Card,Ahmedabad,Running Shoes,Premium
O00826,C0372,P015,2025-09-17,1,Beauty,2500,1600,5.0,2500,125.0,2375.0,1600,775.0,Debit Card,Mumbai,Hair Dryer,Regular
O00827,C0138,P009,2025-09-17,2,Fashion,3500,2200,0.0,7000,0.0,7000.0,4400,2600.0,UPI,Kolkata,Running Shoes,Premium
O00828,C0130,P003,2025-04-13,3,Electronics,2200,1400,15.0,6600,990.0,5610.0,4200,1410.0,UPI,Delhi,Bluetooth Speaker,Budget
O00829,C0194,P004,2025-02-09,3,Electronics,1200,700,0.0,3600,0.0,3600.0,2100,1500.0,UPI,Ahmedabad,Power Bank,Regular
O00830,C0316,P008,2025-09-30,1,Home,1500,900,15.0,1500,225.0,1275.0,900,375.0,UPI,Bengaluru,Bedsheet Set,Regular
O00831,C0472,P009,2025-04-11,2,Fashion,3500,2200,0.0,7000,0.0,7000.0,4400,2600.0,Credit Card,Delhi,Running Shoes,Regular
O00832,C0273,P003,2025-12-25,1,Electronics,2200,1400,5.0,2200,110.0,2090.0,1400,690.0,UPI,Ahmedabad,Bluetooth Speaker,Premium
O00833,C0352,P005,2025-11-04,3,Home,4200,2800,20.0,12600,2520.0,10080.0,8400,1680.0,Debit Card,Bengaluru,Coffee Maker,Premium
O00834,C0144,P011,2025-08-09,1,Fashion,2000,1200,15.0,2000,300.0,1700.0,1200,500.0,Credit Card,Hyderabad,Hoodie,Budget
O00835,C0016,P015,2025-11-04,2,Beauty,2500,1600,0.0,5000,0.0,5000.0,3200,1800.0,Credit Card,Bengaluru,Hair Dryer,Regular
O00836,C0302,P008,2025-05-04,4,Home,1500,900,20.0,6000,1200.0,4800.0,3600,1200.0,UPI,Mumbai,Bedsheet Set,Budget
O00837,C0423,P003,2025-08-19,2,Electronics,2200,1400,10.0,4400,440.0,3960.0,2800,1160.0,Credit Card,Pune,Bluetooth Speaker,Regular
O00838,C0245,P007,2025-06-27,4,Home,1000,600,20.0,4000,800.0,3200.0,2400,800.0,UPI,Pune,Table Lamp,Premium
O00839,C0415,P011,2025-03-04,1,Fashion,2000,1200,15.0,2000,300.0,1700.0,1200,500.0,Debit Card,Bengaluru,Hoodie,Premium
O00840,C0107,P008,2025-04-26,2,Home,1500,900,15.0,3000,450.0,2550.0,1800,750.0,Cash on Delivery,Kolkata,Bedsheet Set,Budget
O00841,C0088,P010,2025-07-10,2,Fashion,1800,1000,25.0,3600,900.0,2700.0,2000,700.0,UPI,Ahmedabad,Backpack,Regular
O00842,C0129,P011,2025-03-03,1,Fashion,2000,1200,5.0,2000,100.0,1900.0,1200,700.0,UPI,Pune,Hoodie,Regular
O00843,C0395,P014,2025-09-13,4,Beauty,1500,900,15.0,6000,900.0,5100.0,3600,1500.0,UPI,Kolkata,Skin Care Kit,Regular
O00844,C0375,P003,2025-01-07,1,Electronics,2200,1400,10.0,2200,220.0,1980.0,1400,580.0,Credit Card,Hyderabad,Bluetooth Speaker,Regular
O00845,C0341,P002,2025-06-04,1,Electronics,5000,3500,0.0,5000,0.0,5000.0,3500,1500.0,Credit Card,Chennai,Smart Watch,Regular
O00846,C0004,P010,2025-04-02,3,Fashion,1800,1000,0.0,5400,0.0,5400.0,3000,2400.0,Debit Card,Ahmedabad,Backpack,Budget
O00847,C0327,P013,2025-01-14,4,Beauty,850,500,0.0,3400,0.0,3400.0,2000,1400.0,Debit Card,Mumbai,Face Serum,Premium
O00848,C0410,P007,2025-08-17,1,Home,1000,600,15.0,1000,150.0,850.0,600,250.0,UPI,Ahmedabad,Table Lamp,Regular
O00849,C0367,P012,2025-03-27,1,Fashion,2100,1300,15.0,2100,315.0,1785.0,1300,485.0,Credit Card,Pune,Jeans,Regular
O00850,C0306,P009,2025-05-13,2,Fashion,3500,2200,15.0,7000,1050.0,5950.0,4400,1550.0,Credit Card,Delhi,Running Shoes,Budget
O00851,C0396,P001,2025-07-02,4,Electronics,2500,1800,0.0,10000,0.0,10000.0,7200,2800.0,Credit Card,Bengaluru,Wireless Headphones,Premium
O00852,C0095,P003,2025-03-03,4,Electronics,2200,1400,10.0,8800,880.0,7920.0,5600,2320.0,Credit Card,Pune,Bluetooth Speaker,Regular
O00853,C0209,P005,2025-08-07,3,Home,4200,2800,20.0,12600,2520.0,10080.0,8400,1680.0,Credit Card,Delhi,Coffee Maker,Regular
O00854,C0225,P003,2025-09-03,3,Electronics,2200,1400,10.0,6600,660.0,5940.0,4200,1740.0,Credit Card,Hyderabad,Bluetooth Speaker,Regular
O00855,C0459,P001,2025-08-18,2,Electronics,2500,1800,15.0,5000,750.0,4250.0,3600,650.0,Credit Card,Kolkata,Wireless Headphones,Regular
O00856,C0348,P015,2025-03-20,3,Beauty,2500,1600,15.0,7500,1125.0,6375.0,4800,1575.0,Credit Card,Delhi,Hair Dryer,Budget
O00857,C0480,P007,2025-05-29,1,Home,1000,600,15.0,1000,150.0,850.0,600,250.0,Debit Card,Kolkata,Table Lamp,Budget
O00858,C0321,P007,2025-05-18,2,Home,1000,600,10.0,2000,200.0,1800.0,1200,600.0,Credit Card,Chennai,Table Lamp,Regular
O00859,C0047,P010,2025-11-10,2,Fashion,1800,1000,20.0,3600,720.0,2880.0,2000,880.0,Credit Card,Pune,Backpack,Premium
O00860,C0476,P012,2025-03-06,1,Fashion,2100,1300,10.0,2100,210.0,1890.0,1300,590.0,Credit Card,Bengaluru,Jeans,Budget
O00861,C0181,P008,2025-01-13,1,Home,1500,900,20.0,1500,300.0,1200.0,900,300.0,UPI,Kolkata,Bedsheet Set,Regular
O00862,C0106,P005,2025-08-01,4,Home,4200,2800,5.0,16800,840.0,15960.0,11200,4760.0,UPI,Mumbai,Coffee Maker,Regular
O00863,C0199,P010,2025-08-30,1,Fashion,1800,1000,5.0,1800,90.0,1710.0,1000,710.0,UPI,Hyderabad,Backpack,Regular
O00864,C0386,P012,2025-08-01,1,Fashion,2100,1300,0.0,2100,0.0,2100.0,1300,800.0,Credit Card,Bengaluru,Jeans,Budget
O00865,C0106,P005,2025-06-30,2,Home,4200,2800,15.0,8400,1260.0,7140.0,5600,1540.0,Credit Card,Mumbai,Coffee Maker,Regular
O00866,C0280,P005,2025-12-04,4,Home,4200,2800,10.0,16800,1680.0,15120.0,11200,3920.0,Cash on Delivery,Pune,Coffee Maker,Regular
O00867,C0260,P001,2025-06-22,3,Electronics,2500,1800,5.0,7500,375.0,7125.0,5400,1725.0,UPI,,Wireless Headphones,Regular
O00868,C0108,P010,2025-06-09,1,Fashion,1800,1000,5.0,1800,90.0,1710.0,1000,710.0,UPI,Kolkata,Backpack,Premium
O00869,C0019,P005,2025-06-13,2,Home,4200,2800,20.0,8400,1680.0,6720.0,5600,1120.0,UPI,Mumbai,Coffee Maker,Regular
O00870,C0410,P006,2025-07-07,2,Home,4800,3200,20.0,9600,1920.0,7680.0,6400,1280.0,UPI,Ahmedabad,Air Fryer,Regular
O00871,C0459,P015,2025-07-10,1,Beauty,2500,1600,15.0,2500,375.0,2125.0,1600,525.0,Debit Card,Kolkata,Hair Dryer,Regular
O00872,C0296,P013,2025-11-04,1,Beauty,850,500,15.0,850,127.5,722.5,500,222.5,UPI,Mumbai,Face Serum,Budget
O00873,C0306,P012,2025-09-13,3,Fashion,2100,1300,10.0,6300,630.0,5670.0,3900,1770.0,Credit Card,Delhi,Jeans,Budget
O00874,C0171,P001,2025-07-02,2,Electronics,2500,1800,10.0,5000,500.0,4500.0,3600,900.0,Credit Card,Bengaluru,Wireless Headphones,Regular
O00875,C0331,P011,2025-04-27,1,Fashion,2000,1200,20.0,2000,400.0,1600.0,1200,400.0,Credit Card,Kolkata,Hoodie,Premium
O00876,C0493,P007,2025-10-09,2,Home,1000,600,0.0,2000,0.0,2000.0,1200,800.0,Debit Card,Mumbai,Table Lamp,Premium
O00877,C0195,P001,2025-07-15,2,Electronics,2500,1800,10.0,5000,500.0,4500.0,3600,900.0,UPI,Ahmedabad,Wireless Headphones,Budget
O00878,C0012,P011,2025-02-03,4,Fashion,2000,1200,10.0,8000,800.0,7200.0,4800,2400.0,UPI,Kolkata,Hoodie,Premium
O00879,C0195,P002,2025-02-21,4,Electronics,5000,3500,10.0,20000,2000.0,18000.0,14000,4000.0,Debit Card,Ahmedabad,Smart Watch,Budget
O00880,C0490,P002,2025-04-22,3,Electronics,5000,3500,10.0,15000,1500.0,13500.0,10500,3000.0,Debit Card,Bengaluru,Smart Watch,Regular
O00881,C0283,P005,2025-09-09,4,Home,4200,2800,10.0,16800,1680.0,15120.0,11200,3920.0,UPI,Pune,Coffee Maker,Regular
O00882,C0369,P014,2025-03-23,1,Beauty,1500,900,0.0,1500,0.0,1500.0,900,600.0,UPI,Hyderabad,Skin Care Kit,Regular
O00883,C0182,P010,2025-08-20,3,Fashion,1800,1000,10.0,5400,540.0,4860.0,3000,1860.0,UPI,Mumbai,Backpack,Regular
O00884,C0450,P013,2025-08-15,3,Beauty,850,500,5.0,2550,127.5,2422.5,1500,922.5,UPI,Mumbai,Face Serum,Premium
O00885,C0305,P007,2025-08-21,2,Home,1000,600,5.0,2000,100.0,1900.0,1200,700.0,Cash on Delivery,Ahmedabad,Table Lamp,Regular
O00886,C0144,P001,2025-08-09,2,Electronics,2500,1800,0.0,5000,0.0,5000.0,3600,1400.0,Credit Card,Hyderabad,Wireless Headphones,Budget
O00887,C0386,P010,2025-02-11,2,Fashion,1800,1000,15.0,3600,540.0,3060.0,2000,1060.0,UPI,Bengaluru,Backpack,Budget
O00888,C0316,P001,2025-01-21,1,Electronics,2500,1800,10.0,2500,250.0,2250.0,1800,450.0,Debit Card,Bengaluru,Wireless Headphones,Regular
O00889,C0182,P001,2025-02-11,1,Electronics,2500,1800,15.0,2500,375.0,2125.0,1800,325.0,Credit Card,Mumbai,Wireless Headphones,Regular
O00890,C0030,P006,2025-04-23,1,Home,4800,3200,15.0,4800,720.0,4080.0,3200,880.0,UPI,Hyderabad,Air Fryer,Budget
O00891,C0084,P002,2025-04-15,2,Electronics,5000,3500,15.0,10000,1500.0,8500.0,7000,1500.0,Cash on Delivery,Chennai,Smart Watch,Budget
O00892,C0166,P001,2025-07-11,2,Electronics,2500,1800,10.0,5000,500.0,4500.0,3600,900.0,Debit Card,Pune,Wireless Headphones,Budget
O00893,C0284,P006,2025-01-17,1,Home,4800,3200,10.0,4800,480.0,4320.0,3200,1120.0,Debit Card,Kolkata,Air Fryer,Regular
O00894,C0281,P014,2025-04-30,2,Beauty,1500,900,10.0,3000,300.0,2700.0,1800,900.0,Credit Card,Chennai,Skin Care Kit,Budget
O00895,C0096,P002,2025-05-09,1,Electronics,5000,3500,15.0,5000,750.0,4250.0,3500,750.0,Debit Card,Pune,Smart Watch,Budget
O00896,C0381,P006,2025-05-10,1,Home,4800,3200,10.0,4800,480.0,4320.0,3200,1120.0,UPI,Pune,Air Fryer,Budget
O00897,C0266,P010,2025-03-01,1,Fashion,1800,1000,20.0,1800,360.0,1440.0,1000,440.0,Credit Card,Mumbai,Backpack,Regular
O00898,C0444,P008,2025-02-17,2,Home,1500,900,20.0,3000,600.0,2400.0,1800,600.0,Cash on Delivery,Ahmedabad,Bedsheet Set,Regular
O00899,C0298,P002,2025-01-29,1,Electronics,5000,3500,5.0,5000,250.0,4750.0,3500,1250.0,UPI,Pune,Smart Watch,Premium
O00900,C0296,P011,2025-04-07,1,Fashion,2000,1200,0.0,2000,0.0,2000.0,1200,800.0,Debit Card,Mumbai,Hoodie,Budget
O00901,C0225,P009,2025-01-10,2,Fashion,3500,2200,15.0,7000,1050.0,5950.0,4400,1550.0,Credit Card,Hyderabad,Running Shoes,Regular
O00902,C0333,P008,2025-08-30,3,Home,1500,900,10.0,4500,450.0,4050.0,2700,1350.0,UPI,Kolkata,Bedsheet Set,Regular
O00903,C0361,P012,2025-11-10,3,Fashion,2100,1300,0.0,6300,0.0,6300.0,3900,2400.0,Debit Card,Hyderabad,Jeans,Budget
O00904,C0374,P010,2025-08-20,4,Fashion,1800,1000,20.0,7200,1440.0,5760.0,4000,1760.0,UPI,Mumbai,Backpack,Budget
O00905,C0042,P001,2025-10-04,1,Electronics,2500,1800,5.0,2500,125.0,2375.0,1800,575.0,Credit Card,Hyderabad,Wireless Headphones,Premium
O00906,C0303,P007,2025-10-11,2,Home,1000,600,20.0,2000,400.0,1600.0,1200,400.0,UPI,Mumbai,Table Lamp,Regular
O00907,C0421,P014,2025-07-22,4,Beauty,1500,900,15.0,6000,900.0,5100.0,3600,1500.0,Cash on Delivery,Pune,Skin Care Kit,Premium
O00908,C0246,P013,2025-09-04,3,Beauty,850,500,15.0,2550,382.5,2167.5,1500,667.5,UPI,Pune,Face Serum,Regular
O00909,C0208,P010,2025-10-17,1,Fashion,1800,1000,5.0,1800,90.0,1710.0,1000,710.0,UPI,Hyderabad,Backpack,Premium
O00910,C0237,P006,2025-09-21,4,Home,4800,3200,5.0,19200,960.0,18240.0,12800,5440.0,UPI,Kolkata,Air Fryer,Regular
O00911,C0022,P014,2025-08-02,2,Beauty,1500,900,10.0,3000,300.0,2700.0,1800,900.0,Cash on Delivery,Hyderabad,Skin Care Kit,Regular
O00912,C0185,P006,2025-07-19,1,Home,4800,3200,5.0,4800,240.0,4560.0,3200,1360.0,Debit Card,Chennai,Air Fryer,Regular
O00913,C0468,P006,2025-03-20,1,Home,4800,3200,10.0,4800,480.0,4320.0,3200,1120.0,Debit Card,Chennai,Air Fryer,Regular
O00914,C0242,P006,2025-12-09,2,Home,4800,3200,10.0,9600,960.0,8640.0,6400,2240.0,Credit Card,Chennai,Air Fryer,Regular
O00915,C0363,P010,2025-12-10,4,Fashion,1800,1000,5.0,7200,360.0,6840.0,4000,2840.0,Credit Card,Kolkata,Backpack,Budget
O00916,C0283,P007,2025-06-22,2,Home,1000,600,5.0,2000,100.0,1900.0,1200,700.0,UPI,Pune,Table Lamp,Regular
O00917,C0041,P012,2025-03-10,2,Fashion,2100,1300,15.0,4200,630.0,3570.0,2600,970.0,Credit Card,Ahmedabad,Jeans,Regular
O00918,C0336,P003,2025-03-28,2,Electronics,2200,1400,5.0,4400,220.0,4180.0,2800,1380.0,UPI,Chennai,Bluetooth Speaker,Regular
O00919,C0162,P014,2025-04-11,4,Beauty,1500,900,0.0,6000,0.0,6000.0,3600,2400.0,Cash on Delivery,Kolkata,Skin Care Kit,Premium
O00920,C0160,P006,2025-01-08,2,Home,4800,3200,15.0,9600,1440.0,8160.0,6400,1760.0,Debit Card,Pune,Air Fryer,Regular
O00921,C0474,P003,2025-11-29,2,Electronics,2200,1400,25.0,4400,1100.0,3300.0,2800,500.0,UPI,Bengaluru,Bluetooth Speaker,Premium
O00922,C0089,P007,2025-07-19,3,Home,1000,600,10.0,3000,300.0,2700.0,1800,900.0,UPI,Delhi,Table Lamp,Regular
O00923,C0322,P007,2025-03-28,1,Home,1000,600,0.0,1000,0.0,1000.0,600,400.0,Debit Card,Hyderabad,Table Lamp,Regular
O00924,C0012,P008,2025-02-12,2,Home,1500,900,15.0,3000,450.0,2550.0,1800,750.0,UPI,Kolkata,Bedsheet Set,Premium
O00925,C0424,P002,2025-04-19,1,Electronics,5000,3500,20.0,5000,1000.0,4000.0,3500,500.0,UPI,Chennai,Smart Watch,Premium
O00926,C0073,P009,2025-06-01,1,Fashion,3500,2200,15.0,3500,525.0,2975.0,2200,775.0,UPI,Bengaluru,Running Shoes,Regular
O00927,C0076,P013,2025-01-17,1,Beauty,850,500,15.0,850,127.5,722.5,500,222.5,Credit Card,Kolkata,Face Serum,Budget
O00928,C0346,P005,2025-05-13,1,Home,4200,2800,10.0,4200,420.0,3780.0,2800,980.0,Debit Card,Delhi,Coffee Maker,Regular
O00929,C0201,P009,2025-05-28,4,Fashion,3500,2200,10.0,14000,1400.0,12600.0,8800,3800.0,UPI,Ahmedabad,Running Shoes,Regular
O00930,C0010,P010,2025-10-04,1,Fashion,1800,1000,0.0,1800,0.0,1800.0,1000,800.0,UPI,Hyderabad,Backpack,Regular
O00931,C0352,P005,2025-08-20,1,Home,4200,2800,15.0,4200,630.0,3570.0,2800,770.0,Credit Card,Bengaluru,Coffee Maker,Premium
O00932,C0226,P007,2025-11-10,2,Home,1000,600,15.0,2000,300.0,1700.0,1200,500.0,Debit Card,Ahmedabad,Table Lamp,Regular
O00933,C0176,P011,2025-08-16,1,Fashion,2000,1200,25.0,2000,500.0,1500.0,1200,300.0,UPI,Kolkata,Hoodie,Regular
O00934,C0276,P009,2025-05-19,1,Fashion,3500,2200,5.0,3500,175.0,3325.0,2200,1125.0,UPI,Hyderabad,Running Shoes,Budget
O00935,C0039,P015,2025-07-30,1,Beauty,2500,1600,0.0,2500,0.0,2500.0,1600,900.0,Cash on Delivery,Chennai,Hair Dryer,Budget
O00936,C0060,P004,2025-01-28,4,Electronics,1200,700,10.0,4800,480.0,4320.0,2800,1520.0,Cash on Delivery,Kolkata,Power Bank,Regular
O00937,C0066,P002,2025-02-20,2,Electronics,5000,3500,15.0,10000,1500.0,8500.0,7000,1500.0,Cash on Delivery,Chennai,Smart Watch,Budget
O00938,C0321,P009,2025-09-18,1,Fashion,3500,2200,15.0,3500,525.0,2975.0,2200,775.0,Debit Card,Chennai,Running Shoes,Regular
O00939,C0435,P013,2025-09-18,2,Beauty,850,500,5.0,1700,85.0,1615.0,1000,615.0,UPI,Pune,Face Serum,Regular
O00940,C0124,P002,2025-12-16,1,Electronics,5000,3500,5.0,5000,250.0,4750.0,3500,1250.0,UPI,Bengaluru,Smart Watch,Premium
O00941,C0164,P003,2025-12-18,1,Electronics,2200,1400,10.0,2200,220.0,1980.0,1400,580.0,UPI,Ahmedabad,Bluetooth Speaker,Premium
O00942,C0408,P010,2025-01-08,4,Fashion,1800,1000,10.0,7200,720.0,6480.0,4000,2480.0,UPI,Bengaluru,Backpack,Regular
O00943,C0411,P002,2025-11-16,2,Electronics,5000,3500,20.0,10000,2000.0,8000.0,7000,1000.0,Cash on Delivery,Delhi,Smart Watch,Budget
O00944,C0386,P003,2025-05-18,1,Electronics,2200,1400,10.0,2200,220.0,1980.0,1400,580.0,Debit Card,Bengaluru,Bluetooth Speaker,Budget
O00945,C0159,P006,2025-02-07,1,Home,4800,3200,15.0,4800,720.0,4080.0,3200,880.0,Debit Card,Ahmedabad,Air Fryer,Premium
O00946,C0057,P003,2025-04-21,4,Electronics,2200,1400,15.0,8800,1320.0,7480.0,5600,1880.0,UPI,Kolkata,Bluetooth Speaker,Regular
O00947,C0078,P015,2025-08-08,1,Beauty,2500,1600,15.0,2500,375.0,2125.0,1600,525.0,Cash on Delivery,Mumbai,Hair Dryer,Premium
O00948,C0194,P010,2025-12-03,1,Fashion,1800,1000,10.0,1800,180.0,1620.0,1000,620.0,Debit Card,Ahmedabad,Backpack,Regular
O00949,C0285,P008,2025-08-11,1,Home,1500,900,20.0,1500,300.0,1200.0,900,300.0,UPI,Pune,Bedsheet Set,Regular
O00950,C0015,P011,2025-05-16,4,Fashion,2000,1200,5.0,8000,400.0,7600.0,4800,2800.0,Debit Card,Mumbai,Hoodie,Regular
O00951,C0012,P006,2025-09-13,4,Home,4800,3200,10.0,19200,1920.0,17280.0,12800,4480.0,UPI,Kolkata,Air Fryer,Premium
O00952,C0101,P007,2025-12-26,1,Home,1000,600,5.0,1000,50.0,950.0,600,350.0,UPI,Ahmedabad,Table Lamp,Premium
O00953,C0156,P001,2025-11-25,3,Electronics,2500,1800,10.0,7500,750.0,6750.0,5400,1350.0,Credit Card,Delhi,Wireless Headphones,Premium
O00954,C0340,P003,2025-02-18,2,Electronics,2200,1400,10.0,4400,440.0,3960.0,2800,1160.0,Credit Card,Kolkata,Bluetooth Speaker,Premium
O00955,C0125,P003,2025-10-19,1,Electronics,2200,1400,5.0,2200,110.0,2090.0,1400,690.0,UPI,Kolkata,Bluetooth Speaker,Premium
O00956,C0359,P002,2025-11-20,3,Electronics,5000,3500,25.0,15000,3750.0,11250.0,10500,750.0,UPI,Ahmedabad,Smart Watch,Regular
O00957,C0280,P007,2025-03-19,2,Home,1000,600,5.0,2000,100.0,1900.0,1200,700.0,Cash on Delivery,Pune,Table Lamp,Regular
O00958,C0405,P009,2025-04-15,1,Fashion,3500,2200,15.0,3500,525.0,2975.0,2200,775.0,Credit Card,Bengaluru,Running Shoes,Regular
O00959,C0394,P004,2025-06-18,1,Electronics,1200,700,25.0,1200,300.0,900.0,700,200.0,Debit Card,Ahmedabad,Power Bank,Premium
O00960,C0110,P012,2025-08-05,2,Fashion,2100,1300,0.0,4200,0.0,4200.0,2600,1600.0,UPI,Pune,Jeans,Budget
O00961,C0334,P005,2025-04-29,2,Home,4200,2800,15.0,8400,1260.0,7140.0,5600,1540.0,UPI,Pune,Coffee Maker,Regular
O00962,C0357,P003,2025-07-09,1,Electronics,2200,1400,5.0,2200,110.0,2090.0,1400,690.0,UPI,Chennai,Bluetooth Speaker,Budget
O00963,C0146,P011,2025-09-12,2,Fashion,2000,1200,0.0,4000,0.0,4000.0,2400,1600.0,UPI,Mumbai,Hoodie,Regular
O00964,C0216,P009,2025-09-23,1,Fashion,3500,2200,10.0,3500,350.0,3150.0,2200,950.0,UPI,Bengaluru,Running Shoes,Regular
O00965,C0398,P014,2025-05-29,2,Beauty,1500,900,20.0,3000,600.0,2400.0,1800,600.0,UPI,Ahmedabad,Skin Care Kit,Regular
O00966,C0162,P004,2025-06-13,1,Electronics,1200,700,0.0,1200,0.0,1200.0,700,500.0,Credit Card,Kolkata,Power Bank,Premium
O00967,C0128,P005,2025-05-20,4,Home,4200,2800,15.0,16800,2520.0,14280.0,11200,3080.0,UPI,Pune,Coffee Maker,Budget
O00968,C0314,P001,2025-12-13,2,Electronics,2500,1800,10.0,5000,500.0,4500.0,3600,900.0,Debit Card,Chennai,Wireless Headphones,Regular
O00969,C0332,P011,2025-09-15,3,Fashion,2000,1200,20.0,6000,1200.0,4800.0,3600,1200.0,UPI,Kolkata,Hoodie,Regular
O00970,C0150,P012,2025-09-26,3,Fashion,2100,1300,0.0,6300,0.0,6300.0,3900,2400.0,Credit Card,Mumbai,Jeans,Premium
O00971,C0454,P015,2025-06-30,2,Beauty,2500,1600,15.0,5000,750.0,4250.0,3200,1050.0,UPI,Ahmedabad,Hair Dryer,Regular
O00972,C0036,P013,2025-06-09,4,Beauty,850,500,15.0,3400,510.0,2890.0,2000,890.0,Credit Card,Mumbai,Face Serum,Regular
O00973,C0173,P002,2025-12-17,4,Electronics,5000,3500,15.0,20000,3000.0,17000.0,14000,3000.0,UPI,Hyderabad,Smart Watch,Budget
O00974,C0420,P012,2025-10-15,1,Fashion,2100,1300,20.0,2100,420.0,1680.0,1300,380.0,Cash on Delivery,Delhi,Jeans,Budget
O00975,C0022,P013,2025-10-15,1,Beauty,850,500,20.0,850,170.0,680.0,500,180.0,Debit Card,Hyderabad,Face Serum,Regular
O00976,C0206,P009,2025-08-14,2,Fashion,3500,2200,0.0,7000,0.0,7000.0,4400,2600.0,Credit Card,Ahmedabad,Running Shoes,Budget
O00977,C0127,P002,2025-01-11,3,Electronics,5000,3500,10.0,15000,1500.0,13500.0,10500,3000.0,UPI,Bengaluru,Smart Watch,Regular
O00978,C0336,P005,2025-01-10,3,Home,4200,2800,10.0,12600,1260.0,11340.0,8400,2940.0,Credit Card,Chennai,Coffee Maker,Regular
O00979,C0445,P013,2025-09-28,1,Beauty,850,500,10.0,850,85.0,765.0,500,265.0,Debit Card,Chennai,Face Serum,Premium
O00980,C0356,P008,2025-09-30,3,Home,1500,900,10.0,4500,450.0,4050.0,2700,1350.0,UPI,Mumbai,Bedsheet Set,Regular
O00981,C0440,P003,2025-07-02,3,Electronics,2200,1400,10.0,6600,660.0,5940.0,4200,1740.0,Credit Card,Kolkata,Bluetooth Speaker,Regular
O00982,C0217,P006,2025-06-02,1,Home,4800,3200,10.0,4800,480.0,4320.0,3200,1120.0,Debit Card,Chennai,Air Fryer,Premium
O00983,C0096,P004,2025-11-11,3,Electronics,1200,700,25.0,3600,900.0,2700.0,2100,600.0,Debit Card,Pune,Power Bank,Budget
O00984,C0417,P011,2025-11-30,1,Fashion,2000,1200,0.0,2000,0.0,2000.0,1200,800.0,Debit Card,Pune,Hoodie,Regular
O00985,C0429,P007,2025-05-04,1,Home,1000,600,20.0,1000,200.0,800.0,600,200.0,Debit Card,Delhi,Table Lamp,Regular
O00986,C0164,P010,2025-04-24,2,Fashion,1800,1000,10.0,3600,360.0,3240.0,2000,1240.0,Cash on Delivery,Ahmedabad,Backpack,Premium
O00987,C0148,P014,2025-10-05,1,Beauty,1500,900,15.0,1500,225.0,1275.0,900,375.0,UPI,Hyderabad,Skin Care Kit,Budget
O00988,C0018,P013,2025-08-01,1,Beauty,850,500,20.0,850,170.0,680.0,500,180.0,Credit Card,Chennai,Face Serum,Premium
O00989,C0294,P003,2025-06-21,1,Electronics,2200,1400,10.0,2200,220.0,1980.0,1400,580.0,Debit Card,Mumbai,Bluetooth Speaker,Regular
O00990,C0195,P006,2025-10-15,4,Home,4800,3200,10.0,19200,1920.0,17280.0,12800,4480.0,Credit Card,Ahmedabad,Air Fryer,Budget
O00991,C0151,P015,2025-06-23,2,Beauty,2500,1600,10.0,5000,500.0,4500.0,3200,1300.0,Cash on Delivery,Ahmedabad,Hair Dryer,Regular
O00992,C0480,P012,2025-04-23,1,Fashion,2100,1300,10.0,2100,210.0,1890.0,1300,590.0,UPI,Kolkata,Jeans,Budget
O00993,C0365,P015,2025-05-02,3,Beauty,2500,1600,20.0,7500,1500.0,6000.0,4800,1200.0,UPI,Bengaluru,Hair Dryer,Premium
O00994,C0123,P010,2025-02-01,1,Fashion,1800,1000,10.0,1800,360.0,1440.0,1000,440.0,UPI,Delhi,Backpack,Regular
O00995,C0400,P009,2025-08-10,4,Fashion,3500,2200,0.0,14000,0.0,14000.0,8800,5200.0,UPI,Hyderabad,Running Shoes,Premium
O00996,C0187,P011,2025-04-29,2,Fashion,2000,1200,0.0,4000,0.0,4000.0,2400,1600.0,UPI,Ahmedabad,Hoodie,Premium
O00997,C0453,P010,2025-02-08,2,Fashion,1800,1000,10.0,3600,360.0,3240.0,2000,1240.0,Debit Card,Mumbai,Backpack,Regular
O00998,C0452,P001,2025-09-25,1,Electronics,2500,1800,0.0,2500,0.0,2500.0,1800,700.0,UPI,Hyderabad,Wireless Headphones,Regular
O00999,C0149,P003,2025-08-21,3,Electronics,2200,1400,15.0,6600,990.0,5610.0,4200,1410.0,Debit Card,Mumbai,Bluetooth Speaker,Regular
O01000,C0104,P002,2025-01-18,1,Electronics,5000,3500,0.0,5000,0.0,5000.0,3500,1500.0,Credit Card,Chennai,Smart Watch,Budget
O01001,C0243,P008,2025-05-29,1,Home,1500,900,10.0,1500,150.0,1350.0,900,450.0,UPI,Delhi,Bedsheet Set,Premium
O01002,C0462,P007,2025-05-29,4,Home,1000,600,0.0,4000,0.0,4000.0,2400,1600.0,UPI,Ahmedabad,Table Lamp,Budget
O01003,C0231,P002,2025-05-06,4,Electronics,5000,3500,10.0,20000,2000.0,18000.0,14000,4000.0,Credit Card,Pune,Smart Watch,Premium
O01004,C0479,P006,2025-10-29,2,Home,4800,3200,15.0,9600,1440.0,8160.0,6400,1760.0,Debit Card,Kolkata,Air Fryer,Budget
O01005,C0206,P015,2025-12-26,1,Beauty,2500,1600,10.0,2500,250.0,2250.0,1600,650.0,Debit Card,Ahmedabad,Hair Dryer,Budget
O01006,C0198,P003,2025-08-26,1,Electronics,2200,1400,25.0,2200,550.0,1650.0,1400,250.0,Debit Card,Ahmedabad,Bluetooth Speaker,Premium
O01007,C0396,P008,2025-05-15,2,Home,1500,900,20.0,3000,600.0,2400.0,1800,600.0,Cash on Delivery,Bengaluru,Bedsheet Set,Premium
O01008,C0400,P010,2025-05-31,1,Fashion,1800,1000,10.0,1800,180.0,1620.0,1000,620.0,Credit Card,Hyderabad,Backpack,Premium
O01009,C0337,P013,2025-08-24,1,Beauty,850,500,0.0,850,0.0,850.0,500,350.0,Cash on Delivery,Delhi,Face Serum,Regular
O01010,C0493,P003,2025-08-12,4,Electronics,2200,1400,20.0,8800,1760.0,7040.0,5600,1440.0,Debit Card,Mumbai,Bluetooth Speaker,Premium
O01011,C0087,P010,2025-07-22,2,Fashion,1800,1000,20.0,3600,720.0,2880.0,2000,880.0,Debit Card,Pune,Backpack,Regular
O01012,C0142,P014,2025-09-13,1,Beauty,1500,900,20.0,1500,300.0,1200.0,900,300.0,UPI,Bengaluru,Skin Care Kit,Regular
O01013,C0317,P009,2025-03-27,1,Fashion,3500,2200,0.0,3500,0.0,3500.0,2200,1300.0,Cash on Delivery,Bengaluru,Running Shoes,Regular
O01014,C0199,P001,2025-05-30,1,Electronics,2500,1800,25.0,2500,625.0,1875.0,1800,75.0,Credit Card,Hyderabad,Wireless Headphones,Regular
O01015,C0046,P005,2025-08-23,4,Home,4200,2800,5.0,16800,840.0,15960.0,11200,4760.0,Debit Card,Ahmedabad,Coffee Maker,Regular
O01016,C0288,P003,2025-12-11,1,Electronics,2200,1400,15.0,2200,330.0,1870.0,1400,470.0,UPI,Delhi,Bluetooth Speaker,Regular
O01017,C0015,P006,2025-01-22,4,Home,4800,3200,20.0,19200,3840.0,15360.0,12800,2560.0,UPI,Mumbai,Air Fryer,Regular
O01018,C0044,P010,2025-12-14,1,Fashion,1800,1000,5.0,1800,90.0,1710.0,1000,710.0,UPI,Delhi,Backpack,Premium
O01019,C0401,P002,2025-10-12,2,Electronics,5000,3500,20.0,10000,2000.0,8000.0,7000,1000.0,UPI,Ahmedabad,Smart Watch,Regular
O01020,C0169,P009,2025-09-26,2,Fashion,3500,2200,10.0,7000,700.0,6300.0,4400,1900.0,UPI,Pune,Running Shoes,Budget
O01021,C0310,P006,2025-09-15,1,Home,4800,3200,25.0,4800,1200.0,3600.0,3200,400.0,Debit Card,Kolkata,Air Fryer,Premium
O01022,C0495,P007,2025-01-29,3,Home,1000,600,5.0,3000,150.0,2850.0,1800,1050.0,UPI,Pune,Table Lamp,Budget
O01023,C0044,P005,2025-08-01,2,Home,4200,2800,25.0,8400,2100.0,6300.0,5600,700.0,UPI,Delhi,Coffee Maker,Premium
O01024,C0098,P009,2025-10-10,2,Fashion,3500,2200,0.0,7000,0.0,7000.0,4400,2600.0,UPI,Chennai,Running Shoes,Regular
O01025,C0261,P001,2025-02-19,1,Electronics,2500,1800,15.0,2500,375.0,2125.0,1800,325.0,Credit Card,Chennai,Wireless Headphones,Regular
O01026,C0109,P005,2025-04-05,1,Home,4200,2800,10.0,4200,420.0,3780.0,2800,980.0,UPI,Mumbai,Coffee Maker,Regular
O01027,C0283,P011,2025-03-29,1,Fashion,2000,1200,10.0,2000,200.0,1800.0,1200,600.0,UPI,Pune,Hoodie,Regular
O01028,C0372,P010,2025-02-13,2,Fashion,1800,1000,5.0,3600,180.0,3420.0,2000,1420.0,Credit Card,Mumbai,Backpack,Regular
O01029,C0343,P011,2025-10-05,4,Fashion,2000,1200,15.0,8000,1200.0,6800.0,4800,2000.0,Credit Card,Hyderabad,Hoodie,Premium
O01030,C0104,P006,2025-06-20,1,Home,4800,3200,5.0,4800,240.0,4560.0,3200,1360.0,UPI,Chennai,Air Fryer,Budget
O01031,C0256,P007,2025-07-08,4,Home,1000,600,15.0,4000,600.0,3400.0,2400,1000.0,UPI,Bengaluru,Table Lamp,Budget
O01032,C0379,P012,2025-12-19,1,Fashion,2100,1300,5.0,2100,105.0,1995.0,1300,695.0,UPI,Delhi,Jeans,Premium
O01033,C0206,P004,2025-07-03,1,Electronics,1200,700,25.0,1200,300.0,900.0,700,200.0,Cash on Delivery,Ahmedabad,Power Bank,Budget
O01034,C0335,P012,2025-01-03,4,Fashion,2100,1300,0.0,8400,0.0,8400.0,5200,3200.0,UPI,Pune,Jeans,Premium
O01035,C0043,P013,2025-07-10,1,Beauty,850,500,5.0,850,42.5,807.5,500,307.5,Credit Card,Bengaluru,Face Serum,Budget
O01036,C0353,P001,2025-04-28,1,Electronics,2500,1800,5.0,2500,125.0,2375.0,1800,575.0,UPI,Kolkata,Wireless Headphones,Regular
O01037,C0245,P015,2025-01-19,1,Beauty,2500,1600,10.0,2500,250.0,2250.0,1600,650.0,Credit Card,Pune,Hair Dryer,Premium
O01038,C0287,P011,2025-01-23,1,Fashion,2000,1200,5.0,2000,100.0,1900.0,1200,700.0,UPI,Pune,Hoodie,Premium
O01039,C0355,P008,2025-01-30,4,Home,1500,900,10.0,6000,600.0,5400.0,3600,1800.0,UPI,Hyderabad,Bedsheet Set,Budget
O01040,C0273,P010,2025-10-22,3,Fashion,1800,1000,20.0,5400,1080.0,4320.0,3000,1320.0,Credit Card,Ahmedabad,Backpack,Premium
O01041,C0476,P004,2025-04-18,2,Electronics,1200,700,15.0,2400,360.0,2040.0,1400,640.0,UPI,Bengaluru,Power Bank,Budget
O01042,C0083,P003,2025-10-08,1,Electronics,2200,1400,15.0,2200,330.0,1870.0,1400,470.0,UPI,Pune,Bluetooth Speaker,Premium
O01043,C0110,P012,2025-05-08,2,Fashion,2100,1300,0.0,4200,0.0,4200.0,2600,1600.0,Credit Card,Pune,Jeans,Budget
O01044,C0438,P007,2025-08-17,3,Home,1000,600,15.0,3000,450.0,2550.0,1800,750.0,Unknown,Delhi,Table Lamp,Budget
O01045,C0190,P012,2025-04-21,2,Fashion,2100,1300,5.0,4200,210.0,3990.0,2600,1390.0,UPI,Bengaluru,Jeans,Regular
O01046,C0471,P002,2025-05-16,1,Electronics,5000,3500,15.0,5000,750.0,4250.0,3500,750.0,Credit Card,Pune,Smart Watch,Regular
O01047,C0288,P008,2025-12-28,2,Home,1500,900,5.0,3000,150.0,2850.0,1800,1050.0,Cash on Delivery,Delhi,Bedsheet Set,Regular
O01048,C0424,P014,2025-07-05,3,Beauty,1500,900,10.0,4500,450.0,4050.0,2700,1350.0,Debit Card,Chennai,Skin Care Kit,Premium
O01049,C0397,P006,2025-05-24,3,Home,4800,3200,10.0,14400,1440.0,12960.0,9600,3360.0,Credit Card,Chennai,Air Fryer,Regular
O01050,C0251,P007,2025-03-13,1,Home,1000,600,20.0,1000,200.0,800.0,600,200.0,Debit Card,Mumbai,Table Lamp,Budget
O01051,C0212,P014,2025-05-09,1,Beauty,1500,900,0.0,1500,0.0,1500.0,900,600.0,UPI,Pune,Skin Care Kit,Budget
O01052,C0291,P005,2025-12-30,1,Home,4200,2800,15.0,4200,630.0,3570.0,2800,770.0,Credit Card,Mumbai,Coffee Maker,Budget
O01053,C0133,P009,2025-09-18,1,Fashion,3500,2200,0.0,3500,0.0,3500.0,2200,1300.0,UPI,Delhi,Running Shoes,Premium
O01054,C0201,P005,2025-01-03,2,Home,4200,2800,15.0,8400,1260.0,7140.0,5600,1540.0,UPI,Ahmedabad,Coffee Maker,Regular
O01055,C0285,P011,2025-04-14,1,Fashion,2000,1200,20.0,2000,400.0,1600.0,1200,400.0,UPI,Pune,Hoodie,Regular
O01056,C0326,P005,2025-08-12,4,Home,4200,2800,10.0,16800,1680.0,15120.0,11200,3920.0,UPI,Bengaluru,Coffee Maker,Regular
O01057,C0409,P003,2025-11-16,2,Electronics,2200,1400,10.0,4400,440.0,3960.0,2800,1160.0,Credit Card,Pune,Bluetooth Speaker,Budget
O01058,C0095,P011,2025-12-28,3,Fashion,2000,1200,20.0,6000,1200.0,4800.0,3600,1200.0,Credit Card,Pune,Hoodie,Regular
O01059,C0278,P001,2025-12-20,1,Electronics,2500,1800,10.0,2500,250.0,2250.0,1800,450.0,Credit Card,Pune,Wireless Headphones,Regular
O01060,C0450,P002,2025-01-10,4,Electronics,5000,3500,10.0,20000,2000.0,18000.0,14000,4000.0,UPI,Mumbai,Smart Watch,Premium
O01061,C0429,P008,2025-10-29,1,Home,1500,900,15.0,1500,225.0,1275.0,900,375.0,UPI,Delhi,Bedsheet Set,Regular
O01062,C0325,P015,2025-08-19,1,Beauty,2500,1600,15.0,2500,375.0,2125.0,1600,525.0,Credit Card,Chennai,Hair Dryer,Premium
O01063,C0219,P001,2025-08-07,4,Electronics,2500,1800,0.0,10000,0.0,10000.0,7200,2800.0,Cash on Delivery,Mumbai,Wireless Headphones,Premium
O01064,C0089,P007,2025-03-07,2,Home,1000,600,20.0,2000,400.0,1600.0,1200,400.0,UPI,Delhi,Table Lamp,Regular
O01065,C0072,P014,2025-04-22,3,Beauty,1500,900,10.0,4500,450.0,4050.0,2700,1350.0,UPI,Pune,Skin Care Kit,Regular
O01066,C0247,P014,2025-01-13,1,Beauty,1500,900,0.0,1500,0.0,1500.0,900,600.0,Debit Card,Kolkata,Skin Care Kit,Regular
O01067,C0129,P005,2025-03-27,1,Home,4200,2800,15.0,4200,630.0,3570.0,2800,770.0,UPI,Pune,Coffee Maker,Regular
O01068,C0212,P003,2025-08-22,1,Electronics,2200,1400,10.0,2200,220.0,1980.0,1400,580.0,Debit Card,Pune,Bluetooth Speaker,Budget
O01069,C0428,P012,2025-03-31,4,Fashion,2100,1300,0.0,8400,0.0,8400.0,5200,3200.0,Credit Card,Hyderabad,Jeans,Regular
O01070,C0343,P012,2025-11-10,1,Fashion,2100,1300,15.0,2100,315.0,1785.0,1300,485.0,UPI,Hyderabad,Jeans,Premium
O01071,C0096,P015,2025-02-23,2,Beauty,2500,1600,20.0,5000,1000.0,4000.0,3200,800.0,UPI,Pune,Hair Dryer,Budget
O01072,C0075,P011,2025-01-12,2,Fashion,2000,1200,20.0,4000,800.0,3200.0,2400,800.0,UPI,Delhi,Hoodie,Budget
O01073,C0423,P007,2025-07-28,3,Home,1000,600,25.0,3000,750.0,2250.0,1800,450.0,UPI,Pune,Table Lamp,Regular
O01074,C0495,P009,2025-01-14,1,Fashion,3500,2200,20.0,3500,700.0,2800.0,2200,600.0,Debit Card,Pune,Running Shoes,Budget
O01075,C0054,P002,2025-05-01,2,Electronics,5000,3500,0.0,10000,0.0,10000.0,7000,3000.0,Debit Card,Pune,Smart Watch,Premium
O01076,C0344,P008,2025-01-20,4,Home,1500,900,10.0,6000,600.0,5400.0,3600,1800.0,Credit Card,Delhi,Bedsheet Set,Regular
O01077,C0459,P009,2025-03-16,2,Fashion,3500,2200,20.0,7000,1400.0,5600.0,4400,1200.0,Debit Card,Kolkata,Running Shoes,Regular
O01078,C0413,P011,2025-08-31,3,Fashion,2000,1200,10.0,6000,600.0,5400.0,3600,1800.0,UPI,Delhi,Hoodie,Budget
O01079,C0054,P003,2025-08-11,1,Electronics,2200,1400,15.0,2200,330.0,1870.0,1400,470.0,Credit Card,Pune,Bluetooth Speaker,Premium
O01080,C0218,P002,2025-03-11,2,Electronics,5000,3500,15.0,10000,1500.0,8500.0,7000,1500.0,Credit Card,Kolkata,Smart Watch,Regular
O01081,C0016,P007,2025-11-08,4,Home,1000,600,10.0,4000,400.0,3600.0,2400,1200.0,Debit Card,Bengaluru,Table Lamp,Regular
O01082,C0099,P005,2025-07-30,2,Home,4200,2800,20.0,8400,1680.0,6720.0,5600,1120.0,UPI,Bengaluru,Coffee Maker,Regular
O01083,C0020,P005,2025-04-11,2,Home,4200,2800,10.0,8400,840.0,7560.0,5600,1960.0,Credit Card,Mumbai,Coffee Maker,Budget
O01084,C0046,P010,2025-07-05,1,Fashion,1800,1000,10.0,1800,180.0,1620.0,1000,620.0,Debit Card,Ahmedabad,Backpack,Regular
O01085,C0451,P005,2025-05-12,1,Home,4200,2800,25.0,4200,1050.0,3150.0,2800,350.0,UPI,Delhi,Coffee Maker,Premium
O01086,C0193,P004,2025-04-21,1,Electronics,1200,700,10.0,1200,120.0,1080.0,700,380.0,UPI,Ahmedabad,Power Bank,Regular
O01087,C0383,P013,2025-05-12,1,Beauty,850,500,5.0,850,42.5,807.5,500,307.5,Credit Card,Pune,Face Serum,Budget
O01088,C0058,P005,2025-01-20,1,Home,4200,2800,10.0,4200,420.0,3780.0,2800,980.0,UPI,Ahmedabad,Coffee Maker,Regular
O01089,C0437,P013,2025-01-24,4,Beauty,850,500,20.0,3400,680.0,2720.0,2000,720.0,Credit Card,Mumbai,Face Serum,Regular
O01090,C0111,P004,2025-08-15,4,Electronics,1200,700,15.0,4800,720.0,4080.0,2800,1280.0,Cash on Delivery,Hyderabad,Power Bank,Premium
O01091,C0129,P015,2025-06-03,2,Beauty,2500,1600,15.0,5000,750.0,4250.0,3200,1050.0,Credit Card,Pune,Hair Dryer,Regular
O01092,C0337,P013,2025-10-20,4,Beauty,850,500,15.0,3400,510.0,2890.0,2000,890.0,Credit Card,Delhi,Face Serum,Regular
O01093,C0194,P006,2025-08-18,2,Home,4800,3200,5.0,9600,480.0,9120.0,6400,2720.0,Credit Card,Ahmedabad,Air Fryer,Regular
O01094,C0413,P004,2025-11-06,1,Electronics,1200,700,20.0,1200,240.0,960.0,700,260.0,UPI,Delhi,Power Bank,Budget
O01095,C0340,P002,2025-12-25,1,Electronics,5000,3500,20.0,5000,1000.0,4000.0,3500,500.0,UPI,Kolkata,Smart Watch,Premium
O01096,C0326,P009,2025-07-21,2,Fashion,3500,2200,5.0,7000,350.0,6650.0,4400,2250.0,Cash on Delivery,Bengaluru,Running Shoes,Regular
O01097,C0008,P002,2025-02-07,1,Electronics,5000,3500,0.0,5000,0.0,5000.0,3500,1500.0,Credit Card,Ahmedabad,Smart Watch,Regular
O01098,C0029,P009,2025-09-17,4,Fashion,3500,2200,25.0,14000,3500.0,10500.0,8800,1700.0,UPI,Mumbai,Running Shoes,Regular
O01099,C0112,P010,2025-07-07,4,Fashion,1800,1000,20.0,7200,1440.0,5760.0,4000,1760.0,UPI,Hyderabad,Backpack,Regular
O01100,C0435,P006,2025-02-26,2,Home,4800,3200,20.0,9600,1920.0,7680.0,6400,1280.0,Credit Card,Pune,Air Fryer,Regular
O01101,C0161,P009,2025-01-20,4,Fashion,3500,2200,20.0,14000,2800.0,11200.0,8800,2400.0,Debit Card,Pune,Running Shoes,Premium
O01102,C0131,P009,2025-09-30,1,Fashion,3500,2200,10.0,3500,350.0,3150.0,2200,950.0,Debit Card,Hyderabad,Running Shoes,Regular
O01103,C0188,P003,2025-04-29,3,Electronics,2200,1400,15.0,6600,990.0,5610.0,4200,1410.0,UPI,Kolkata,Bluetooth Speaker,Regular
O01104,C0163,P001,2025-03-12,1,Electronics,2500,1800,10.0,2500,250.0,2250.0,1800,450.0,Cash on Delivery,Pune,Wireless Headphones,Regular
O01105,C0197,P001,2025-01-04,1,Electronics,2500,1800,0.0,2500,0.0,2500.0,1800,700.0,Credit Card,Hyderabad,Wireless Headphones,Premium
O01106,C0475,P003,2025-08-09,4,Electronics,2200,1400,15.0,8800,1320.0,7480.0,5600,1880.0,Credit Card,Ahmedabad,Bluetooth Speaker,Regular
O01107,C0364,P005,2025-01-14,1,Home,4200,2800,10.0,4200,420.0,3780.0,2800,980.0,Credit Card,Delhi,Coffee Maker,Premium
O01108,C0204,P013,2025-01-03,4,Beauty,850,500,15.0,3400,510.0,2890.0,2000,890.0,UPI,Hyderabad,Face Serum,Regular
O01109,C0212,P003,2025-08-04,1,Electronics,2200,1400,10.0,2200,220.0,1980.0,1400,580.0,Cash on Delivery,Pune,Bluetooth Speaker,Budget
O01110,C0109,P012,2025-08-17,1,Fashion,2100,1300,10.0,2100,210.0,1890.0,1300,590.0,UPI,Mumbai,Jeans,Regular
O01111,C0276,P009,2025-12-02,1,Fashion,3500,2200,5.0,3500,175.0,3325.0,2200,1125.0,UPI,Hyderabad,Running Shoes,Budget
O01112,C0073,P009,2025-07-05,2,Fashion,3500,2200,5.0,7000,350.0,6650.0,4400,2250.0,Debit Card,Bengaluru,Running Shoes,Regular
O01113,C0167,P003,2025-02-24,1,Electronics,2200,1400,5.0,2200,110.0,2090.0,1400,690.0,Credit Card,Bengaluru,Bluetooth Speaker,Regular
O01114,C0260,P003,2025-09-11,4,Electronics,2200,1400,5.0,8800,440.0,8360.0,5600,2760.0,Debit Card,Mumbai,Bluetooth Speaker,Regular
O01115,C0243,P012,2025-01-24,2,Fashion,2100,1300,25.0,4200,1050.0,3150.0,2600,550.0,Credit Card,Delhi,Jeans,Premium
O01116,C0275,P014,2025-06-11,1,Beauty,1500,900,5.0,1500,75.0,1425.0,900,525.0,UPI,Chennai,Skin Care Kit,Regular
O01117,C0102,P005,2025-06-07,2,Home,4200,2800,5.0,8400,420.0,7980.0,5600,2380.0,Cash on Delivery,Pune,Coffee Maker,Regular
O01118,C0475,P002,2025-03-23,2,Electronics,5000,3500,15.0,10000,1500.0,8500.0,7000,1500.0,UPI,Ahmedabad,Smart Watch,Regular
O01119,C0173,P006,2025-06-08,3,Home,4800,3200,15.0,14400,2160.0,12240.0,9600,2640.0,Debit Card,Hyderabad,Air Fryer,Budget
O01120,C0171,P007,2025-07-07,1,Home,1000,600,5.0,1000,50.0,950.0,600,350.0,UPI,Bengaluru,Table Lamp,Regular
O01121,C0141,P013,2025-03-01,4,Beauty,850,500,15.0,3400,510.0,2890.0,2000,890.0,Debit Card,Mumbai,Face Serum,Regular
O01122,C0397,P009,2025-11-01,2,Fashion,3500,2200,15.0,7000,1050.0,5950.0,4400,1550.0,UPI,Chennai,Running Shoes,Regular
O01123,C0188,P015,2025-11-15,4,Beauty,2500,1600,5.0,10000,500.0,9500.0,6400,3100.0,Credit Card,Kolkata,Hair Dryer,Regular
O01124,C0441,P006,2025-07-30,3,Home,4800,3200,5.0,14400,720.0,13680.0,9600,4080.0,Debit Card,Mumbai,Air Fryer,Regular
O01125,C0086,P003,2025-06-01,2,Electronics,2200,1400,20.0,4400,880.0,3520.0,2800,720.0,Credit Card,Chennai,Bluetooth Speaker,Premium
O01126,C0476,P012,2025-04-19,4,Fashion,2100,1300,20.0,8400,1680.0,6720.0,5200,1520.0,Debit Card,Bengaluru,Jeans,Budget
O01127,C0052,P005,2025-03-17,1,Home,4200,2800,15.0,4200,630.0,3570.0,2800,770.0,Debit Card,Hyderabad,Coffee Maker,Regular
O01128,C0111,P004,2025-01-30,1,Electronics,1200,700,0.0,1200,0.0,1200.0,700,500.0,Debit Card,Hyderabad,Power Bank,Premium
O01129,C0437,P015,2025-11-10,2,Beauty,2500,1600,10.0,5000,500.0,4500.0,3200,1300.0,Cash on Delivery,Mumbai,Hair Dryer,Regular
O01130,C0365,P005,2025-04-27,1,Home,4200,2800,15.0,4200,630.0,3570.0,2800,770.0,UPI,Bengaluru,Coffee Maker,Premium
O01131,C0342,P008,2025-12-22,1,Home,1500,900,5.0,1500,75.0,1425.0,900,525.0,UPI,Ahmedabad,Bedsheet Set,Regular
O01132,C0043,P008,2025-07-11,1,Home,1500,900,10.0,1500,150.0,1350.0,900,450.0,UPI,Bengaluru,Bedsheet Set,Budget
O01133,C0211,P006,2025-01-19,1,Home,4800,3200,15.0,4800,720.0,4080.0,3200,880.0,UPI,Hyderabad,Air Fryer,Regular
O01134,C0456,P001,2025-06-22,2,Electronics,2500,1800,10.0,5000,500.0,4500.0,3600,900.0,UPI,Bengaluru,Wireless Headphones,Regular
O01135,C0500,P008,2025-08-16,4,Home,1500,900,15.0,6000,900.0,5100.0,3600,1500.0,Credit Card,Mumbai,Bedsheet Set,Regular
O01136,C0200,P008,2025-12-16,1,Home,1500,900,20.0,1500,300.0,1200.0,900,300.0,UPI,Pune,Bedsheet Set,Premium
O01137,C0298,P002,2025-07-02,2,Electronics,5000,3500,10.0,10000,1000.0,9000.0,7000,2000.0,UPI,Pune,Smart Watch,Premium
O01138,C0346,P004,2025-04-23,3,Electronics,1200,700,20.0,3600,720.0,2880.0,2100,780.0,UPI,Delhi,Power Bank,Regular
O01139,C0240,P012,2025-07-02,2,Fashion,2100,1300,0.0,4200,0.0,4200.0,2600,1600.0,Debit Card,Delhi,Jeans,Premium
O01140,C0115,P002,2025-05-26,2,Electronics,5000,3500,20.0,10000,2000.0,8000.0,7000,1000.0,Credit Card,Kolkata,Smart Watch,Premium
O01141,C0026,P004,2025-11-15,4,Electronics,1200,700,5.0,4800,240.0,4560.0,2800,1760.0,UPI,Pune,Power Bank,Regular
O01142,C0407,P012,2025-04-26,2,Fashion,2100,1300,0.0,4200,0.0,4200.0,2600,1600.0,Debit Card,Bengaluru,Jeans,Budget
O01143,C0299,P013,2025-04-23,2,Beauty,850,500,15.0,1700,255.0,1445.0,1000,445.0,UPI,Pune,Face Serum,Regular
O01144,C0077,P013,2025-09-08,4,Beauty,850,500,10.0,3400,340.0,3060.0,2000,1060.0,Cash on Delivery,Hyderabad,Face Serum,Regular
O01145,C0412,P010,2025-09-08,3,Fashion,1800,1000,20.0,5400,1080.0,4320.0,3000,1320.0,Credit Card,Pune,Backpack,Premium
O01146,C0137,P007,2025-10-30,1,Home,1000,600,10.0,1000,100.0,900.0,600,300.0,UPI,Pune,Table Lamp,Premium
O01147,C0020,P009,2025-11-09,4,Fashion,3500,2200,5.0,14000,700.0,13300.0,8800,4500.0,Credit Card,Mumbai,Running Shoes,Budget
O01148,C0440,P014,2025-04-28,1,Beauty,1500,900,10.0,1500,150.0,1350.0,900,450.0,Debit Card,Kolkata,Skin Care Kit,Regular
O01149,C0211,P014,2025-10-28,4,Beauty,1500,900,10.0,6000,600.0,5400.0,3600,1800.0,UPI,Hyderabad,Skin Care Kit,Regular
O01150,C0240,P008,2025-06-10,2,Home,1500,900,10.0,3000,300.0,2700.0,1800,900.0,Debit Card,Delhi,Bedsheet Set,Premium
O01151,C0039,P015,2025-07-17,2,Beauty,2500,1600,15.0,5000,750.0,4250.0,3200,1050.0,UPI,Chennai,Hair Dryer,Budget
O01152,C0435,P012,2025-09-17,2,Fashion,2100,1300,15.0,4200,630.0,3570.0,2600,970.0,UPI,Pune,Jeans,Regular
O01153,C0268,P009,2025-05-28,3,Fashion,3500,2200,20.0,10500,2100.0,8400.0,6600,1800.0,UPI,Mumbai,Running Shoes,Regular
O01154,C0207,P008,2025-08-28,4,Home,1500,900,25.0,6000,1500.0,4500.0,3600,900.0,UPI,Delhi,Bedsheet Set,Regular
O01155,C0479,P002,2025-02-16,4,Electronics,5000,3500,5.0,20000,1000.0,19000.0,14000,5000.0,UPI,Kolkata,Smart Watch,Budget
O01156,C0439,P007,2025-07-17,1,Home,1000,600,15.0,1000,150.0,850.0,600,250.0,Cash on Delivery,Mumbai,Table Lamp,Premium
O01157,C0462,P002,2025-02-16,3,Electronics,5000,3500,10.0,15000,1500.0,13500.0,10500,3000.0,UPI,Ahmedabad,Smart Watch,Budget
O01158,C0267,P013,2025-03-19,1,Beauty,850,500,15.0,850,127.5,722.5,500,222.5,UPI,Delhi,Face Serum,Regular
O01159,C0154,P012,2025-05-04,1,Fashion,2100,1300,10.0,2100,210.0,1890.0,1300,590.0,Credit Card,Pune,Jeans,Budget
O01160,C0042,P011,2025-03-16,1,Fashion,2000,1200,25.0,2000,500.0,1500.0,1200,300.0,Debit Card,Hyderabad,Hoodie,Premium
O01161,C0411,P002,2025-12-25,1,Electronics,5000,3500,15.0,5000,750.0,4250.0,3500,750.0,Cash on Delivery,Delhi,Smart Watch,Budget
O01162,C0011,P015,2025-05-17,1,Beauty,2500,1600,25.0,2500,625.0,1875.0,1600,275.0,Debit Card,Mumbai,Hair Dryer,Premium
O01163,C0294,P004,2025-03-31,2,Electronics,1200,700,20.0,2400,480.0,1920.0,1400,520.0,Cash on Delivery,Mumbai,Power Bank,Regular
O01164,C0098,P001,2025-11-21,2,Electronics,2500,1800,20.0,5000,1000.0,4000.0,3600,400.0,Debit Card,Chennai,Wireless Headphones,Regular
O01165,C0427,P015,2025-03-02,3,Beauty,2500,1600,20.0,7500,1500.0,6000.0,4800,1200.0,Cash on Delivery,Mumbai,Hair Dryer,Regular
O01166,C0275,P005,2025-05-18,2,Home,4200,2800,10.0,8400,840.0,7560.0,5600,1960.0,Debit Card,Chennai,Coffee Maker,Regular
O01167,C0448,P006,2025-02-19,3,Home,4800,3200,5.0,14400,720.0,13680.0,9600,4080.0,UPI,Ahmedabad,Air Fryer,Regular
O01168,C0390,P009,2025-09-16,1,Fashion,3500,2200,10.0,3500,350.0,3150.0,2200,950.0,UPI,Kolkata,Running Shoes,Premium
O01169,C0430,P010,2025-04-17,4,Fashion,1800,1000,0.0,7200,0.0,7200.0,4000,3200.0,Credit Card,Chennai,Backpack,Regular
O01170,C0372,P008,2025-04-23,1,Home,1500,900,10.0,1500,150.0,1350.0,900,450.0,UPI,Mumbai,Bedsheet Set,Regular
O01171,C0230,P002,2025-12-16,2,Electronics,5000,3500,10.0,10000,1000.0,9000.0,7000,2000.0,UPI,Bengaluru,Smart Watch,Regular
O01172,C0369,P001,2025-09-11,1,Electronics,2500,1800,10.0,2500,250.0,2250.0,1800,450.0,Credit Card,Hyderabad,Wireless Headphones,Regular
O01173,C0426,P002,2025-04-28,2,Electronics,5000,3500,25.0,10000,2500.0,7500.0,7000,500.0,Cash on Delivery,Pune,Smart Watch,Regular
O01174,C0220,P007,2025-07-17,1,Home,1000,600,20.0,1000,200.0,800.0,600,200.0,UPI,Mumbai,Table Lamp,Regular
O01175,C0065,P004,2025-12-03,4,Electronics,1200,700,5.0,4800,240.0,4560.0,2800,1760.0,Debit Card,Kolkata,Power Bank,Regular
O01176,C0355,P010,2025-12-31,1,Fashion,1800,1000,10.0,1800,180.0,1620.0,1000,620.0,Debit Card,Hyderabad,Backpack,Budget
O01177,C0232,P005,2025-02-20,4,Home,4200,2800,10.0,16800,1680.0,15120.0,11200,3920.0,Cash on Delivery,Chennai,Coffee Maker,Regular
O01178,C0328,P012,2025-09-02,4,Fashion,2100,1300,10.0,8400,840.0,7560.0,5200,2360.0,Cash on Delivery,Mumbai,Jeans,Regular
O01179,C0443,P007,2025-02-04,3,Home,1000,600,15.0,3000,450.0,2550.0,1800,750.0,Debit Card,Kolkata,Table Lamp,Budget
O01180,C0052,P003,2025-10-29,1,Electronics,2200,1400,10.0,2200,220.0,1980.0,1400,580.0,Credit Card,Hyderabad,Bluetooth Speaker,Regular
O01181,C0374,P010,2025-03-10,3,Fashion,1800,1000,15.0,5400,810.0,4590.0,3000,1590.0,UPI,Mumbai,Backpack,Budget
O01182,C0431,P002,2025-12-15,4,Electronics,5000,3500,20.0,20000,4000.0,16000.0,14000,2000.0,Credit Card,Delhi,Smart Watch,Regular
O01183,C0376,P013,2025-11-16,1,Beauty,850,500,20.0,850,170.0,680.0,500,180.0,Debit Card,Hyderabad,Face Serum,Premium
O01184,C0263,P007,2025-02-18,4,Home,1000,600,0.0,4000,0.0,4000.0,2400,1600.0,Debit Card,Bengaluru,Table Lamp,Regular
O01185,C0267,P005,2025-03-15,2,Home,4200,2800,15.0,8400,1260.0,7140.0,5600,1540.0,Debit Card,Delhi,Coffee Maker,Regular
O01186,C0359,P014,2025-07-11,4,Beauty,1500,900,10.0,6000,600.0,5400.0,3600,1800.0,UPI,Ahmedabad,Skin Care Kit,Regular
O01187,C0317,P015,2025-09-18,3,Beauty,2500,1600,5.0,7500,375.0,7125.0,4800,2325.0,Credit Card,Bengaluru,Hair Dryer,Regular
O01188,C0324,P001,2025-12-22,1,Electronics,2500,1800,0.0,2500,0.0,2500.0,1800,700.0,UPI,Chennai,Wireless Headphones,Regular
O01189,C0409,P001,2025-03-11,1,Electronics,2500,1800,10.0,2500,250.0,2250.0,1800,450.0,UPI,Pune,Wireless Headphones,Budget
O01190,C0396,P009,2025-03-31,3,Fashion,3500,2200,10.0,10500,1050.0,9450.0,6600,2850.0,UPI,Bengaluru,Running Shoes,Premium
O01191,C0154,P005,2025-09-17,4,Home,4200,2800,5.0,16800,840.0,15960.0,11200,4760.0,UPI,Pune,Coffee Maker,Budget
O01192,C0358,P001,2025-05-06,2,Electronics,2500,1800,15.0,5000,750.0,4250.0,3600,650.0,Debit Card,Mumbai,Wireless Headphones,Regular
O01193,C0366,P007,2025-08-19,2,Home,1000,600,15.0,2000,300.0,1700.0,1200,500.0,UPI,Mumbai,Table Lamp,Budget
O01194,C0140,P009,2025-10-22,2,Fashion,3500,2200,5.0,7000,350.0,6650.0,4400,2250.0,UPI,Kolkata,Running Shoes,Regular
O01195,C0427,P011,2025-05-09,4,Fashion,2000,1200,0.0,8000,0.0,8000.0,4800,3200.0,Cash on Delivery,Mumbai,Hoodie,Regular
O01196,C0051,P001,2025-10-07,2,Electronics,2500,1800,20.0,5000,1000.0,4000.0,3600,400.0,UPI,Mumbai,Wireless Headphones,Regular
O01197,C0117,P010,2025-11-09,2,Fashion,1800,1000,0.0,3600,0.0,3600.0,2000,1600.0,UPI,Pune,Backpack,Budget
O01198,C0421,P014,2025-04-10,2,Beauty,1500,900,20.0,3000,600.0,2400.0,1800,600.0,UPI,Pune,Skin Care Kit,Premium
O01199,C0046,P013,2025-11-22,2,Beauty,850,500,15.0,1700,255.0,1445.0,1000,445.0,UPI,Ahmedabad,Face Serum,Regular
O01200,C0309,P004,2025-10-24,4,Electronics,1200,700,10.0,4800,480.0,4320.0,2800,1520.0,UPI,Ahmedabad,Power Bank,Premium
O01201,C0088,P014,2025-07-01,2,Beauty,1500,900,5.0,3000,150.0,2850.0,1800,1050.0,UPI,Ahmedabad,Skin Care Kit,Regular
O01202,C0208,P003,2025-06-23,3,Electronics,2200,1400,0.0,6600,0.0,6600.0,4200,2400.0,Credit Card,Hyderabad,Bluetooth Speaker,Premium
O01203,C0377,P005,2025-11-12,3,Home,4200,2800,5.0,12600,630.0,11970.0,8400,3570.0,UPI,Ahmedabad,Coffee Maker,Budget
O01204,C0269,P007,2025-12-30,2,Home,1000,600,0.0,2000,0.0,2000.0,1200,800.0,UPI,Bengaluru,Table Lamp,Premium
O01205,C0089,P008,2025-07-07,1,Home,1500,900,15.0,1500,225.0,1275.0,900,375.0,Debit Card,Delhi,Bedsheet Set,Regular
O01206,C0381,P013,2025-02-26,1,Beauty,850,500,5.0,850,42.5,807.5,500,307.5,UPI,Pune,Face Serum,Budget
O01207,C0118,P002,2025-01-31,1,Electronics,5000,3500,10.0,5000,500.0,4500.0,3500,1000.0,Cash on Delivery,Hyderabad,Smart Watch,Premium
O01208,C0054,P007,2025-03-25,2,Home,1000,600,15.0,2000,300.0,1700.0,1200,500.0,Credit Card,Pune,Table Lamp,Premium
O01209,C0441,P014,2025-06-01,1,Beauty,1500,900,5.0,1500,75.0,1425.0,900,525.0,UPI,Mumbai,Skin Care Kit,Regular
O01210,C0116,P014,2025-02-05,3,Beauty,1500,900,0.0,4500,0.0,4500.0,2700,1800.0,Debit Card,Bengaluru,Skin Care Kit,Regular
O01211,C0118,P001,2025-08-01,1,Electronics,2500,1800,0.0,2500,0.0,2500.0,1800,700.0,UPI,Hyderabad,Wireless Headphones,Premium
O01212,C0260,P007,2025-12-30,2,Home,1000,600,0.0,2000,0.0,2000.0,1200,800.0,UPI,Mumbai,Table Lamp,Regular
O01213,C0075,P008,2025-04-16,3,Home,1500,900,15.0,4500,675.0,3825.0,2700,1125.0,Credit Card,Delhi,Bedsheet Set,Budget
O01214,C0480,P002,2025-12-08,1,Electronics,5000,3500,10.0,5000,500.0,4500.0,3500,1000.0,Credit Card,Kolkata,Smart Watch,Budget
O01215,C0305,P009,2025-08-08,1,Fashion,3500,2200,15.0,3500,525.0,2975.0,2200,775.0,Debit Card,Ahmedabad,Running Shoes,Regular
O01216,C0007,P001,2025-06-12,1,Electronics,2500,1800,10.0,2500,250.0,2250.0,1800,450.0,Cash on Delivery,Chennai,Wireless Headphones,Premium
O01217,C0366,P013,2025-08-08,1,Beauty,850,500,10.0,850,85.0,765.0,500,265.0,UPI,Mumbai,Face Serum,Budget
O01218,C0122,P006,2025-09-27,4,Home,4800,3200,10.0,19200,1920.0,17280.0,12800,4480.0,Credit Card,Delhi,Air Fryer,Premium
O01219,C0011,P001,2025-04-30,2,Electronics,2500,1800,15.0,5000,750.0,4250.0,3600,650.0,Credit Card,Mumbai,Wireless Headphones,Premium
O01220,C0348,P003,2025-12-02,1,Electronics,2200,1400,5.0,2200,110.0,2090.0,1400,690.0,Cash on Delivery,Delhi,Bluetooth Speaker,Budget
O01221,C0438,P011,2025-07-01,1,Fashion,2000,1200,0.0,2000,0.0,2000.0,1200,800.0,Debit Card,Delhi,Hoodie,Budget
O01222,C0489,P006,2025-04-16,1,Home,4800,3200,15.0,4800,720.0,4080.0,3200,880.0,Cash on Delivery,Bengaluru,Air Fryer,Premium
O01223,C0215,P003,2025-08-05,2,Electronics,2200,1400,10.0,4400,440.0,3960.0,2800,1160.0,UPI,Ahmedabad,Bluetooth Speaker,Regular
O01224,C0429,P008,2025-07-24,1,Home,1500,900,10.0,1500,150.0,1350.0,900,450.0,Debit Card,Delhi,Bedsheet Set,Regular
O01225,C0279,P005,2025-03-11,1,Home,4200,2800,15.0,4200,630.0,3570.0,2800,770.0,UPI,Kolkata,Coffee Maker,Budget
O01226,C0498,P002,2025-02-13,2,Electronics,5000,3500,10.0,10000,1000.0,9000.0,7000,2000.0,UPI,Kolkata,Smart Watch,Premium
O01227,C0028,P004,2025-11-25,4,Electronics,1200,700,15.0,4800,720.0,4080.0,2800,1280.0,Cash on Delivery,Bengaluru,Power Bank,Regular
O01228,C0235,P009,2025-10-28,3,Fashion,3500,2200,10.0,10500,1050.0,9450.0,6600,2850.0,UPI,Ahmedabad,Running Shoes,Premium
O01229,C0367,P004,2025-08-16,4,Electronics,1200,700,15.0,4800,720.0,4080.0,2800,1280.0,Cash on Delivery,Pune,Power Bank,Regular
O01230,C0313,P010,2025-07-03,2,Fashion,1800,1000,15.0,3600,540.0,3060.0,2000,1060.0,UPI,Delhi,Backpack,Regular
O01231,C0026,P010,2025-04-17,2,Fashion,1800,1000,10.0,3600,360.0,3240.0,2000,1240.0,Debit Card,Pune,Backpack,Regular
O01232,C0409,P008,2025-03-25,1,Home,1500,900,15.0,1500,225.0,1275.0,900,375.0,UPI,Pune,Bedsheet Set,Budget
O01233,C0054,P005,2025-12-04,1,Home,4200,2800,20.0,4200,840.0,3360.0,2800,560.0,UPI,Pune,Coffee Maker,Premium
O01234,C0029,P011,2025-09-07,1,Fashion,2000,1200,10.0,2000,200.0,1800.0,1200,600.0,UPI,Mumbai,Hoodie,Regular
O01235,C0467,P011,2025-12-29,2,Fashion,2000,1200,10.0,4000,400.0,3600.0,2400,1200.0,Credit Card,Kolkata,Hoodie,Premium
O01236,C0353,P010,2025-01-21,1,Fashion,1800,1000,15.0,1800,270.0,1530.0,1000,530.0,UPI,Kolkata,Backpack,Regular
O01237,C0164,P013,2025-07-15,2,Beauty,850,500,15.0,1700,255.0,1445.0,1000,445.0,Credit Card,Ahmedabad,Face Serum,Premium
O01238,C0270,P013,2025-06-27,4,Beauty,850,500,0.0,3400,0.0,3400.0,2000,1400.0,UPI,Kolkata,Face Serum,Regular
O01239,C0334,P014,2025-01-07,2,Beauty,1500,900,20.0,3000,600.0,2400.0,1800,600.0,UPI,Pune,Skin Care Kit,Regular
O01240,C0035,P015,2025-03-11,1,Beauty,2500,1600,0.0,2500,0.0,2500.0,1600,900.0,UPI,Hyderabad,Hair Dryer,Regular
O01241,C0286,P001,2025-05-07,2,Electronics,2500,1800,15.0,5000,750.0,4250.0,3600,650.0,UPI,Pune,Wireless Headphones,Regular
O01242,C0348,P007,2025-06-09,3,Home,1000,600,15.0,3000,450.0,2550.0,1800,750.0,Debit Card,Delhi,Table Lamp,Budget
O01243,C0273,P003,2025-09-05,2,Electronics,2200,1400,25.0,4400,1100.0,3300.0,2800,500.0,Debit Card,Ahmedabad,Bluetooth Speaker,Premium
O01244,C0451,P010,2025-07-22,4,Fashion,1800,1000,0.0,7200,0.0,7200.0,4000,3200.0,UPI,Delhi,Backpack,Premium
O01245,C0208,P008,2025-05-28,1,Home,1500,900,15.0,1500,225.0,1275.0,900,375.0,Credit Card,Hyderabad,Bedsheet Set,Premium
O01246,C0238,P014,2025-05-23,3,Beauty,1500,900,10.0,4500,450.0,4050.0,2700,1350.0,Debit Card,Mumbai,Skin Care Kit,Regular
O01247,C0414,P012,2025-07-18,3,Fashion,2100,1300,10.0,6300,630.0,5670.0,3900,1770.0,UPI,Bengaluru,Jeans,Regular
O01248,C0500,P003,2025-06-03,2,Electronics,2200,1400,0.0,4400,0.0,4400.0,2800,1600.0,UPI,Mumbai,Bluetooth Speaker,Regular
O01249,C0093,P001,2025-05-22,2,Electronics,2500,1800,15.0,5000,750.0,4250.0,3600,650.0,Credit Card,Delhi,Wireless Headphones,Regular
O01250,C0173,P005,2025-11-09,1,Home,4200,2800,10.0,4200,420.0,3780.0,2800,980.0,UPI,Hyderabad,Coffee Maker,Budget
O01251,C0079,P002,2025-06-14,1,Electronics,5000,3500,0.0,5000,0.0,5000.0,3500,1500.0,UPI,Delhi,Smart Watch,Budget
O01252,C0110,P011,2025-11-10,1,Fashion,2000,1200,15.0,2000,300.0,1700.0,1200,500.0,UPI,Pune,Hoodie,Budget
O01253,C0217,P004,2025-01-21,1,Electronics,1200,700,15.0,1200,180.0,1020.0,700,320.0,Credit Card,Chennai,Power Bank,Premium
O01254,C0435,P001,2025-03-23,1,Electronics,2500,1800,15.0,2500,375.0,2125.0,1800,325.0,UPI,Pune,Wireless Headphones,Regular
O01255,C0358,P009,2025-03-10,1,Fashion,3500,2200,20.0,3500,700.0,2800.0,2200,600.0,UPI,Mumbai,Running Shoes,Regular
O01256,C0106,P006,2025-05-11,1,Home,4800,3200,10.0,4800,480.0,4320.0,3200,1120.0,UPI,Mumbai,Air Fryer,Regular
O01257,C0047,P008,2025-03-28,1,Home,1500,900,25.0,1500,375.0,1125.0,900,225.0,UPI,Pune,Bedsheet Set,Premium
O01258,C0181,P011,2025-08-06,2,Fashion,2000,1200,20.0,4000,800.0,3200.0,2400,800.0,UPI,Kolkata,Hoodie,Regular
O01259,C0064,P004,2025-11-01,4,Electronics,1200,700,5.0,4800,240.0,4560.0,2800,1760.0,Cash on Delivery,Delhi,Power Bank,Budget
O01260,C0246,P009,2025-12-11,1,Fashion,3500,2200,5.0,3500,175.0,3325.0,2200,1125.0,UPI,Pune,Running Shoes,Regular
O01261,C0244,P002,2025-12-07,1,Electronics,5000,3500,10.0,5000,500.0,4500.0,3500,1000.0,Credit Card,Bengaluru,Smart Watch,Regular
O01262,C0422,P009,2025-06-10,2,Fashion,3500,2200,10.0,7000,700.0,6300.0,4400,1900.0,UPI,Chennai,Running Shoes,Regular
O01263,C0320,P012,2025-06-27,1,Fashion,2100,1300,15.0,2100,315.0,1785.0,1300,485.0,Credit Card,Mumbai,Jeans,Premium
O01264,C0087,P005,2025-04-27,3,Home,4200,2800,15.0,12600,1890.0,10710.0,8400,2310.0,Credit Card,Pune,Coffee Maker,Regular
O01265,C0217,P013,2025-07-15,1,Beauty,850,500,15.0,850,127.5,722.5,500,222.5,UPI,Chennai,Face Serum,Premium
O01266,C0490,P006,2025-11-23,1,Home,4800,3200,10.0,4800,480.0,4320.0,3200,1120.0,Debit Card,Bengaluru,Air Fryer,Regular
O01267,C0007,P003,2025-03-27,1,Electronics,2200,1400,0.0,2200,0.0,2200.0,1400,800.0,Credit Card,Chennai,Bluetooth Speaker,Premium
O01268,C0278,P004,2025-10-16,2,Electronics,1200,700,20.0,2400,480.0,1920.0,1400,520.0,Debit Card,Pune,Power Bank,Regular
O01269,C0337,P006,2025-03-22,1,Home,4800,3200,10.0,4800,480.0,4320.0,3200,1120.0,UPI,Delhi,Air Fryer,Regular
O01270,C0210,P007,2025-06-01,1,Home,1000,600,25.0,1000,250.0,750.0,600,150.0,Cash on Delivery,Hyderabad,Table Lamp,Premium
O01271,C0497,P001,2025-03-02,1,Electronics,2500,1800,0.0,2500,0.0,2500.0,1800,700.0,Debit Card,Delhi,Wireless Headphones,Regular
O01272,C0169,P007,2025-03-02,4,Home,1000,600,25.0,4000,1000.0,3000.0,2400,600.0,Cash on Delivery,Pune,Table Lamp,Budget
O01273,C0330,P001,2025-12-20,2,Electronics,2500,1800,0.0,5000,0.0,5000.0,3600,1400.0,Credit Card,Kolkata,Wireless Headphones,Budget
O01274,C0138,P005,2025-01-28,2,Home,4200,2800,5.0,8400,420.0,7980.0,5600,2380.0,Credit Card,Kolkata,Coffee Maker,Premium
O01275,C0441,P006,2025-02-12,2,Home,4800,3200,0.0,9600,0.0,9600.0,6400,3200.0,Debit Card,Mumbai,Air Fryer,Regular
O01276,C0391,P013,2025-06-18,1,Beauty,850,500,15.0,850,127.5,722.5,500,222.5,Debit Card,Mumbai,Face Serum,Regular
O01277,C0496,P002,2025-03-27,4,Electronics,5000,3500,20.0,20000,4000.0,16000.0,14000,2000.0,Cash on Delivery,Hyderabad,Smart Watch,Regular
O01278,C0381,P015,2025-06-26,1,Beauty,2500,1600,10.0,2500,250.0,2250.0,1600,650.0,UPI,Pune,Hair Dryer,Budget
O01279,C0306,P015,2025-01-17,1,Beauty,2500,1600,20.0,2500,500.0,2000.0,1600,400.0,Debit Card,Delhi,Hair Dryer,Budget
O01280,C0230,P013,2025-04-08,1,Beauty,850,500,15.0,850,127.5,722.5,500,222.5,UPI,Bengaluru,Face Serum,Regular
O01281,C0475,P010,2025-07-17,3,Fashion,1800,1000,15.0,5400,810.0,4590.0,3000,1590.0,Credit Card,Ahmedabad,Backpack,Regular
O01282,C0308,P009,2025-04-08,2,Fashion,3500,2200,20.0,7000,1400.0,5600.0,4400,1200.0,UPI,Kolkata,Running Shoes,Premium
O01283,C0161,P014,2025-03-06,1,Beauty,1500,900,5.0,1500,75.0,1425.0,900,525.0,UPI,Pune,Skin Care Kit,Premium
O01284,C0001,P010,2025-11-26,2,Fashion,1800,1000,10.0,3600,360.0,3240.0,2000,1240.0,Cash on Delivery,Delhi,Backpack,Regular
O01285,C0236,P006,2025-12-07,2,Home,4800,3200,20.0,9600,1920.0,7680.0,6400,1280.0,UPI,Pune,Air Fryer,Premium
O01286,C0437,P007,2025-01-05,1,Home,1000,600,10.0,1000,200.0,800.0,600,200.0,Credit Card,Mumbai,Table Lamp,Regular
O01287,C0188,P014,2025-01-02,2,Beauty,1500,900,25.0,3000,750.0,2250.0,1800,450.0,Credit Card,Kolkata,Skin Care Kit,Regular
O01288,C0418,P015,2025-01-22,3,Beauty,2500,1600,20.0,7500,1500.0,6000.0,4800,1200.0,UPI,Delhi,Hair Dryer,Premium
O01289,C0004,P010,2025-04-22,4,Fashion,1800,1000,0.0,7200,0.0,7200.0,4000,3200.0,UPI,Ahmedabad,Backpack,Budget
O01290,C0401,P015,2025-02-26,1,Beauty,2500,1600,20.0,2500,500.0,2000.0,1600,400.0,Credit Card,Ahmedabad,Hair Dryer,Regular
O01291,C0132,P008,2025-03-07,3,Home,1500,900,10.0,4500,450.0,4050.0,2700,1350.0,UPI,Chennai,Bedsheet Set,Regular
O01292,C0427,P011,2025-11-26,4,Fashion,2000,1200,25.0,8000,2000.0,6000.0,4800,1200.0,Debit Card,Mumbai,Hoodie,Regular
O01293,C0218,P015,2025-04-08,3,Beauty,2500,1600,10.0,7500,750.0,6750.0,4800,1950.0,Cash on Delivery,Kolkata,Hair Dryer,Regular
O01294,C0260,P013,2025-05-24,1,Beauty,850,500,15.0,850,127.5,722.5,500,222.5,UPI,Mumbai,Face Serum,Regular
O01295,C0001,P010,2025-05-05,2,Fashion,1800,1000,10.0,3600,360.0,3240.0,2000,1240.0,UPI,Delhi,Backpack,Regular
O01296,C0071,P001,2025-06-16,2,Electronics,2500,1800,10.0,5000,500.0,4500.0,3600,900.0,Credit Card,Kolkata,Wireless Headphones,Regular
O01297,C0478,P014,2025-03-27,1,Beauty,1500,900,0.0,1500,0.0,1500.0,900,600.0,Debit Card,Bengaluru,Skin Care Kit,Regular
O01298,C0178,P008,2025-03-17,1,Home,1500,900,20.0,1500,300.0,1200.0,900,300.0,UPI,Mumbai,Bedsheet Set,Regular
O01299,C0457,P004,2025-12-10,4,Electronics,1200,700,20.0,4800,960.0,3840.0,2800,1040.0,UPI,Pune,Power Bank,Premium
O01300,C0189,P010,2025-10-21,1,Fashion,1800,1000,0.0,1800,0.0,1800.0,1000,800.0,Credit Card,Mumbai,Backpack,Regular
O01301,C0291,P008,2025-02-28,2,Home,1500,900,15.0,3000,450.0,2550.0,1800,750.0,Cash on Delivery,Mumbai,Bedsheet Set,Budget
O01302,C0008,P013,2025-05-18,1,Beauty,850,500,15.0,850,127.5,722.5,500,222.5,UPI,Ahmedabad,Face Serum,Regular
O01303,C0253,P015,2025-04-09,2,Beauty,2500,1600,10.0,5000,500.0,4500.0,3200,1300.0,UPI,Ahmedabad,Hair Dryer,Premium
O01304,C0408,P006,2025-07-11,1,Home,4800,3200,5.0,4800,240.0,4560.0,3200,1360.0,Cash on Delivery,Bengaluru,Air Fryer,Regular
O01305,C0467,P011,2025-08-31,2,Fashion,2000,1200,20.0,4000,800.0,3200.0,2400,800.0,Credit Card,Kolkata,Hoodie,Premium
O01306,C0292,P009,2025-11-15,1,Fashion,3500,2200,15.0,3500,525.0,2975.0,2200,775.0,Debit Card,Pune,Running Shoes,Regular
O01307,C0434,P011,2025-02-18,3,Fashion,2000,1200,10.0,6000,600.0,5400.0,3600,1800.0,Credit Card,Delhi,Hoodie,Regular
O01308,C0244,P004,2025-02-01,1,Electronics,1200,700,15.0,1200,180.0,1020.0,700,320.0,Cash on Delivery,Bengaluru,Power Bank,Regular
O01309,C0123,P002,2025-10-04,2,Electronics,5000,3500,0.0,10000,0.0,10000.0,7000,3000.0,Credit Card,Delhi,Smart Watch,Regular
O01310,C0299,P014,2025-01-20,2,Beauty,1500,900,10.0,3000,300.0,2700.0,1800,900.0,Debit Card,Pune,Skin Care Kit,Regular
O01311,C0283,P002,2025-06-03,2,Electronics,5000,3500,5.0,10000,500.0,9500.0,7000,2500.0,Credit Card,Pune,Smart Watch,Regular
O01312,C0032,P005,2025-03-09,2,Home,4200,2800,10.0,8400,420.0,7980.0,5600,2380.0,Debit Card,Pune,Coffee Maker,Regular
O01313,C0334,P010,2025-08-02,4,Fashion,1800,1000,15.0,7200,1080.0,6120.0,4000,2120.0,UPI,Pune,Backpack,Regular
O01314,C0377,P009,2025-05-23,3,Fashion,3500,2200,20.0,10500,2100.0,8400.0,6600,1800.0,UPI,Ahmedabad,Running Shoes,Budget
O01315,C0146,P012,2025-08-20,1,Fashion,2100,1300,10.0,2100,210.0,1890.0,1300,590.0,Debit Card,Mumbai,Jeans,Regular
O01316,C0156,P003,2025-08-01,2,Electronics,2200,1400,5.0,4400,220.0,4180.0,2800,1380.0,UPI,Delhi,Bluetooth Speaker,Premium
O01317,C0413,P008,2025-03-20,1,Home,1500,900,15.0,1500,225.0,1275.0,900,375.0,Credit Card,Delhi,Bedsheet Set,Budget
O01318,C0016,P004,2025-08-02,1,Electronics,1200,700,20.0,1200,240.0,960.0,700,260.0,UPI,Bengaluru,Power Bank,Regular
O01319,C0355,P006,2025-04-26,1,Home,4800,3200,15.0,4800,720.0,4080.0,3200,880.0,Debit Card,Hyderabad,Air Fryer,Budget
O01320,C0047,P010,2025-04-02,1,Fashion,1800,1000,20.0,1800,360.0,1440.0,1000,440.0,UPI,Pune,Backpack,Premium
O01321,C0251,P006,2025-09-27,2,Home,4800,3200,10.0,9600,960.0,8640.0,6400,2240.0,Debit Card,Mumbai,Air Fryer,Budget
O01322,C0187,P003,2025-06-17,1,Electronics,2200,1400,15.0,2200,330.0,1870.0,1400,470.0,Credit Card,Ahmedabad,Bluetooth Speaker,Premium
O01323,C0031,P014,2025-02-27,4,Beauty,1500,900,0.0,6000,0.0,6000.0,3600,2400.0,UPI,Hyderabad,Skin Care Kit,Regular
O01324,C0260,P005,2025-10-11,2,Home,4200,2800,10.0,8400,840.0,7560.0,5600,1960.0,Credit Card,Mumbai,Coffee Maker,Regular
O01325,C0421,P012,2025-01-26,3,Fashion,2100,1300,10.0,6300,630.0,5670.0,3900,1770.0,UPI,Pune,Jeans,Premium
O01326,C0017,P003,2025-03-07,1,Electronics,2200,1400,10.0,2200,220.0,1980.0,1400,580.0,UPI,Mumbai,Bluetooth Speaker,Premium
O01327,C0039,P011,2025-09-05,1,Fashion,2000,1200,20.0,2000,400.0,1600.0,1200,400.0,UPI,Chennai,Hoodie,Budget
O01328,C0304,P015,2025-09-11,4,Beauty,2500,1600,20.0,10000,2000.0,8000.0,6400,1600.0,UPI,Ahmedabad,Hair Dryer,Regular
O01329,C0430,P011,2025-02-13,3,Fashion,2000,1200,0.0,6000,0.0,6000.0,3600,2400.0,Cash on Delivery,Chennai,Hoodie,Regular
O01330,C0474,P015,2025-04-07,1,Beauty,2500,1600,5.0,2500,125.0,2375.0,1600,775.0,UPI,Bengaluru,Hair Dryer,Premium
O01331,C0432,P001,2025-02-11,1,Electronics,2500,1800,10.0,2500,250.0,2250.0,1800,450.0,Credit Card,Mumbai,Wireless Headphones,Regular
O01332,C0039,P007,2025-08-15,2,Home,1000,600,5.0,2000,100.0,1900.0,1200,700.0,UPI,Chennai,Table Lamp,Budget
O01333,C0489,P004,2025-09-19,4,Electronics,1200,700,15.0,4800,720.0,4080.0,2800,1280.0,Credit Card,Bengaluru,Power Bank,Premium
O01334,C0132,P014,2025-06-16,1,Beauty,1500,900,20.0,1500,300.0,1200.0,900,300.0,UPI,Chennai,Skin Care Kit,Regular
O01335,C0030,P007,2025-10-06,1,Home,1000,600,25.0,1000,250.0,750.0,600,150.0,Credit Card,Hyderabad,Table Lamp,Budget
O01336,C0158,P003,2025-03-30,1,Electronics,2200,1400,15.0,2200,330.0,1870.0,1400,470.0,Debit Card,Pune,Bluetooth Speaker,Budget
O01337,C0278,P012,2025-06-27,1,Fashion,2100,1300,20.0,2100,420.0,1680.0,1300,380.0,Credit Card,Pune,Jeans,Regular
O01338,C0203,P015,2025-07-16,1,Beauty,2500,1600,10.0,2500,250.0,2250.0,1600,650.0,UPI,Hyderabad,Hair Dryer,Regular
O01339,C0066,P015,2025-11-03,4,Beauty,2500,1600,5.0,10000,500.0,9500.0,6400,3100.0,Credit Card,Chennai,Hair Dryer,Budget
O01340,C0108,P011,2025-09-24,1,Fashion,2000,1200,10.0,2000,200.0,1800.0,1200,600.0,UPI,Kolkata,Hoodie,Premium
O01341,C0268,P005,2025-09-25,2,Home,4200,2800,15.0,8400,1260.0,7140.0,5600,1540.0,UPI,Mumbai,Coffee Maker,Regular
O01342,C0222,P005,2025-03-15,1,Home,4200,2800,15.0,4200,630.0,3570.0,2800,770.0,UPI,Pune,Coffee Maker,Regular
O01343,C0292,P015,2025-01-08,3,Beauty,2500,1600,5.0,7500,375.0,7125.0,4800,2325.0,UPI,Pune,Hair Dryer,Regular
O01344,C0018,P013,2025-10-24,2,Beauty,850,500,10.0,1700,170.0,1530.0,1000,530.0,Credit Card,Chennai,Face Serum,Premium
O01345,C0090,P002,2025-06-13,4,Electronics,5000,3500,10.0,20000,2000.0,18000.0,14000,4000.0,Debit Card,Mumbai,Smart Watch,Budget
O01346,C0181,P011,2025-03-26,4,Fashion,2000,1200,25.0,8000,2000.0,6000.0,4800,1200.0,UPI,Kolkata,Hoodie,Regular
O01347,C0255,P010,2025-03-13,1,Fashion,1800,1000,10.0,1800,180.0,1620.0,1000,620.0,UPI,Mumbai,Backpack,Regular
O01348,C0455,P012,2025-02-24,1,Fashion,2100,1300,15.0,2100,315.0,1785.0,1300,485.0,UPI,Mumbai,Jeans,Regular
O01349,C0253,P002,2025-02-16,2,Electronics,5000,3500,15.0,10000,1500.0,8500.0,7000,1500.0,Credit Card,Ahmedabad,Smart Watch,Premium
O01350,C0257,P004,2025-08-26,1,Electronics,1200,700,5.0,1200,60.0,1140.0,700,440.0,Credit Card,Pune,Power Bank,Regular
O01351,C0383,P015,2025-04-14,3,Beauty,2500,1600,15.0,7500,1125.0,6375.0,4800,1575.0,UPI,Pune,Hair Dryer,Budget
O01352,C0442,P004,2025-07-29,1,Electronics,1200,700,20.0,1200,240.0,960.0,700,260.0,Debit Card,Chennai,Power Bank,Budget
O01353,C0346,P004,2025-02-11,1,Electronics,1200,700,10.0,1200,120.0,1080.0,700,380.0,Credit Card,Delhi,Power Bank,Regular
O01354,C0087,P006,2025-11-12,1,Home,4800,3200,20.0,4800,960.0,3840.0,3200,640.0,Credit Card,Pune,Air Fryer,Regular
O01355,C0090,P002,2025-09-25,1,Electronics,5000,3500,5.0,5000,250.0,4750.0,3500,1250.0,Credit Card,Mumbai,Smart Watch,Budget
O01356,C0237,P006,2025-09-20,4,Home,4800,3200,0.0,19200,0.0,19200.0,12800,6400.0,Credit Card,Kolkata,Air Fryer,Regular
O01357,C0390,P007,2025-12-02,2,Home,1000,600,20.0,2000,400.0,1600.0,1200,400.0,Credit Card,Kolkata,Table Lamp,Premium
O01358,C0070,P011,2025-12-31,4,Fashion,2000,1200,20.0,8000,1600.0,6400.0,4800,1600.0,UPI,Bengaluru,Hoodie,Premium
O01359,C0044,P010,2025-09-16,2,Fashion,1800,1000,25.0,3600,900.0,2700.0,2000,700.0,UPI,Delhi,Backpack,Premium
O01360,C0200,P003,2025-10-10,2,Electronics,2200,1400,15.0,4400,660.0,3740.0,2800,940.0,UPI,Pune,Bluetooth Speaker,Premium
O01361,C0152,P011,2025-04-24,1,Fashion,2000,1200,20.0,2000,400.0,1600.0,1200,400.0,Credit Card,Mumbai,Hoodie,Premium
O01362,C0086,P012,2025-12-29,1,Fashion,2100,1300,20.0,2100,420.0,1680.0,1300,380.0,Debit Card,Chennai,Jeans,Premium
O01363,C0019,P008,2025-02-09,3,Home,1500,900,20.0,4500,900.0,3600.0,2700,900.0,UPI,Mumbai,Bedsheet Set,Regular
O01364,C0101,P002,2025-08-08,2,Electronics,5000,3500,15.0,10000,1500.0,8500.0,7000,1500.0,UPI,Ahmedabad,Smart Watch,Premium
O01365,C0402,P011,2025-05-09,2,Fashion,2000,1200,10.0,4000,400.0,3600.0,2400,1200.0,Debit Card,Hyderabad,Hoodie,Premium
O01366,C0095,P008,2025-01-08,1,Home,1500,900,20.0,1500,300.0,1200.0,900,300.0,Debit Card,Pune,Bedsheet Set,Regular
O01367,C0254,P013,2025-04-11,3,Beauty,850,500,10.0,2550,255.0,2295.0,1500,795.0,Debit Card,Kolkata,Face Serum,Regular
O01368,C0357,P011,2025-06-25,2,Fashion,2000,1200,10.0,4000,400.0,3600.0,2400,1200.0,Credit Card,Chennai,Hoodie,Budget
O01369,C0030,P005,2025-04-17,4,Home,4200,2800,10.0,16800,1680.0,15120.0,11200,3920.0,Debit Card,Hyderabad,Coffee Maker,Budget
O01370,C0249,P002,2025-04-11,4,Electronics,5000,3500,15.0,20000,3000.0,17000.0,14000,3000.0,UPI,Mumbai,Smart Watch,Premium
O01371,C0426,P007,2025-09-17,2,Home,1000,600,10.0,2000,200.0,1800.0,1200,600.0,UPI,Pune,Table Lamp,Regular
O01372,C0033,P014,2025-09-03,2,Beauty,1500,900,0.0,3000,0.0,3000.0,1800,1200.0,UPI,Mumbai,Skin Care Kit,Regular
O01373,C0458,P002,2025-10-02,2,Electronics,5000,3500,20.0,10000,2000.0,8000.0,7000,1000.0,Debit Card,,Smart Watch,Regular
O01374,C0229,P014,2025-02-01,3,Beauty,1500,900,10.0,4500,450.0,4050.0,2700,1350.0,UPI,Chennai,Skin Care Kit,Regular
O01375,C0012,P006,2025-05-17,4,Home,4800,3200,15.0,19200,2880.0,16320.0,12800,3520.0,Credit Card,Kolkata,Air Fryer,Premium
O01376,C0118,P010,2025-01-12,1,Fashion,1800,1000,0.0,1800,0.0,1800.0,1000,800.0,Credit Card,Hyderabad,Backpack,Premium
O01377,C0350,P003,2025-10-29,2,Electronics,2200,1400,0.0,4400,0.0,4400.0,2800,1600.0,UPI,Kolkata,Bluetooth Speaker,Premium
O01378,C0155,P009,2025-01-16,2,Fashion,3500,2200,5.0,7000,350.0,6650.0,4400,2250.0,Debit Card,Chennai,Running Shoes,Budget
O01379,C0423,P003,2025-05-09,1,Electronics,2200,1400,15.0,2200,330.0,1870.0,1400,470.0,UPI,Pune,Bluetooth Speaker,Regular
O01380,C0393,P011,2025-03-04,1,Fashion,2000,1200,0.0,2000,0.0,2000.0,1200,800.0,UPI,Kolkata,Hoodie,Regular
O01381,C0246,P015,2025-04-19,1,Beauty,2500,1600,20.0,2500,500.0,2000.0,1600,400.0,Debit Card,Pune,Hair Dryer,Regular
O01382,C0405,P012,2025-01-21,4,Fashion,2100,1300,5.0,8400,420.0,7980.0,5200,2780.0,UPI,Bengaluru,Jeans,Regular
O01383,C0332,P012,2025-06-07,1,Fashion,2100,1300,5.0,2100,105.0,1995.0,1300,695.0,Credit Card,Kolkata,Jeans,Regular
O01384,C0247,P003,2025-09-26,1,Electronics,2200,1400,5.0,2200,110.0,2090.0,1400,690.0,Debit Card,Kolkata,Bluetooth Speaker,Regular
O01385,C0029,P005,2025-06-11,2,Home,4200,2800,0.0,8400,0.0,8400.0,5600,2800.0,Cash on Delivery,Mumbai,Coffee Maker,Regular
O01386,C0161,P007,2025-09-17,1,Home,1000,600,15.0,1000,150.0,850.0,600,250.0,Debit Card,Pune,Table Lamp,Premium
O01387,C0235,P014,2025-04-12,4,Beauty,1500,900,20.0,6000,1200.0,4800.0,3600,1200.0,UPI,Ahmedabad,Skin Care Kit,Premium
O01388,C0190,P008,2025-08-11,1,Home,1500,900,15.0,1500,225.0,1275.0,900,375.0,Credit Card,Bengaluru,Bedsheet Set,Regular
O01389,C0117,P012,2025-02-28,1,Fashion,2100,1300,5.0,2100,105.0,1995.0,1300,695.0,UPI,Pune,Jeans,Budget
O01390,C0271,P011,2025-09-04,1,Fashion,2000,1200,5.0,2000,100.0,1900.0,1200,700.0,UPI,Mumbai,Hoodie,Premium
O01391,C0258,P007,2025-05-08,1,Home,1000,600,10.0,1000,100.0,900.0,600,300.0,UPI,Delhi,Table Lamp,Regular
O01392,C0180,P009,2025-10-10,1,Fashion,3500,2200,25.0,3500,875.0,2625.0,2200,425.0,UPI,Kolkata,Running Shoes,Regular
O01393,C0487,P005,2025-11-21,1,Home,4200,2800,5.0,4200,210.0,3990.0,2800,1190.0,Debit Card,Delhi,Coffee Maker,Regular
O01394,C0373,P010,2025-01-25,2,Fashion,1800,1000,15.0,3600,540.0,3060.0,2000,1060.0,UPI,Delhi,Backpack,Premium
O01395,C0172,P011,2025-05-11,4,Fashion,2000,1200,10.0,8000,800.0,7200.0,4800,2400.0,Credit Card,Bengaluru,Hoodie,Budget
O01396,C0438,P015,2025-12-19,4,Beauty,2500,1600,5.0,10000,500.0,9500.0,6400,3100.0,UPI,Delhi,Hair Dryer,Budget
O01397,C0274,P003,2025-07-15,1,Electronics,2200,1400,10.0,2200,220.0,1980.0,1400,580.0,Credit Card,Kolkata,Bluetooth Speaker,Regular
O01398,C0259,P006,2025-10-08,3,Home,4800,3200,0.0,14400,0.0,14400.0,9600,4800.0,Cash on Delivery,Kolkata,Air Fryer,Regular
O01399,C0135,P005,2025-06-03,1,Home,4200,2800,15.0,4200,630.0,3570.0,2800,770.0,UPI,Hyderabad,Coffee Maker,Regular
O01400,C0171,P012,2025-05-13,1,Fashion,2100,1300,5.0,2100,105.0,1995.0,1300,695.0,Credit Card,Bengaluru,Jeans,Regular
O01401,C0210,P004,2025-08-15,2,Electronics,1200,700,15.0,2400,360.0,2040.0,1400,640.0,UPI,Hyderabad,Power Bank,Premium
O01402,C0236,P012,2025-07-08,4,Fashion,2100,1300,0.0,8400,0.0,8400.0,5200,3200.0,UPI,Pune,Jeans,Premium
O01403,C0422,P002,2025-09-22,1,Electronics,5000,3500,25.0,5000,1250.0,3750.0,3500,250.0,Credit Card,Chennai,Smart Watch,Regular
O01404,C0421,P007,2025-05-14,4,Home,1000,600,5.0,4000,200.0,3800.0,2400,1400.0,Debit Card,Pune,Table Lamp,Premium
O01405,C0186,P013,2025-07-30,1,Beauty,850,500,20.0,850,170.0,680.0,500,180.0,UPI,Bengaluru,Face Serum,Regular
O01406,C0417,P005,2025-03-01,2,Home,4200,2800,20.0,8400,1680.0,6720.0,5600,1120.0,UPI,Pune,Coffee Maker,Regular
O01407,C0364,P004,2025-12-30,1,Electronics,1200,700,25.0,1200,300.0,900.0,700,200.0,UPI,Delhi,Power Bank,Premium
O01408,C0443,P012,2025-12-30,4,Fashion,2100,1300,10.0,8400,840.0,7560.0,5200,2360.0,Debit Card,Kolkata,Jeans,Budget
O01409,C0095,P014,2025-08-01,1,Beauty,1500,900,15.0,1500,225.0,1275.0,900,375.0,Debit Card,Pune,Skin Care Kit,Regular
O01410,C0378,P008,2025-08-04,1,Home,1500,900,10.0,1500,150.0,1350.0,900,450.0,Credit Card,Pune,Bedsheet Set,Regular
O01411,C0011,P009,2025-08-14,2,Fashion,3500,2200,5.0,7000,350.0,6650.0,4400,2250.0,Credit Card,Mumbai,Running Shoes,Premium
O01412,C0068,P009,2025-05-11,1,Fashion,3500,2200,10.0,3500,350.0,3150.0,2200,950.0,Debit Card,Delhi,Running Shoes,Premium
O01413,C0379,P003,2025-03-17,1,Electronics,2200,1400,5.0,2200,110.0,2090.0,1400,690.0,Debit Card,Delhi,Bluetooth Speaker,Premium
O01414,C0210,P003,2025-10-13,2,Electronics,2200,1400,25.0,4400,1100.0,3300.0,2800,500.0,Debit Card,Hyderabad,Bluetooth Speaker,Premium
O01415,C0196,P005,2025-10-04,1,Home,4200,2800,0.0,4200,0.0,4200.0,2800,1400.0,Debit Card,Chennai,Coffee Maker,Regular
O01416,C0369,P005,2025-06-05,2,Home,4200,2800,15.0,8400,1260.0,7140.0,5600,1540.0,Credit Card,Hyderabad,Coffee Maker,Regular
O01417,C0098,P010,2025-09-05,1,Fashion,1800,1000,15.0,1800,270.0,1530.0,1000,530.0,Credit Card,Chennai,Backpack,Regular
O01418,C0093,P002,2025-08-06,1,Electronics,5000,3500,10.0,5000,500.0,4500.0,3500,1000.0,Debit Card,Delhi,Smart Watch,Regular
O01419,C0472,P001,2025-07-09,4,Electronics,2500,1800,15.0,10000,1500.0,8500.0,7200,1300.0,Cash on Delivery,Delhi,Wireless Headphones,Regular
O01420,C0022,P008,2025-06-12,4,Home,1500,900,0.0,6000,0.0,6000.0,3600,2400.0,UPI,Hyderabad,Bedsheet Set,Regular
O01421,C0450,P003,2025-06-29,3,Electronics,2200,1400,15.0,6600,990.0,5610.0,4200,1410.0,UPI,Mumbai,Bluetooth Speaker,Premium
O01422,C0172,P001,2025-02-03,1,Electronics,2500,1800,5.0,2500,125.0,2375.0,1800,575.0,Cash on Delivery,Bengaluru,Wireless Headphones,Budget
O01423,C0383,P001,2025-02-10,2,Electronics,2500,1800,20.0,5000,1000.0,4000.0,3600,400.0,UPI,Pune,Wireless Headphones,Budget
O01424,C0134,P011,2025-11-03,3,Fashion,2000,1200,15.0,6000,900.0,5100.0,3600,1500.0,Debit Card,Hyderabad,Hoodie,Regular
O01425,C0426,P015,2025-12-04,3,Beauty,2500,1600,25.0,7500,1875.0,5625.0,4800,825.0,UPI,Pune,Hair Dryer,Regular
O01426,C0025,P002,2025-11-10,2,Electronics,5000,3500,0.0,10000,0.0,10000.0,7000,3000.0,UPI,Chennai,Smart Watch,Regular
O01427,C0185,P006,2025-03-16,2,Home,4800,3200,5.0,9600,480.0,9120.0,6400,2720.0,UPI,Chennai,Air Fryer,Regular
O01428,C0085,P006,2025-10-06,3,Home,4800,3200,5.0,14400,720.0,13680.0,9600,4080.0,UPI,Kolkata,Air Fryer,Regular
O01429,C0055,P014,2025-06-25,2,Beauty,1500,900,0.0,3000,0.0,3000.0,1800,1200.0,UPI,Hyderabad,Skin Care Kit,Regular
O01430,C0251,P003,2025-05-30,3,Electronics,2200,1400,5.0,6600,330.0,6270.0,4200,2070.0,Credit Card,Mumbai,Bluetooth Speaker,Budget
O01431,C0144,P012,2025-09-30,1,Fashion,2100,1300,15.0,2100,315.0,1785.0,1300,485.0,Debit Card,Hyderabad,Jeans,Budget
O01432,C0351,P004,2025-11-21,1,Electronics,1200,700,5.0,1200,60.0,1140.0,700,440.0,Cash on Delivery,Bengaluru,Power Bank,Regular
O01433,C0398,P012,2025-04-18,2,Fashion,2100,1300,10.0,4200,420.0,3780.0,2600,1180.0,UPI,Ahmedabad,Jeans,Regular
O01434,C0167,P013,2025-05-19,1,Beauty,850,500,20.0,850,170.0,680.0,500,180.0,Credit Card,Bengaluru,Face Serum,Regular
O01435,C0412,P002,2025-12-16,2,Electronics,5000,3500,15.0,10000,1500.0,8500.0,7000,1500.0,Credit Card,Pune,Smart Watch,Premium
O01436,C0224,P002,2025-09-28,1,Electronics,5000,3500,10.0,5000,500.0,4500.0,3500,1000.0,Credit Card,Pune,Smart Watch,Premium
O01437,C0220,P015,2025-12-13,2,Beauty,2500,1600,10.0,5000,500.0,4500.0,3200,1300.0,Credit Card,Mumbai,Hair Dryer,Regular
O01438,C0179,P007,2025-10-16,2,Home,1000,600,10.0,2000,200.0,1800.0,1200,600.0,UPI,Chennai,Table Lamp,Budget
O01439,C0119,P013,2025-07-31,3,Beauty,850,500,5.0,2550,127.5,2422.5,1500,922.5,UPI,Chennai,Face Serum,Regular
O01440,C0433,P001,2025-09-29,4,Electronics,2500,1800,15.0,10000,1500.0,8500.0,7200,1300.0,UPI,Chennai,Wireless Headphones,Budget
O01441,C0265,P007,2025-03-07,1,Home,1000,600,10.0,1000,100.0,900.0,600,300.0,UPI,Pune,Table Lamp,Budget
O01442,C0442,P014,2025-09-05,2,Beauty,1500,900,20.0,3000,600.0,2400.0,1800,600.0,Debit Card,Chennai,Skin Care Kit,Budget
O01443,C0429,P012,2025-06-05,1,Fashion,2100,1300,15.0,2100,315.0,1785.0,1300,485.0,UPI,Delhi,Jeans,Regular
O01444,C0150,P014,2025-02-16,1,Beauty,1500,900,15.0,1500,225.0,1275.0,900,375.0,Debit Card,Mumbai,Skin Care Kit,Premium
O01445,C0416,P012,2025-07-20,1,Fashion,2100,1300,10.0,2100,210.0,1890.0,1300,590.0,Cash on Delivery,Pune,Jeans,Regular
O01446,C0453,P014,2025-05-28,2,Beauty,1500,900,5.0,3000,150.0,2850.0,1800,1050.0,Cash on Delivery,Mumbai,Skin Care Kit,Regular
O01447,C0215,P001,2025-05-04,3,Electronics,2500,1800,15.0,7500,1125.0,6375.0,5400,975.0,Cash on Delivery,Ahmedabad,Wireless Headphones,Regular
O01448,C0197,P014,2025-01-01,1,Beauty,1500,900,10.0,1500,150.0,1350.0,900,450.0,UPI,Hyderabad,Skin Care Kit,Premium
O01449,C0042,P006,2025-09-04,1,Home,4800,3200,5.0,4800,240.0,4560.0,3200,1360.0,Credit Card,Hyderabad,Air Fryer,Premium
O01450,C0053,P003,2025-12-09,2,Electronics,2200,1400,5.0,4400,220.0,4180.0,2800,1380.0,UPI,Bengaluru,Bluetooth Speaker,Regular
O01451,C0480,P008,2025-05-08,2,Home,1500,900,5.0,3000,150.0,2850.0,1800,1050.0,Debit Card,Kolkata,Bedsheet Set,Budget
O01452,C0443,P006,2025-07-10,4,Home,4800,3200,15.0,19200,2880.0,16320.0,12800,3520.0,Debit Card,Kolkata,Air Fryer,Budget
O01453,C0330,P011,2025-03-08,1,Fashion,2000,1200,5.0,2000,100.0,1900.0,1200,700.0,Debit Card,Kolkata,Hoodie,Budget
O01454,C0251,P002,2025-01-04,1,Electronics,5000,3500,10.0,5000,500.0,4500.0,3500,1000.0,UPI,Mumbai,Smart Watch,Budget
O01455,C0295,P008,2025-10-30,1,Home,1500,900,10.0,1500,150.0,1350.0,900,450.0,Debit Card,Chennai,Bedsheet Set,Regular
O01456,C0378,P005,2025-10-21,1,Home,4200,2800,15.0,4200,630.0,3570.0,2800,770.0,UPI,Pune,Coffee Maker,Regular
O01457,C0271,P008,2025-05-23,2,Home,1500,900,20.0,3000,600.0,2400.0,1800,600.0,UPI,Mumbai,Bedsheet Set,Premium
O01458,C0455,P008,2025-07-10,1,Home,1500,900,20.0,1500,300.0,1200.0,900,300.0,Debit Card,Mumbai,Bedsheet Set,Regular
O01459,C0413,P006,2025-01-21,1,Home,4800,3200,10.0,4800,480.0,4320.0,3200,1120.0,UPI,Delhi,Air Fryer,Budget
O01460,C0123,P002,2025-08-15,2,Electronics,5000,3500,0.0,10000,0.0,10000.0,7000,3000.0,Cash on Delivery,Delhi,Smart Watch,Regular
O01461,C0367,P008,2025-11-09,1,Home,1500,900,10.0,1500,150.0,1350.0,900,450.0,UPI,Pune,Bedsheet Set,Regular
O01462,C0387,P015,2025-04-27,3,Beauty,2500,1600,15.0,7500,1125.0,6375.0,4800,1575.0,Debit Card,Ahmedabad,Hair Dryer,Regular
O01463,C0339,P015,2025-10-29,1,Beauty,2500,1600,15.0,2500,375.0,2125.0,1600,525.0,Credit Card,Bengaluru,Hair Dryer,Regular
O01464,C0266,P011,2025-05-22,3,Fashion,2000,1200,15.0,6000,900.0,5100.0,3600,1500.0,Debit Card,Mumbai,Hoodie,Regular
O01465,C0348,P006,2025-02-08,1,Home,4800,3200,5.0,4800,240.0,4560.0,3200,1360.0,Debit Card,Delhi,Air Fryer,Budget
O01466,C0029,P006,2025-12-21,1,Home,4800,3200,15.0,4800,720.0,4080.0,3200,880.0,Cash on Delivery,Mumbai,Air Fryer,Regular
O01467,C0463,P008,2025-09-09,1,Home,1500,900,5.0,1500,75.0,1425.0,900,525.0,UPI,Chennai,Bedsheet Set,Budget
O01468,C0035,P001,2025-11-29,3,Electronics,2500,1800,15.0,7500,1125.0,6375.0,5400,975.0,Cash on Delivery,Hyderabad,Wireless Headphones,Regular
O01469,C0006,P002,2025-07-26,3,Electronics,5000,3500,10.0,15000,1500.0,13500.0,10500,3000.0,UPI,Kolkata,Smart Watch,Premium
O01470,C0396,P012,2025-07-29,2,Fashion,2100,1300,15.0,4200,630.0,3570.0,2600,970.0,UPI,Bengaluru,Jeans,Premium
O01471,C0111,P012,2025-04-25,1,Fashion,2100,1300,0.0,2100,0.0,2100.0,1300,800.0,UPI,Hyderabad,Jeans,Premium
O01472,C0294,P009,2025-08-13,1,Fashion,3500,2200,10.0,3500,350.0,3150.0,2200,950.0,Debit Card,Mumbai,Running Shoes,Regular
O01473,C0077,P011,2025-05-14,4,Fashion,2000,1200,15.0,8000,1200.0,6800.0,4800,2000.0,Credit Card,Hyderabad,Hoodie,Regular
O01474,C0349,P012,2025-09-08,1,Fashion,2100,1300,5.0,2100,105.0,1995.0,1300,695.0,Debit Card,Chennai,Jeans,Premium
O01475,C0147,P008,2025-08-07,2,Home,1500,900,15.0,3000,450.0,2550.0,1800,750.0,Debit Card,Kolkata,Bedsheet Set,Regular
O01476,C0067,P012,2025-04-01,1,Fashion,2100,1300,15.0,2100,315.0,1785.0,1300,485.0,UPI,Kolkata,Jeans,Regular
O01477,C0392,P007,2025-12-20,3,Home,1000,600,15.0,3000,450.0,2550.0,1800,750.0,Cash on Delivery,Kolkata,Table Lamp,Regular
O01478,C0008,P007,2025-02-15,1,Home,1000,600,10.0,1000,100.0,900.0,600,300.0,UPI,Ahmedabad,Table Lamp,Regular
O01479,C0122,P005,2025-02-07,1,Home,4200,2800,10.0,4200,420.0,3780.0,2800,980.0,Debit Card,Delhi,Coffee Maker,Premium
O01480,C0340,P002,2025-05-22,4,Electronics,5000,3500,15.0,20000,3000.0,17000.0,14000,3000.0,UPI,Kolkata,Smart Watch,Premium
O01481,C0175,P011,2025-04-10,2,Fashion,2000,1200,10.0,4000,400.0,3600.0,2400,1200.0,Credit Card,Delhi,Hoodie,Premium
O01482,C0388,P006,2025-11-24,2,Home,4800,3200,15.0,9600,1440.0,8160.0,6400,1760.0,UPI,Bengaluru,Air Fryer,Budget
O01483,C0179,P010,2025-07-09,1,Fashion,1800,1000,10.0,1800,180.0,1620.0,1000,620.0,UPI,Chennai,Backpack,Budget
O01484,C0085,P003,2025-02-04,4,Electronics,2200,1400,5.0,8800,440.0,8360.0,5600,2760.0,UPI,Kolkata,Bluetooth Speaker,Regular
O01485,C0451,P004,2025-05-27,1,Electronics,1200,700,5.0,1200,60.0,1140.0,700,440.0,UPI,Delhi,Power Bank,Premium
O01486,C0045,P013,2025-01-30,2,Beauty,850,500,0.0,1700,0.0,1700.0,1000,700.0,UPI,Kolkata,Face Serum,Premium
O01487,C0136,P010,2025-11-30,1,Fashion,1800,1000,10.0,1800,180.0,1620.0,1000,620.0,UPI,Ahmedabad,Backpack,Premium
O01488,C0343,P012,2025-03-25,4,Fashion,2100,1300,15.0,8400,1260.0,7140.0,5200,1940.0,Credit Card,Hyderabad,Jeans,Premium
O01489,C0016,P011,2025-10-08,3,Fashion,2000,1200,15.0,6000,900.0,5100.0,3600,1500.0,Debit Card,Bengaluru,Hoodie,Regular
O01490,C0333,P002,2025-12-10,2,Electronics,5000,3500,5.0,10000,500.0,9500.0,7000,2500.0,Credit Card,Kolkata,Smart Watch,Regular
O01491,C0195,P014,2025-09-27,1,Beauty,1500,900,25.0,1500,375.0,1125.0,900,225.0,Debit Card,Ahmedabad,Skin Care Kit,Budget
O01492,C0496,P002,2025-06-03,1,Electronics,5000,3500,10.0,5000,500.0,4500.0,3500,1000.0,Credit Card,Hyderabad,Smart Watch,Regular
O01493,C0009,P012,2025-04-12,1,Fashion,2100,1300,20.0,2100,420.0,1680.0,1300,380.0,Credit Card,Pune,Jeans,Regular
O01494,C0316,P008,2025-08-03,2,Home,1500,900,15.0,3000,450.0,2550.0,1800,750.0,Credit Card,Bengaluru,Bedsheet Set,Regular
O01495,C0334,P008,2025-05-30,2,Home,1500,900,15.0,3000,450.0,2550.0,1800,750.0,UPI,Pune,Bedsheet Set,Regular
O01496,C0333,P010,2025-03-24,1,Fashion,1800,1000,0.0,1800,0.0,1800.0,1000,800.0,Credit Card,Kolkata,Backpack,Regular
O01497,C0327,P006,2025-04-20,1,Home,4800,3200,5.0,4800,240.0,4560.0,3200,1360.0,UPI,Mumbai,Air Fryer,Premium
O01498,C0015,P013,2025-10-02,1,Beauty,850,500,0.0,850,0.0,850.0,500,350.0,Debit Card,Mumbai,Face Serum,Regular
O01499,C0327,P005,2025-07-20,2,Home,4200,2800,15.0,8400,1260.0,7140.0,5600,1540.0,Debit Card,Mumbai,Coffee Maker,Premium
O01500,C0102,P008,2025-10-11,1,Home,1500,900,10.0,1500,150.0,1350.0,900,450.0,UPI,Pune,Bedsheet Set,Regular
O01501,C0226,P004,2025-06-22,3,Electronics,1200,700,15.0,3600,540.0,3060.0,2100,960.0,Debit Card,Ahmedabad,Power Bank,Regular
O01502,C0425,P011,2025-11-23,2,Fashion,2000,1200,10.0,4000,400.0,3600.0,2400,1200.0,UPI,Mumbai,Hoodie,Regular
O01503,C0278,P004,2025-07-25,3,Electronics,1200,700,20.0,3600,720.0,2880.0,2100,780.0,UPI,Pune,Power Bank,Regular
O01504,C0408,P005,2025-03-04,2,Home,4200,2800,0.0,8400,0.0,8400.0,5600,2800.0,UPI,Bengaluru,Coffee Maker,Regular
O01505,C0113,P001,2025-03-14,2,Electronics,2500,1800,5.0,5000,250.0,4750.0,3600,1150.0,Debit Card,Chennai,Wireless Headphones,Regular
O01506,C0485,P001,2025-09-08,3,Electronics,2500,1800,10.0,7500,750.0,6750.0,5400,1350.0,Debit Card,Pune,Wireless Headphones,Regular
O01507,C0428,P002,2025-05-04,2,Electronics,5000,3500,10.0,10000,1000.0,9000.0,7000,2000.0,Debit Card,Hyderabad,Smart Watch,Regular
O01508,C0001,P014,2025-05-01,1,Beauty,1500,900,10.0,1500,150.0,1350.0,900,450.0,UPI,Delhi,Skin Care Kit,Regular
O01509,C0266,P008,2025-10-02,2,Home,1500,900,15.0,3000,450.0,2550.0,1800,750.0,Credit Card,Mumbai,Bedsheet Set,Regular
O01510,C0491,P007,2025-04-30,2,Home,1000,600,0.0,2000,0.0,2000.0,1200,800.0,Debit Card,Kolkata,Table Lamp,Regular
O01511,C0208,P015,2025-11-13,1,Beauty,2500,1600,10.0,2500,250.0,2250.0,1600,650.0,UPI,Hyderabad,Hair Dryer,Premium
O01512,C0110,P015,2025-06-13,2,Beauty,2500,1600,20.0,5000,1000.0,4000.0,3200,800.0,Credit Card,Pune,Hair Dryer,Budget
O01513,C0200,P010,2025-10-13,3,Fashion,1800,1000,0.0,5400,0.0,5400.0,3000,2400.0,UPI,Pune,Backpack,Premium
O01514,C0440,P009,2025-09-22,1,Fashion,3500,2200,20.0,3500,700.0,2800.0,2200,600.0,UPI,Kolkata,Running Shoes,Regular
O01515,C0369,P005,2025-11-16,1,Home,4200,2800,25.0,4200,1050.0,3150.0,2800,350.0,Credit Card,Hyderabad,Coffee Maker,Regular
O01516,C0473,P002,2025-06-10,1,Electronics,5000,3500,0.0,5000,0.0,5000.0,3500,1500.0,Credit Card,Chennai,Smart Watch,Premium
O01517,C0306,P007,2025-11-04,2,Home,1000,600,5.0,2000,100.0,1900.0,1200,700.0,UPI,Delhi,Table Lamp,Budget
O01518,C0012,P015,2025-03-30,1,Beauty,2500,1600,10.0,2500,250.0,2250.0,1600,650.0,UPI,Kolkata,Hair Dryer,Premium
O01519,C0345,P008,2025-05-22,2,Home,1500,900,15.0,3000,450.0,2550.0,1800,750.0,UPI,Chennai,Bedsheet Set,Premium
O01520,C0465,P012,2025-07-22,1,Fashion,2100,1300,15.0,2100,315.0,1785.0,1300,485.0,UPI,Delhi,Jeans,Regular
O01521,C0188,P007,2025-11-05,1,Home,1000,600,15.0,1000,150.0,850.0,600,250.0,UPI,Kolkata,Table Lamp,Regular
O01522,C0154,P014,2025-08-15,3,Beauty,1500,900,15.0,4500,675.0,3825.0,2700,1125.0,UPI,Pune,Skin Care Kit,Budget
O01523,C0494,P007,2025-11-30,3,Home,1000,600,0.0,3000,0.0,3000.0,1800,1200.0,Credit Card,Kolkata,Table Lamp,Regular
O01524,C0368,P012,2025-08-10,1,Fashion,2100,1300,20.0,2100,420.0,1680.0,1300,380.0,UPI,Pune,Jeans,Regular
O01525,C0334,P015,2025-02-10,2,Beauty,2500,1600,15.0,5000,750.0,4250.0,3200,1050.0,Debit Card,Pune,Hair Dryer,Regular
O01526,C0425,P014,2025-07-15,1,Beauty,1500,900,15.0,1500,225.0,1275.0,900,375.0,Debit Card,Mumbai,Skin Care Kit,Regular
O01527,C0420,P005,2025-03-09,3,Home,4200,2800,20.0,12600,2520.0,10080.0,8400,1680.0,UPI,Delhi,Coffee Maker,Budget
O01528,C0377,P002,2025-09-21,4,Electronics,5000,3500,15.0,20000,3000.0,17000.0,14000,3000.0,UPI,Ahmedabad,Smart Watch,Budget
O01529,C0279,P006,2025-01-02,1,Home,4800,3200,5.0,4800,240.0,4560.0,3200,1360.0,Debit Card,Kolkata,Air Fryer,Budget
O01530,C0171,P004,2025-12-27,1,Electronics,1200,700,10.0,1200,120.0,1080.0,700,380.0,UPI,Bengaluru,Power Bank,Regular
O01531,C0134,P010,2025-05-05,4,Fashion,1800,1000,10.0,7200,720.0,6480.0,4000,2480.0,UPI,Hyderabad,Backpack,Regular
O01532,C0495,P002,2025-04-20,4,Electronics,5000,3500,0.0,20000,0.0,20000.0,14000,6000.0,UPI,Pune,Smart Watch,Budget
O01533,C0453,P012,2025-03-27,1,Fashion,2100,1300,25.0,2100,525.0,1575.0,1300,275.0,Credit Card,Mumbai,Jeans,Regular
O01534,C0427,P009,2025-04-30,1,Fashion,3500,2200,0.0,3500,0.0,3500.0,2200,1300.0,Credit Card,Mumbai,Running Shoes,Regular
O01535,C0025,P007,2025-05-07,1,Home,1000,600,15.0,1000,150.0,850.0,600,250.0,Cash on Delivery,Chennai,Table Lamp,Regular
O01536,C0018,P006,2025-09-12,1,Home,4800,3200,10.0,4800,480.0,4320.0,3200,1120.0,Debit Card,Chennai,Air Fryer,Premium
O01537,C0190,P012,2025-07-02,2,Fashion,2100,1300,0.0,4200,0.0,4200.0,2600,1600.0,UPI,Bengaluru,Jeans,Regular
O01538,C0141,P005,2025-01-16,2,Home,4200,2800,20.0,8400,1680.0,6720.0,5600,1120.0,UPI,Mumbai,Coffee Maker,Regular
O01539,C0043,P003,2025-03-03,1,Electronics,2200,1400,20.0,2200,440.0,1760.0,1400,360.0,UPI,Bengaluru,Bluetooth Speaker,Budget
O01540,C0334,P012,2025-06-07,1,Fashion,2100,1300,10.0,2100,210.0,1890.0,1300,590.0,UPI,Pune,Jeans,Regular
O01541,C0284,P015,2025-09-25,2,Beauty,2500,1600,5.0,5000,250.0,4750.0,3200,1550.0,UPI,Kolkata,Hair Dryer,Regular
O01542,C0146,P015,2025-02-04,1,Beauty,2500,1600,0.0,2500,0.0,2500.0,1600,900.0,UPI,Mumbai,Hair Dryer,Regular
O01543,C0315,P010,2025-09-24,1,Fashion,1800,1000,10.0,1800,180.0,1620.0,1000,620.0,UPI,Chennai,Backpack,Regular
O01544,C0444,P010,2025-03-05,1,Fashion,1800,1000,5.0,1800,90.0,1710.0,1000,710.0,UPI,Ahmedabad,Backpack,Regular
O01545,C0319,P004,2025-02-19,2,Electronics,1200,700,10.0,2400,240.0,2160.0,1400,760.0,UPI,Hyderabad,Power Bank,Regular
O01546,C0441,P003,2025-09-12,3,Electronics,2200,1400,25.0,6600,1650.0,4950.0,4200,750.0,Cash on Delivery,Mumbai,Bluetooth Speaker,Regular
O01547,C0092,P012,2025-05-29,1,Fashion,2100,1300,15.0,2100,315.0,1785.0,1300,485.0,Credit Card,Bengaluru,Jeans,Regular
O01548,C0179,P011,2025-11-21,3,Fashion,2000,1200,20.0,6000,1200.0,4800.0,3600,1200.0,Cash on Delivery,Chennai,Hoodie,Budget
O01549,C0056,P008,2025-10-31,1,Home,1500,900,15.0,1500,225.0,1275.0,900,375.0,UPI,Pune,Bedsheet Set,Premium
O01550,C0155,P003,2025-10-03,2,Electronics,2200,1400,10.0,4400,440.0,3960.0,2800,1160.0,Credit Card,Chennai,Bluetooth Speaker,Budget
O01551,C0160,P007,2025-12-23,1,Home,1000,600,20.0,1000,200.0,800.0,600,200.0,UPI,Pune,Table Lamp,Regular
O01552,C0111,P007,2025-06-21,1,Home,1000,600,10.0,1000,100.0,900.0,600,300.0,UPI,Hyderabad,Table Lamp,Premium
O01553,C0137,P007,2025-07-20,1,Home,1000,600,20.0,1000,200.0,800.0,600,200.0,UPI,Pune,Table Lamp,Premium
O01554,C0232,P013,2025-11-20,4,Beauty,850,500,5.0,3400,170.0,3230.0,2000,1230.0,Cash on Delivery,Chennai,Face Serum,Regular
O01555,C0480,P007,2025-02-04,1,Home,1000,600,0.0,1000,0.0,1000.0,600,400.0,Cash on Delivery,Kolkata,Table Lamp,Budget
O01556,C0468,P014,2025-08-04,1,Beauty,1500,900,20.0,1500,300.0,1200.0,900,300.0,UPI,Chennai,Skin Care Kit,Regular
O01557,C0220,P002,2025-03-06,1,Electronics,5000,3500,15.0,5000,750.0,4250.0,3500,750.0,UPI,Mumbai,Smart Watch,Regular
O01558,C0481,P010,2025-01-08,4,Fashion,1800,1000,20.0,7200,1440.0,5760.0,4000,1760.0,UPI,Chennai,Backpack,Budget
O01559,C0068,P003,2025-10-28,3,Electronics,2200,1400,20.0,6600,1320.0,5280.0,4200,1080.0,UPI,Delhi,Bluetooth Speaker,Premium
O01560,C0302,P010,2025-12-09,4,Fashion,1800,1000,0.0,7200,0.0,7200.0,4000,3200.0,UPI,Mumbai,Backpack,Budget
O01561,C0249,P009,2025-11-28,3,Fashion,3500,2200,10.0,10500,1050.0,9450.0,6600,2850.0,UPI,Mumbai,Running Shoes,Premium
O01562,C0482,P003,2025-03-17,4,Electronics,2200,1400,10.0,8800,880.0,7920.0,5600,2320.0,Credit Card,Bengaluru,Bluetooth Speaker,Budget
O01563,C0496,P002,2025-06-23,4,Electronics,5000,3500,15.0,20000,3000.0,17000.0,14000,3000.0,UPI,Hyderabad,Smart Watch,Regular
O01564,C0323,P009,2025-02-16,1,Fashion,3500,2200,15.0,3500,525.0,2975.0,2200,775.0,UPI,Pune,Running Shoes,Regular
O01565,C0410,P013,2025-01-15,3,Beauty,850,500,5.0,2550,127.5,2422.5,1500,922.5,UPI,Ahmedabad,Face Serum,Regular
O01566,C0392,P010,2025-12-27,1,Fashion,1800,1000,15.0,1800,270.0,1530.0,1000,530.0,UPI,Kolkata,Backpack,Regular
O01567,C0006,P009,2025-05-27,2,Fashion,3500,2200,15.0,7000,1050.0,5950.0,4400,1550.0,Cash on Delivery,Kolkata,Running Shoes,Premium
O01568,C0464,P004,2025-01-26,1,Electronics,1200,700,0.0,1200,0.0,1200.0,700,500.0,UPI,Chennai,Power Bank,Regular
O01569,C0280,P014,2025-11-04,1,Beauty,1500,900,20.0,1500,300.0,1200.0,900,300.0,Debit Card,Pune,Skin Care Kit,Regular
O01570,C0432,P012,2025-04-03,2,Fashion,2100,1300,15.0,4200,630.0,3570.0,2600,970.0,Debit Card,Mumbai,Jeans,Regular
O01571,C0487,P009,2025-08-20,2,Fashion,3500,2200,20.0,7000,1400.0,5600.0,4400,1200.0,Cash on Delivery,Delhi,Running Shoes,Regular
O01572,C0094,P003,2025-01-21,1,Electronics,2200,1400,10.0,2200,220.0,1980.0,1400,580.0,Debit Card,Delhi,Bluetooth Speaker,Budget
O01573,C0429,P007,2025-11-03,1,Home,1000,600,0.0,1000,0.0,1000.0,600,400.0,Credit Card,Delhi,Table Lamp,Regular
O01574,C0269,P007,2025-02-07,1,Home,1000,600,10.0,1000,100.0,900.0,600,300.0,Debit Card,Bengaluru,Table Lamp,Premium
O01575,C0197,P015,2025-10-03,4,Beauty,2500,1600,0.0,10000,0.0,10000.0,6400,3600.0,UPI,Hyderabad,Hair Dryer,Premium
O01576,C0025,P011,2025-06-06,4,Fashion,2000,1200,25.0,8000,2000.0,6000.0,4800,1200.0,Credit Card,Chennai,Hoodie,Regular
O01577,C0148,P008,2025-06-28,2,Home,1500,900,0.0,3000,0.0,3000.0,1800,1200.0,Cash on Delivery,Hyderabad,Bedsheet Set,Budget
O01578,C0118,P010,2025-05-12,1,Fashion,1800,1000,15.0,1800,270.0,1530.0,1000,530.0,Debit Card,Hyderabad,Backpack,Premium
O01579,C0338,P015,2025-11-07,3,Beauty,2500,1600,10.0,7500,750.0,6750.0,4800,1950.0,Cash on Delivery,Bengaluru,Hair Dryer,Premium
O01580,C0367,P004,2025-12-14,1,Electronics,1200,700,10.0,1200,120.0,1080.0,700,380.0,Debit Card,Pune,Power Bank,Regular
O01581,C0338,P003,2025-01-28,1,Electronics,2200,1400,0.0,2200,0.0,2200.0,1400,800.0,Debit Card,Bengaluru,Bluetooth Speaker,Premium
O01582,C0066,P003,2025-09-17,1,Electronics,2200,1400,15.0,2200,330.0,1870.0,1400,470.0,Debit Card,Chennai,Bluetooth Speaker,Budget
O01583,C0458,P015,2025-03-17,1,Beauty,2500,1600,15.0,2500,375.0,2125.0,1600,525.0,Debit Card,Hyderabad,Hair Dryer,Regular
O01584,C0301,P012,2025-03-08,2,Fashion,2100,1300,5.0,4200,210.0,3990.0,2600,1390.0,Credit Card,Chennai,Jeans,Premium
O01585,C0370,P005,2025-12-08,1,Home,4200,2800,20.0,4200,840.0,3360.0,2800,560.0,Cash on Delivery,Delhi,Coffee Maker,Budget
O01586,C0175,P011,2025-07-13,4,Fashion,2000,1200,10.0,8000,800.0,7200.0,4800,2400.0,Debit Card,Delhi,Hoodie,Premium
O01587,C0319,P015,2025-06-11,4,Beauty,2500,1600,10.0,10000,1000.0,9000.0,6400,2600.0,Debit Card,Hyderabad,Hair Dryer,Regular
O01588,C0076,P014,2025-12-13,1,Beauty,1500,900,10.0,1500,150.0,1350.0,900,450.0,Credit Card,Kolkata,Skin Care Kit,Budget
O01589,C0495,P001,2025-12-27,1,Electronics,2500,1800,0.0,2500,0.0,2500.0,1800,700.0,UPI,Pune,Wireless Headphones,Budget
O01590,C0461,P010,2025-09-14,1,Fashion,1800,1000,20.0,1800,360.0,1440.0,1000,440.0,UPI,Kolkata,Backpack,Budget
O01591,C0114,P003,2025-03-13,2,Electronics,2200,1400,10.0,4400,440.0,3960.0,2800,1160.0,Cash on Delivery,Hyderabad,Bluetooth Speaker,Premium
O01592,C0111,P014,2025-03-28,2,Beauty,1500,900,0.0,3000,0.0,3000.0,1800,1200.0,Credit Card,Hyderabad,Skin Care Kit,Premium
O01593,C0249,P006,2025-09-19,1,Home,4800,3200,10.0,4800,480.0,4320.0,3200,1120.0,UPI,Mumbai,Air Fryer,Premium
O01594,C0439,P003,2025-08-02,2,Electronics,2200,1400,15.0,4400,660.0,3740.0,2800,940.0,UPI,Mumbai,Bluetooth Speaker,Premium
O01595,C0203,P005,2025-06-02,1,Home,4200,2800,10.0,4200,420.0,3780.0,2800,980.0,Debit Card,Hyderabad,Coffee Maker,Regular
O01596,C0147,P009,2025-07-29,4,Fashion,3500,2200,15.0,14000,2100.0,11900.0,8800,3100.0,Debit Card,Kolkata,Running Shoes,Regular
O01597,C0035,P002,2025-03-02,1,Electronics,5000,3500,0.0,5000,0.0,5000.0,3500,1500.0,Debit Card,Hyderabad,Smart Watch,Regular
O01598,C0487,P011,2025-09-25,2,Fashion,2000,1200,5.0,4000,200.0,3800.0,2400,1400.0,Credit Card,Delhi,Hoodie,Regular
O01599,C0309,P002,2025-09-19,2,Electronics,5000,3500,20.0,10000,2000.0,8000.0,7000,1000.0,UPI,Ahmedabad,Smart Watch,Premium
O01600,C0026,P012,2025-08-06,1,Fashion,2100,1300,0.0,2100,0.0,2100.0,1300,800.0,UPI,Pune,Jeans,Regular
O01601,C0238,P006,2025-10-10,2,Home,4800,3200,20.0,9600,1920.0,7680.0,6400,1280.0,UPI,Mumbai,Air Fryer,Regular
O01602,C0014,P006,2025-05-16,1,Home,4800,3200,0.0,4800,0.0,4800.0,3200,1600.0,Debit Card,Kolkata,Air Fryer,Regular
O01603,C0374,P011,2025-12-28,4,Fashion,2000,1200,20.0,8000,1600.0,6400.0,4800,1600.0,UPI,Mumbai,Hoodie,Budget
O01604,C0045,P011,2025-04-03,2,Fashion,2000,1200,10.0,4000,400.0,3600.0,2400,1200.0,Credit Card,Kolkata,Hoodie,Premium
O01605,C0428,P008,2025-04-19,3,Home,1500,900,15.0,4500,675.0,3825.0,2700,1125.0,Credit Card,Hyderabad,Bedsheet Set,Regular
O01606,C0216,P012,2025-08-29,1,Fashion,2100,1300,5.0,2100,105.0,1995.0,1300,695.0,Credit Card,Bengaluru,Jeans,Regular
O01607,C0233,P013,2025-12-21,1,Beauty,850,500,0.0,850,0.0,850.0,500,350.0,Cash on Delivery,Delhi,Face Serum,Regular
O01608,C0193,P011,2025-05-22,2,Fashion,2000,1200,5.0,4000,200.0,3800.0,2400,1400.0,UPI,Ahmedabad,Hoodie,Regular
O01609,C0051,P014,2025-10-18,1,Beauty,1500,900,0.0,1500,0.0,1500.0,900,600.0,Debit Card,Mumbai,Skin Care Kit,Regular
O01610,C0427,P002,2025-08-25,3,Electronics,5000,3500,10.0,15000,1500.0,13500.0,10500,3000.0,UPI,Mumbai,Smart Watch,Regular
O01611,C0375,P009,2025-12-06,1,Fashion,3500,2200,10.0,3500,350.0,3150.0,2200,950.0,UPI,Hyderabad,Running Shoes,Regular
O01612,C0214,P015,2025-11-08,1,Beauty,2500,1600,15.0,2500,375.0,2125.0,1600,525.0,UPI,Hyderabad,Hair Dryer,Regular
O01613,C0151,P002,2025-06-26,3,Electronics,5000,3500,15.0,15000,2250.0,12750.0,10500,2250.0,UPI,Ahmedabad,Smart Watch,Regular
O01614,C0440,P013,2025-05-21,2,Beauty,850,500,15.0,1700,255.0,1445.0,1000,445.0,Debit Card,Kolkata,Face Serum,Regular
O01615,C0275,P001,2025-07-08,2,Electronics,2500,1800,15.0,5000,750.0,4250.0,3600,650.0,Credit Card,Chennai,Wireless Headphones,Regular
O01616,C0338,P010,2025-02-18,1,Fashion,1800,1000,10.0,1800,180.0,1620.0,1000,620.0,UPI,Bengaluru,Backpack,Premium
O01617,C0076,P002,2025-10-29,3,Electronics,5000,3500,10.0,15000,1500.0,13500.0,10500,3000.0,UPI,Kolkata,Smart Watch,Budget
O01618,C0439,P012,2025-07-09,1,Fashion,2100,1300,10.0,2100,210.0,1890.0,1300,590.0,Credit Card,Mumbai,Jeans,Premium
O01619,C0220,P007,2025-05-16,1,Home,1000,600,20.0,1000,200.0,800.0,600,200.0,Debit Card,Mumbai,Table Lamp,Regular
O01620,C0348,P008,2025-02-12,1,Home,1500,900,5.0,1500,75.0,1425.0,900,525.0,UPI,Delhi,Bedsheet Set,Budget
O01621,C0444,P005,2025-12-19,1,Home,4200,2800,0.0,4200,0.0,4200.0,2800,1400.0,Credit Card,Ahmedabad,Coffee Maker,Regular
O01622,C0187,P006,2025-03-31,2,Home,4800,3200,15.0,9600,1440.0,8160.0,6400,1760.0,Debit Card,Ahmedabad,Air Fryer,Premium
O01623,C0289,P012,2025-10-22,2,Fashion,2100,1300,5.0,4200,210.0,3990.0,2600,1390.0,Credit Card,Delhi,Jeans,Regular
O01624,C0403,P001,2025-12-07,1,Electronics,2500,1800,20.0,2500,500.0,2000.0,1800,200.0,UPI,Ahmedabad,Wireless Headphones,Budget
O01625,C0028,P015,2025-09-02,2,Beauty,2500,1600,20.0,5000,1000.0,4000.0,3200,800.0,Credit Card,Bengaluru,Hair Dryer,Regular
O01626,C0379,P006,2025-07-11,1,Home,4800,3200,0.0,4800,0.0,4800.0,3200,1600.0,Credit Card,Delhi,Air Fryer,Premium
O01627,C0180,P012,2025-11-14,3,Fashion,2100,1300,0.0,6300,0.0,6300.0,3900,2400.0,Debit Card,Kolkata,Jeans,Regular
O01628,C0253,P015,2025-04-16,1,Beauty,2500,1600,10.0,2500,250.0,2250.0,1600,650.0,Credit Card,Ahmedabad,Hair Dryer,Premium
O01629,C0126,P008,2025-12-29,1,Home,1500,900,15.0,1500,225.0,1275.0,900,375.0,Cash on Delivery,Chennai,Bedsheet Set,Budget
O01630,C0177,P013,2025-11-06,4,Beauty,850,500,5.0,3400,170.0,3230.0,2000,1230.0,UPI,Mumbai,Face Serum,Regular
O01631,C0037,P003,2025-08-21,1,Electronics,2200,1400,15.0,2200,330.0,1870.0,1400,470.0,Cash on Delivery,Kolkata,Bluetooth Speaker,Budget
O01632,C0410,P011,2025-09-22,1,Fashion,2000,1200,15.0,2000,300.0,1700.0,1200,500.0,Credit Card,Ahmedabad,Hoodie,Regular
O01633,C0099,P001,2025-12-10,4,Electronics,2500,1800,10.0,10000,1000.0,9000.0,7200,1800.0,Credit Card,Bengaluru,Wireless Headphones,Regular
O01634,C0098,P011,2025-02-06,1,Fashion,2000,1200,0.0,2000,0.0,2000.0,1200,800.0,UPI,Chennai,Hoodie,Regular
O01635,C0127,P004,2025-11-01,2,Electronics,1200,700,15.0,2400,360.0,2040.0,1400,640.0,UPI,Bengaluru,Power Bank,Regular
O01636,C0483,P001,2025-02-10,4,Electronics,2500,1800,5.0,10000,500.0,9500.0,7200,2300.0,Debit Card,Kolkata,Wireless Headphones,Premium
O01637,C0168,P014,2025-01-17,2,Beauty,1500,900,20.0,3000,600.0,2400.0,1800,600.0,Debit Card,Hyderabad,Skin Care Kit,Regular
O01638,C0080,P008,2025-12-10,2,Home,1500,900,10.0,3000,300.0,2700.0,1800,900.0,UPI,Delhi,Bedsheet Set,Regular
O01639,C0294,P005,2025-10-04,2,Home,4200,2800,15.0,8400,1260.0,7140.0,5600,1540.0,Credit Card,Mumbai,Coffee Maker,Regular
O01640,C0333,P001,2025-11-03,2,Electronics,2500,1800,20.0,5000,1000.0,4000.0,3600,400.0,UPI,Kolkata,Wireless Headphones,Regular
O01641,C0126,P014,2025-02-28,1,Beauty,1500,900,20.0,1500,300.0,1200.0,900,300.0,Cash on Delivery,Chennai,Skin Care Kit,Budget
O01642,C0343,P008,2025-07-02,2,Home,1500,900,10.0,3000,300.0,2700.0,1800,900.0,Debit Card,Hyderabad,Bedsheet Set,Premium
O01643,C0310,P009,2025-02-10,1,Fashion,3500,2200,5.0,3500,175.0,3325.0,2200,1125.0,UPI,Kolkata,Running Shoes,Premium
O01644,C0150,P010,2025-02-08,1,Fashion,1800,1000,15.0,1800,270.0,1530.0,1000,530.0,Debit Card,,Backpack,Premium
O01645,C0016,P002,2025-07-11,1,Electronics,5000,3500,10.0,5000,500.0,4500.0,3500,1000.0,Cash on Delivery,Bengaluru,Smart Watch,Regular
O01646,C0028,P009,2025-09-24,4,Fashion,3500,2200,5.0,14000,700.0,13300.0,8800,4500.0,UPI,Bengaluru,Running Shoes,Regular
O01647,C0496,P008,2025-05-27,2,Home,1500,900,20.0,3000,600.0,2400.0,1800,600.0,Debit Card,Hyderabad,Bedsheet Set,Regular
O01648,C0419,P007,2025-11-29,2,Home,1000,600,5.0,2000,100.0,1900.0,1200,700.0,UPI,Hyderabad,Table Lamp,Budget
O01649,C0444,P003,2025-05-07,1,Electronics,2200,1400,0.0,2200,0.0,2200.0,1400,800.0,Credit Card,Ahmedabad,Bluetooth Speaker,Regular
O01650,C0173,P002,2025-02-15,2,Electronics,5000,3500,0.0,10000,0.0,10000.0,7000,3000.0,UPI,Hyderabad,Smart Watch,Budget
O01651,C0046,P007,2025-02-14,1,Home,1000,600,15.0,1000,150.0,850.0,600,250.0,UPI,Ahmedabad,Table Lamp,Regular
O01652,C0328,P015,2025-01-01,2,Beauty,2500,1600,15.0,5000,750.0,4250.0,3200,1050.0,UPI,Mumbai,Hair Dryer,Regular
O01653,C0236,P005,2025-06-17,3,Home,4200,2800,10.0,12600,1260.0,11340.0,8400,2940.0,UPI,Pune,Coffee Maker,Premium
O01654,C0439,P006,2025-04-18,1,Home,4800,3200,10.0,4800,480.0,4320.0,3200,1120.0,Debit Card,Mumbai,Air Fryer,Premium
O01655,C0214,P004,2025-01-19,4,Electronics,1200,700,10.0,4800,480.0,4320.0,2800,1520.0,UPI,Hyderabad,Power Bank,Regular
O01656,C0085,P002,2025-11-28,2,Electronics,5000,3500,15.0,10000,1500.0,8500.0,7000,1500.0,UPI,Kolkata,Smart Watch,Regular
O01657,C0282,P009,2025-03-13,1,Fashion,3500,2200,0.0,3500,0.0,3500.0,2200,1300.0,Debit Card,Bengaluru,Running Shoes,Premium
O01658,C0232,P003,2025-04-19,4,Electronics,2200,1400,20.0,8800,1760.0,7040.0,5600,1440.0,Credit Card,Chennai,Bluetooth Speaker,Regular
O01659,C0085,P012,2025-09-25,1,Fashion,2100,1300,5.0,2100,105.0,1995.0,1300,695.0,Credit Card,Kolkata,Jeans,Regular
O01660,C0409,P014,2025-08-28,1,Beauty,1500,900,25.0,1500,375.0,1125.0,900,225.0,Cash on Delivery,Pune,Skin Care Kit,Budget
O01661,C0489,P007,2025-10-28,1,Home,1000,600,5.0,1000,50.0,950.0,600,350.0,Debit Card,Bengaluru,Table Lamp,Premium
O01662,C0065,P014,2025-03-31,1,Beauty,1500,900,15.0,1500,225.0,1275.0,900,375.0,UPI,Kolkata,Skin Care Kit,Regular
O01663,C0134,P008,2025-04-13,1,Home,1500,900,5.0,1500,75.0,1425.0,900,525.0,Credit Card,Hyderabad,Bedsheet Set,Regular
O01664,C0151,P002,2025-09-07,1,Electronics,5000,3500,0.0,5000,0.0,5000.0,3500,1500.0,Cash on Delivery,Ahmedabad,Smart Watch,Regular
O01665,C0115,P014,2025-01-08,1,Beauty,1500,900,20.0,1500,300.0,1200.0,900,300.0,UPI,Kolkata,Skin Care Kit,Premium
O01666,C0064,P006,2025-06-02,4,Home,4800,3200,20.0,19200,3840.0,15360.0,12800,2560.0,UPI,Delhi,Air Fryer,Budget
O01667,C0343,P011,2025-12-13,3,Fashion,2000,1200,10.0,6000,600.0,5400.0,3600,1800.0,UPI,Hyderabad,Hoodie,Premium
O01668,C0427,P008,2025-06-23,1,Home,1500,900,15.0,1500,225.0,1275.0,900,375.0,UPI,Mumbai,Bedsheet Set,Regular
O01669,C0363,P007,2025-12-09,3,Home,1000,600,15.0,3000,450.0,2550.0,1800,750.0,Debit Card,Kolkata,Table Lamp,Budget
O01670,C0407,P011,2025-06-07,2,Fashion,2000,1200,20.0,4000,800.0,3200.0,2400,800.0,Debit Card,Bengaluru,Hoodie,Budget
O01671,C0352,P003,2025-08-03,4,Electronics,2200,1400,10.0,8800,880.0,7920.0,5600,2320.0,Cash on Delivery,Bengaluru,Bluetooth Speaker,Premium
O01672,C0158,P001,2025-06-26,2,Electronics,2500,1800,10.0,5000,500.0,4500.0,3600,900.0,Debit Card,Pune,Wireless Headphones,Budget
O01673,C0077,P014,2025-06-24,4,Beauty,1500,900,10.0,6000,600.0,5400.0,3600,1800.0,UPI,Hyderabad,Skin Care Kit,Regular
O01674,C0491,P006,2025-12-06,1,Home,4800,3200,10.0,4800,480.0,4320.0,3200,1120.0,UPI,Kolkata,Air Fryer,Regular
O01675,C0146,P008,2025-12-04,2,Home,1500,900,20.0,3000,600.0,2400.0,1800,600.0,Cash on Delivery,Mumbai,Bedsheet Set,Regular
O01676,C0343,P006,2025-05-26,2,Home,4800,3200,5.0,9600,480.0,9120.0,6400,2720.0,UPI,Hyderabad,Air Fryer,Premium
O01677,C0463,P005,2025-11-20,3,Home,4200,2800,0.0,12600,0.0,12600.0,8400,4200.0,UPI,Chennai,Coffee Maker,Budget
O01678,C0225,P011,2025-06-10,2,Fashion,2000,1200,15.0,4000,600.0,3400.0,2400,1000.0,Cash on Delivery,Hyderabad,Hoodie,Regular
O01679,C0405,P012,2025-05-07,1,Fashion,2100,1300,15.0,2100,315.0,1785.0,1300,485.0,Credit Card,Bengaluru,Jeans,Regular
O01680,C0313,P008,2025-03-23,3,Home,1500,900,5.0,4500,225.0,4275.0,2700,1575.0,UPI,Delhi,Bedsheet Set,Regular
O01681,C0103,P002,2025-05-27,2,Electronics,5000,3500,10.0,10000,1000.0,9000.0,7000,2000.0,Debit Card,Mumbai,Smart Watch,Regular
O01682,C0407,P015,2025-08-27,3,Beauty,2500,1600,20.0,7500,1500.0,6000.0,4800,1200.0,Cash on Delivery,Bengaluru,Hair Dryer,Budget
O01683,C0347,P012,2025-03-25,2,Fashion,2100,1300,5.0,4200,210.0,3990.0,2600,1390.0,UPI,Delhi,Jeans,Regular
O01684,C0301,P015,2025-04-23,3,Beauty,2500,1600,15.0,7500,1125.0,6375.0,4800,1575.0,Debit Card,Chennai,Hair Dryer,Premium
O01685,C0428,P001,2025-08-13,1,Electronics,2500,1800,15.0,2500,375.0,2125.0,1800,325.0,UPI,Hyderabad,Wireless Headphones,Regular
O01686,C0466,P001,2025-11-28,1,Electronics,2500,1800,10.0,2500,250.0,2250.0,1800,450.0,Credit Card,Hyderabad,Wireless Headphones,Premium
O01687,C0088,P015,2025-08-31,1,Beauty,2500,1600,20.0,2500,500.0,2000.0,1600,400.0,Cash on Delivery,Ahmedabad,Hair Dryer,Regular
O01688,C0371,P014,2025-05-23,1,Beauty,1500,900,15.0,1500,225.0,1275.0,900,375.0,Cash on Delivery,Ahmedabad,Skin Care Kit,Budget
O01689,C0303,P004,2025-02-10,1,Electronics,1200,700,10.0,1200,120.0,1080.0,700,380.0,UPI,Mumbai,Power Bank,Regular
O01690,C0168,P006,2025-09-15,1,Home,4800,3200,15.0,4800,720.0,4080.0,3200,880.0,UPI,Hyderabad,Air Fryer,Regular
O01691,C0435,P013,2025-10-12,2,Beauty,850,500,15.0,1700,255.0,1445.0,1000,445.0,UPI,Pune,Face Serum,Regular
O01692,C0170,P009,2025-04-15,3,Fashion,3500,2200,15.0,10500,1575.0,8925.0,6600,2325.0,Credit Card,Hyderabad,Running Shoes,Budget
O01693,C0135,P001,2025-07-21,3,Electronics,2500,1800,20.0,7500,1500.0,6000.0,5400,600.0,UPI,Hyderabad,Wireless Headphones,Regular
O01694,C0050,P012,2025-11-03,4,Fashion,2100,1300,10.0,8400,840.0,7560.0,5200,2360.0,UPI,Hyderabad,Jeans,Regular
O01695,C0432,P001,2025-11-27,2,Electronics,2500,1800,5.0,5000,250.0,4750.0,3600,1150.0,UPI,Mumbai,Wireless Headphones,Regular
O01696,C0340,P013,2025-09-23,1,Beauty,850,500,5.0,850,42.5,807.5,500,307.5,UPI,Kolkata,Face Serum,Premium
O01697,C0347,P013,2025-07-29,2,Beauty,850,500,0.0,1700,0.0,1700.0,1000,700.0,UPI,Delhi,Face Serum,Regular
O01698,C0134,P005,2025-02-20,2,Home,4200,2800,0.0,8400,0.0,8400.0,5600,2800.0,Debit Card,Hyderabad,Coffee Maker,Regular
O01699,C0347,P010,2025-04-28,2,Fashion,1800,1000,20.0,3600,720.0,2880.0,2000,880.0,UPI,Delhi,Backpack,Regular
O01700,C0137,P005,2025-07-20,1,Home,4200,2800,15.0,4200,630.0,3570.0,2800,770.0,UPI,Pune,Coffee Maker,Premium
O01701,C0245,P005,2025-02-08,4,Home,4200,2800,15.0,16800,2520.0,14280.0,11200,3080.0,Debit Card,Pune,Coffee Maker,Premium
O01702,C0109,P010,2025-01-28,1,Fashion,1800,1000,15.0,1800,270.0,1530.0,1000,530.0,Debit Card,Mumbai,Backpack,Regular
O01703,C0313,P006,2025-09-16,2,Home,4800,3200,20.0,9600,1920.0,7680.0,6400,1280.0,UPI,Delhi,Air Fryer,Regular
O01704,C0287,P008,2025-03-25,4,Home,1500,900,10.0,6000,600.0,5400.0,3600,1800.0,UPI,Pune,Bedsheet Set,Premium
O01705,C0021,P003,2025-06-04,2,Electronics,2200,1400,20.0,4400,880.0,3520.0,2800,720.0,Debit Card,Chennai,Bluetooth Speaker,Premium
O01706,C0090,P009,2025-04-27,2,Fashion,3500,2200,10.0,7000,700.0,6300.0,4400,1900.0,UPI,Mumbai,Running Shoes,Budget
O01707,C0296,P013,2025-01-02,2,Beauty,850,500,20.0,1700,340.0,1360.0,1000,360.0,Debit Card,Mumbai,Face Serum,Budget
O01708,C0112,P001,2025-04-03,3,Electronics,2500,1800,15.0,7500,1125.0,6375.0,5400,975.0,UPI,Hyderabad,Wireless Headphones,Regular
O01709,C0301,P004,2025-06-15,1,Electronics,1200,700,5.0,1200,60.0,1140.0,700,440.0,UPI,Chennai,Power Bank,Premium
O01710,C0077,P009,2025-12-16,1,Fashion,3500,2200,15.0,3500,525.0,2975.0,2200,775.0,Credit Card,Hyderabad,Running Shoes,Regular
O01711,C0177,P015,2025-10-23,2,Beauty,2500,1600,10.0,5000,500.0,4500.0,3200,1300.0,Debit Card,Mumbai,Hair Dryer,Regular
O01712,C0343,P014,2025-09-15,2,Beauty,1500,900,0.0,3000,0.0,3000.0,1800,1200.0,Cash on Delivery,Hyderabad,Skin Care Kit,Premium
O01713,C0148,P008,2025-03-22,1,Home,1500,900,15.0,1500,225.0,1275.0,900,375.0,UPI,Hyderabad,Bedsheet Set,Budget
O01714,C0101,P010,2025-09-25,1,Fashion,1800,1000,10.0,1800,180.0,1620.0,1000,620.0,Credit Card,Ahmedabad,Backpack,Premium
O01715,C0246,P009,2025-08-23,1,Fashion,3500,2200,0.0,3500,0.0,3500.0,2200,1300.0,UPI,Pune,Running Shoes,Regular
O01716,C0117,P001,2025-11-17,4,Electronics,2500,1800,10.0,10000,2000.0,8000.0,7200,800.0,Credit Card,Pune,Wireless Headphones,Budget
O01717,C0092,P009,2025-11-07,1,Fashion,3500,2200,15.0,3500,525.0,2975.0,2200,775.0,Debit Card,Bengaluru,Running Shoes,Regular
O01718,C0401,P003,2025-10-28,2,Electronics,2200,1400,20.0,4400,880.0,3520.0,2800,720.0,UPI,Ahmedabad,Bluetooth Speaker,Regular
O01719,C0028,P011,2025-12-23,3,Fashion,2000,1200,15.0,6000,900.0,5100.0,3600,1500.0,Cash on Delivery,Bengaluru,Hoodie,Regular
O01720,C0425,P012,2025-08-01,4,Fashion,2100,1300,10.0,8400,840.0,7560.0,5200,2360.0,Credit Card,Mumbai,Jeans,Regular
O01721,C0450,P010,2025-03-03,1,Fashion,1800,1000,10.0,1800,180.0,1620.0,1000,620.0,Cash on Delivery,Mumbai,Backpack,Premium
O01722,C0025,P009,2025-02-18,1,Fashion,3500,2200,15.0,3500,525.0,2975.0,2200,775.0,Debit Card,Chennai,Running Shoes,Regular
O01723,C0058,P001,2025-05-07,2,Electronics,2500,1800,25.0,5000,1250.0,3750.0,3600,150.0,UPI,Ahmedabad,Wireless Headphones,Regular
O01724,C0498,P001,2025-08-11,4,Electronics,2500,1800,5.0,10000,500.0,9500.0,7200,2300.0,UPI,Kolkata,Wireless Headphones,Premium
O01725,C0297,P009,2025-10-06,2,Fashion,3500,2200,20.0,7000,1400.0,5600.0,4400,1200.0,UPI,Bengaluru,Running Shoes,Regular
O01726,C0134,P011,2025-10-21,1,Fashion,2000,1200,20.0,2000,400.0,1600.0,1200,400.0,UPI,Hyderabad,Hoodie,Regular
O01727,C0331,P014,2025-10-11,4,Beauty,1500,900,15.0,6000,900.0,5100.0,3600,1500.0,Credit Card,Kolkata,Skin Care Kit,Premium
O01728,C0249,P006,2025-10-04,1,Home,4800,3200,20.0,4800,960.0,3840.0,3200,640.0,Credit Card,Mumbai,Air Fryer,Premium
O01729,C0038,P004,2025-04-17,4,Electronics,1200,700,10.0,4800,480.0,4320.0,2800,1520.0,Cash on Delivery,Hyderabad,Power Bank,Budget
O01730,C0390,P007,2025-05-26,2,Home,1000,600,25.0,2000,500.0,1500.0,1200,300.0,UPI,Kolkata,Table Lamp,Premium
O01731,C0429,P005,2025-04-09,2,Home,4200,2800,15.0,8400,1260.0,7140.0,5600,1540.0,Debit Card,Delhi,Coffee Maker,Regular
O01732,C0075,P010,2025-03-14,2,Fashion,1800,1000,0.0,3600,0.0,3600.0,2000,1600.0,Cash on Delivery,Delhi,Backpack,Budget
O01733,C0142,P014,2025-05-02,1,Beauty,1500,900,20.0,1500,300.0,1200.0,900,300.0,Debit Card,Bengaluru,Skin Care Kit,Regular
O01734,C0322,P007,2025-01-30,4,Home,1000,600,10.0,4000,400.0,3600.0,2400,1200.0,UPI,Hyderabad,Table Lamp,Regular
O01735,C0168,P008,2025-07-07,2,Home,1500,900,10.0,3000,300.0,2700.0,1800,900.0,Credit Card,Hyderabad,Bedsheet Set,Regular
O01736,C0259,P008,2025-12-30,3,Home,1500,900,15.0,4500,675.0,3825.0,2700,1125.0,UPI,Kolkata,Bedsheet Set,Regular
O01737,C0373,P001,2025-12-20,1,Electronics,2500,1800,0.0,2500,0.0,2500.0,1800,700.0,UPI,Delhi,Wireless Headphones,Premium
O01738,C0355,P008,2025-10-15,3,Home,1500,900,10.0,4500,450.0,4050.0,2700,1350.0,UPI,Hyderabad,Bedsheet Set,Budget
O01739,C0225,P006,2025-07-14,1,Home,4800,3200,20.0,4800,960.0,3840.0,3200,640.0,Debit Card,Hyderabad,Air Fryer,Regular
O01740,C0152,P004,2025-06-05,4,Electronics,1200,700,0.0,4800,0.0,4800.0,2800,2000.0,Credit Card,Mumbai,Power Bank,Premium
O01741,C0019,P013,2025-06-21,2,Beauty,850,500,5.0,1700,85.0,1615.0,1000,615.0,Credit Card,Mumbai,Face Serum,Regular
O01742,C0146,P014,2025-12-01,1,Beauty,1500,900,0.0,1500,0.0,1500.0,900,600.0,Cash on Delivery,Mumbai,Skin Care Kit,Regular
O01743,C0448,P012,2025-02-10,2,Fashion,2100,1300,10.0,4200,420.0,3780.0,2600,1180.0,UPI,Ahmedabad,Jeans,Regular
O01744,C0241,P008,2025-03-04,1,Home,1500,900,15.0,1500,225.0,1275.0,900,375.0,Credit Card,Ahmedabad,Bedsheet Set,Regular
O01745,C0372,P003,2025-01-23,2,Electronics,2200,1400,15.0,4400,660.0,3740.0,2800,940.0,Debit Card,Mumbai,Bluetooth Speaker,Regular
O01746,C0381,P013,2025-12-26,1,Beauty,850,500,20.0,850,170.0,680.0,500,180.0,UPI,Pune,Face Serum,Budget
O01747,C0344,P004,2025-03-16,1,Electronics,1200,700,15.0,1200,180.0,1020.0,700,320.0,Credit Card,Delhi,Power Bank,Regular
O01748,C0237,P015,2025-02-17,4,Beauty,2500,1600,5.0,10000,500.0,9500.0,6400,3100.0,UPI,Kolkata,Hair Dryer,Regular
O01749,C0035,P006,2025-06-09,1,Home,4800,3200,20.0,4800,960.0,3840.0,3200,640.0,Debit Card,Hyderabad,Air Fryer,Regular
O01750,C0190,P011,2025-11-09,1,Fashion,2000,1200,15.0,2000,300.0,1700.0,1200,500.0,UPI,Bengaluru,Hoodie,Regular
O01751,C0001,P007,2025-04-28,2,Home,1000,600,15.0,2000,300.0,1700.0,1200,500.0,UPI,Delhi,Table Lamp,Regular
O01752,C0484,P004,2025-04-10,1,Electronics,1200,700,15.0,1200,180.0,1020.0,700,320.0,Credit Card,Hyderabad,Power Bank,Premium
O01753,C0153,P004,2025-06-16,1,Electronics,1200,700,20.0,1200,240.0,960.0,700,260.0,Unknown,Chennai,Power Bank,Regular
O01754,C0429,P007,2025-10-17,2,Home,1000,600,15.0,2000,300.0,1700.0,1200,500.0,UPI,Delhi,Table Lamp,Regular
O01755,C0433,P006,2025-06-05,1,Home,4800,3200,10.0,4800,480.0,4320.0,3200,1120.0,UPI,Chennai,Air Fryer,Budget
O01756,C0126,P013,2025-01-07,4,Beauty,850,500,15.0,3400,510.0,2890.0,2000,890.0,UPI,Chennai,Face Serum,Budget
O01757,C0491,P011,2025-07-15,1,Fashion,2000,1200,0.0,2000,0.0,2000.0,1200,800.0,Credit Card,Kolkata,Hoodie,Regular
O01758,C0482,P008,2025-02-25,4,Home,1500,900,10.0,6000,600.0,5400.0,3600,1800.0,Credit Card,Bengaluru,Bedsheet Set,Budget
O01759,C0345,P001,2025-11-17,3,Electronics,2500,1800,10.0,7500,750.0,6750.0,5400,1350.0,Credit Card,Chennai,Wireless Headphones,Premium
O01760,C0400,P010,2025-07-12,1,Fashion,1800,1000,5.0,1800,90.0,1710.0,1000,710.0,Credit Card,Hyderabad,Backpack,Premium
O01761,C0226,P013,2025-02-16,1,Beauty,850,500,0.0,850,0.0,850.0,500,350.0,UPI,Ahmedabad,Face Serum,Regular
O01762,C0221,P011,2025-05-28,1,Fashion,2000,1200,0.0,2000,0.0,2000.0,1200,800.0,UPI,Mumbai,Hoodie,Regular
O01763,C0403,P007,2025-10-02,2,Home,1000,600,15.0,2000,300.0,1700.0,1200,500.0,Debit Card,Ahmedabad,Table Lamp,Budget
O01764,C0407,P012,2025-06-06,2,Fashion,2100,1300,20.0,4200,840.0,3360.0,2600,760.0,Debit Card,Bengaluru,Jeans,Budget
O01765,C0211,P007,2025-07-21,2,Home,1000,600,25.0,2000,500.0,1500.0,1200,300.0,UPI,Hyderabad,Table Lamp,Regular
O01766,C0025,P011,2025-05-06,1,Fashion,2000,1200,10.0,2000,200.0,1800.0,1200,600.0,UPI,Chennai,Hoodie,Regular
O01767,C0016,P007,2025-11-01,1,Home,1000,600,15.0,1000,150.0,850.0,600,250.0,Credit Card,Bengaluru,Table Lamp,Regular
O01768,C0182,P007,2025-10-21,2,Home,1000,600,20.0,2000,400.0,1600.0,1200,400.0,Credit Card,Mumbai,Table Lamp,Regular
O01769,C0499,P010,2025-03-05,2,Fashion,1800,1000,5.0,3600,180.0,3420.0,2000,1420.0,Credit Card,Mumbai,Backpack,Budget
O01770,C0329,P014,2025-11-21,4,Beauty,1500,900,15.0,6000,900.0,5100.0,3600,1500.0,UPI,Ahmedabad,Skin Care Kit,Premium
O01771,C0129,P010,2025-06-25,2,Fashion,1800,1000,15.0,3600,540.0,3060.0,2000,1060.0,Debit Card,Pune,Backpack,Regular
O01772,C0042,P008,2025-04-26,1,Home,1500,900,0.0,1500,0.0,1500.0,900,600.0,UPI,Hyderabad,Bedsheet Set,Premium
O01773,C0403,P009,2025-07-23,2,Fashion,3500,2200,20.0,7000,1400.0,5600.0,4400,1200.0,Credit Card,Ahmedabad,Running Shoes,Budget
O01774,C0481,P009,2025-11-17,1,Fashion,3500,2200,20.0,3500,700.0,2800.0,2200,600.0,Debit Card,Chennai,Running Shoes,Budget
O01775,C0418,P002,2025-01-31,2,Electronics,5000,3500,0.0,10000,0.0,10000.0,7000,3000.0,Credit Card,Delhi,Smart Watch,Premium
O01776,C0336,P013,2025-04-23,2,Beauty,850,500,0.0,1700,0.0,1700.0,1000,700.0,UPI,Chennai,Face Serum,Regular
O01777,C0236,P013,2025-12-31,2,Beauty,850,500,0.0,1700,0.0,1700.0,1000,700.0,Cash on Delivery,Pune,Face Serum,Premium
O01778,C0360,P007,2025-11-21,2,Home,1000,600,10.0,2000,200.0,1800.0,1200,600.0,Debit Card,Kolkata,Table Lamp,Regular
O01779,C0439,P007,2025-12-10,2,Home,1000,600,10.0,2000,200.0,1800.0,1200,600.0,Debit Card,Mumbai,Table Lamp,Premium
O01780,C0402,P004,2025-03-08,2,Electronics,1200,700,10.0,2400,240.0,2160.0,1400,760.0,UPI,Hyderabad,Power Bank,Premium
O01781,C0034,P009,2025-03-16,2,Fashion,3500,2200,5.0,7000,350.0,6650.0,4400,2250.0,UPI,Bengaluru,Running Shoes,Budget
O01782,C0345,P008,2025-02-14,1,Home,1500,900,20.0,1500,300.0,1200.0,900,300.0,Cash on Delivery,Chennai,Bedsheet Set,Premium
O01783,C0381,P012,2025-09-17,1,Fashion,2100,1300,10.0,2100,210.0,1890.0,1300,590.0,Credit Card,Pune,Jeans,Budget
O01784,C0045,P001,2025-06-03,2,Electronics,2500,1800,0.0,5000,0.0,5000.0,3600,1400.0,Debit Card,Kolkata,Wireless Headphones,Premium
O01785,C0134,P002,2025-06-04,3,Electronics,5000,3500,10.0,15000,1500.0,13500.0,10500,3000.0,UPI,Hyderabad,Smart Watch,Regular
O01786,C0021,P013,2025-12-29,1,Beauty,850,500,10.0,850,85.0,765.0,500,265.0,UPI,Chennai,Face Serum,Premium
O01787,C0122,P015,2025-08-22,1,Beauty,2500,1600,10.0,2500,250.0,2250.0,1600,650.0,Cash on Delivery,Delhi,Hair Dryer,Premium
O01788,C0070,P013,2025-02-20,1,Beauty,850,500,5.0,850,42.5,807.5,500,307.5,Credit Card,Bengaluru,Face Serum,Premium
O01789,C0352,P002,2025-11-02,2,Electronics,5000,3500,0.0,10000,0.0,10000.0,7000,3000.0,UPI,Bengaluru,Smart Watch,Premium
O01790,C0361,P012,2025-09-19,4,Fashion,2100,1300,20.0,8400,1680.0,6720.0,5200,1520.0,UPI,Hyderabad,Jeans,Budget
O01791,C0048,P012,2025-11-11,1,Fashion,2100,1300,25.0,2100,525.0,1575.0,1300,275.0,Credit Card,Pune,Jeans,Regular
O01792,C0491,P011,2025-05-05,1,Fashion,2000,1200,10.0,2000,200.0,1800.0,1200,600.0,UPI,Kolkata,Hoodie,Regular
O01793,C0039,P015,2025-09-02,3,Beauty,2500,1600,10.0,7500,750.0,6750.0,4800,1950.0,Credit Card,Chennai,Hair Dryer,Budget
O01794,C0287,P015,2025-01-30,3,Beauty,2500,1600,15.0,7500,1125.0,6375.0,4800,1575.0,UPI,Pune,Hair Dryer,Premium
O01795,C0490,P008,2025-05-02,4,Home,1500,900,15.0,6000,900.0,5100.0,3600,1500.0,Debit Card,Bengaluru,Bedsheet Set,Regular
O01796,C0010,P015,2025-05-05,2,Beauty,2500,1600,10.0,5000,500.0,4500.0,3200,1300.0,UPI,Hyderabad,Hair Dryer,Regular
O01797,C0030,P001,2025-02-06,2,Electronics,2500,1800,20.0,5000,1000.0,4000.0,3600,400.0,Cash on Delivery,Hyderabad,Wireless Headphones,Budget
O01798,C0244,P004,2025-06-19,1,Electronics,1200,700,15.0,1200,180.0,1020.0,700,320.0,UPI,Bengaluru,Power Bank,Regular
O01799,C0274,P010,2025-05-04,2,Fashion,1800,1000,10.0,3600,360.0,3240.0,2000,1240.0,Credit Card,Kolkata,Backpack,Regular
O01800,C0444,P012,2025-12-23,3,Fashion,2100,1300,15.0,6300,945.0,5355.0,3900,1455.0,UPI,Ahmedabad,Jeans,Regular
O01801,C0088,P005,2025-02-04,3,Home,4200,2800,25.0,12600,3150.0,9450.0,8400,1050.0,Debit Card,Ahmedabad,Coffee Maker,Regular
O01802,C0244,P009,2025-03-28,1,Fashion,3500,2200,15.0,3500,525.0,2975.0,2200,775.0,Cash on Delivery,Bengaluru,Running Shoes,Regular
O01803,C0381,P007,2025-05-14,1,Home,1000,600,0.0,1000,0.0,1000.0,600,400.0,Debit Card,Pune,Table Lamp,Budget
O01804,C0329,P008,2025-07-15,4,Home,1500,900,10.0,6000,600.0,5400.0,3600,1800.0,Credit Card,Ahmedabad,Bedsheet Set,Premium
O01805,C0479,P014,2025-10-01,1,Beauty,1500,900,10.0,1500,150.0,1350.0,900,450.0,Credit Card,Kolkata,Skin Care Kit,Budget
O01806,C0015,P011,2025-07-20,1,Fashion,2000,1200,10.0,2000,200.0,1800.0,1200,600.0,Debit Card,Mumbai,Hoodie,Regular
O01807,C0004,P009,2025-10-12,4,Fashion,3500,2200,15.0,14000,2100.0,11900.0,8800,3100.0,Cash on Delivery,Ahmedabad,Running Shoes,Budget
O01808,C0191,P013,2025-03-18,1,Beauty,850,500,20.0,850,170.0,680.0,500,180.0,Cash on Delivery,Hyderabad,Face Serum,Regular
O01809,C0168,P007,2025-02-28,1,Home,1000,600,15.0,1000,150.0,850.0,600,250.0,UPI,Hyderabad,Table Lamp,Regular
O01810,C0009,P005,2025-05-06,1,Home,4200,2800,25.0,4200,1050.0,3150.0,2800,350.0,Cash on Delivery,Pune,Coffee Maker,Regular
O01811,C0109,P013,2025-04-19,1,Beauty,850,500,5.0,850,42.5,807.5,500,307.5,UPI,Mumbai,Face Serum,Regular
O01812,C0137,P015,2025-08-12,2,Beauty,2500,1600,20.0,5000,1000.0,4000.0,3200,800.0,UPI,Pune,Hair Dryer,Premium
O01813,C0154,P005,2025-10-05,1,Home,4200,2800,15.0,4200,630.0,3570.0,2800,770.0,UPI,Pune,Coffee Maker,Budget
O01814,C0388,P010,2025-03-09,1,Fashion,1800,1000,10.0,1800,180.0,1620.0,1000,620.0,UPI,Bengaluru,Backpack,Budget
O01815,C0209,P011,2025-03-10,1,Fashion,2000,1200,15.0,2000,300.0,1700.0,1200,500.0,Debit Card,Delhi,Hoodie,Regular
O01816,C0272,P006,2025-06-14,1,Home,4800,3200,0.0,4800,0.0,4800.0,3200,1600.0,Debit Card,Pune,Air Fryer,Regular
O01817,C0143,P005,2025-11-01,2,Home,4200,2800,15.0,8400,1260.0,7140.0,5600,1540.0,Debit Card,Pune,Coffee Maker,Regular
O01818,C0099,P013,2025-06-11,4,Beauty,850,500,10.0,3400,340.0,3060.0,2000,1060.0,Credit Card,Bengaluru,Face Serum,Regular
O01819,C0377,P012,2025-12-31,1,Fashion,2100,1300,5.0,2100,105.0,1995.0,1300,695.0,Credit Card,Ahmedabad,Jeans,Budget
O01820,C0308,P011,2025-12-08,4,Fashion,2000,1200,15.0,8000,1200.0,6800.0,4800,2000.0,Debit Card,Kolkata,Hoodie,Premium
O01821,C0069,P009,2025-11-05,1,Fashion,3500,2200,15.0,3500,525.0,2975.0,2200,775.0,UPI,Pune,Running Shoes,Premium
O01822,C0247,P003,2025-12-09,1,Electronics,2200,1400,5.0,2200,110.0,2090.0,1400,690.0,Debit Card,Kolkata,Bluetooth Speaker,Regular
O01823,C0261,P003,2025-02-11,1,Electronics,2200,1400,0.0,2200,0.0,2200.0,1400,800.0,Credit Card,Chennai,Bluetooth Speaker,Regular
O01824,C0276,P015,2025-12-20,2,Beauty,2500,1600,10.0,5000,500.0,4500.0,3200,1300.0,Credit Card,Hyderabad,Hair Dryer,Budget
O01825,C0079,P007,2025-04-19,4,Home,1000,600,15.0,4000,600.0,3400.0,2400,1000.0,Credit Card,Delhi,Table Lamp,Budget
O01826,C0146,P007,2025-02-20,1,Home,1000,600,20.0,1000,200.0,800.0,600,200.0,Debit Card,Mumbai,Table Lamp,Regular
O01827,C0111,P006,2025-09-07,2,Home,4800,3200,20.0,9600,1920.0,7680.0,6400,1280.0,UPI,Hyderabad,Air Fryer,Premium
O01828,C0258,P003,2025-12-07,4,Electronics,2200,1400,10.0,8800,880.0,7920.0,5600,2320.0,UPI,Delhi,Bluetooth Speaker,Regular
O01829,C0093,P014,2025-01-21,1,Beauty,1500,900,15.0,1500,225.0,1275.0,900,375.0,Debit Card,Delhi,Skin Care Kit,Regular
O01830,C0013,P013,2025-10-27,3,Beauty,850,500,10.0,2550,255.0,2295.0,1500,795.0,Credit Card,Pune,Face Serum,Regular
O01831,C0260,P007,2025-05-19,1,Home,1000,600,15.0,1000,150.0,850.0,600,250.0,Debit Card,Mumbai,Table Lamp,Regular
O01832,C0426,P005,2025-12-25,3,Home,4200,2800,5.0,12600,630.0,11970.0,8400,3570.0,UPI,Pune,Coffee Maker,Regular
O01833,C0109,P007,2025-11-20,2,Home,1000,600,10.0,2000,200.0,1800.0,1200,600.0,UPI,Mumbai,Table Lamp,Regular
O01834,C0330,P002,2025-04-02,3,Electronics,5000,3500,15.0,15000,2250.0,12750.0,10500,2250.0,Debit Card,Kolkata,Smart Watch,Budget
O01835,C0189,P006,2025-10-07,2,Home,4800,3200,0.0,9600,0.0,9600.0,6400,3200.0,Credit Card,Mumbai,Air Fryer,Regular
O01836,C0095,P014,2025-05-05,1,Beauty,1500,900,15.0,1500,225.0,1275.0,900,375.0,Credit Card,Pune,Skin Care Kit,Regular
O01837,C0105,P008,2025-04-21,2,Home,1500,900,20.0,3000,600.0,2400.0,1800,600.0,UPI,Hyderabad,Bedsheet Set,Regular
O01838,C0008,P001,2025-12-20,2,Electronics,2500,1800,10.0,5000,500.0,4500.0,3600,900.0,UPI,Ahmedabad,Wireless Headphones,Regular
O01839,C0067,P004,2025-05-19,2,Electronics,1200,700,10.0,2400,240.0,2160.0,1400,760.0,Credit Card,Kolkata,Power Bank,Regular
O01840,C0496,P011,2025-09-30,2,Fashion,2000,1200,20.0,4000,800.0,3200.0,2400,800.0,UPI,Hyderabad,Hoodie,Regular
O01841,C0191,P001,2025-04-09,4,Electronics,2500,1800,15.0,10000,1500.0,8500.0,7200,1300.0,Debit Card,Hyderabad,Wireless Headphones,Regular
O01842,C0366,P014,2025-09-09,4,Beauty,1500,900,5.0,6000,300.0,5700.0,3600,2100.0,Debit Card,Mumbai,Skin Care Kit,Budget
O01843,C0256,P001,2025-12-04,3,Electronics,2500,1800,10.0,7500,750.0,6750.0,5400,1350.0,UPI,Bengaluru,Wireless Headphones,Budget
O01844,C0009,P010,2025-04-14,3,Fashion,1800,1000,15.0,5400,810.0,4590.0,3000,1590.0,Credit Card,Pune,Backpack,Regular
O01845,C0478,P012,2025-08-02,3,Fashion,2100,1300,15.0,6300,945.0,5355.0,3900,1455.0,Credit Card,Bengaluru,Jeans,Regular
O01846,C0117,P014,2025-09-06,2,Beauty,1500,900,5.0,3000,150.0,2850.0,1800,1050.0,UPI,Pune,Skin Care Kit,Budget
O01847,C0267,P014,2025-06-01,3,Beauty,1500,900,10.0,4500,450.0,4050.0,2700,1350.0,UPI,Delhi,Skin Care Kit,Regular
O01848,C0099,P011,2025-09-07,2,Fashion,2000,1200,20.0,4000,800.0,3200.0,2400,800.0,UPI,Bengaluru,Hoodie,Regular
O01849,C0485,P008,2025-10-02,2,Home,1500,900,15.0,3000,450.0,2550.0,1800,750.0,Credit Card,Pune,Bedsheet Set,Regular
O01850,C0298,P007,2025-06-14,1,Home,1000,600,25.0,1000,250.0,750.0,600,150.0,Credit Card,Pune,Table Lamp,Premium
O01851,C0397,P012,2025-12-07,1,Fashion,2100,1300,15.0,2100,315.0,1785.0,1300,485.0,Credit Card,Chennai,Jeans,Regular
O01852,C0164,P010,2025-01-08,2,Fashion,1800,1000,20.0,3600,720.0,2880.0,2000,880.0,Debit Card,Ahmedabad,Backpack,Premium
O01853,C0376,P013,2025-10-11,4,Beauty,850,500,5.0,3400,170.0,3230.0,2000,1230.0,Debit Card,Hyderabad,Face Serum,Premium
O01854,C0141,P001,2025-01-05,2,Electronics,2500,1800,15.0,5000,750.0,4250.0,3600,650.0,Credit Card,Mumbai,Wireless Headphones,Regular
O01855,C0268,P011,2025-05-25,1,Fashion,2000,1200,0.0,2000,0.0,2000.0,1200,800.0,Debit Card,Mumbai,Hoodie,Regular
O01856,C0037,P014,2025-04-11,1,Beauty,1500,900,15.0,1500,225.0,1275.0,900,375.0,UPI,Kolkata,Skin Care Kit,Budget
O01857,C0074,P013,2025-06-13,1,Beauty,850,500,10.0,850,85.0,765.0,500,265.0,Debit Card,Bengaluru,Face Serum,Budget
O01858,C0073,P002,2025-05-27,2,Electronics,5000,3500,10.0,10000,1000.0,9000.0,7000,2000.0,Credit Card,Bengaluru,Smart Watch,Regular
O01859,C0308,P004,2025-03-05,1,Electronics,1200,700,20.0,1200,240.0,960.0,700,260.0,Debit Card,Kolkata,Power Bank,Premium
O01860,C0199,P001,2025-04-01,1,Electronics,2500,1800,20.0,2500,500.0,2000.0,1800,200.0,Credit Card,Hyderabad,Wireless Headphones,Regular
O01861,C0130,P003,2025-04-27,1,Electronics,2200,1400,0.0,2200,0.0,2200.0,1400,800.0,UPI,Delhi,Bluetooth Speaker,Budget
O01862,C0246,P008,2025-12-20,2,Home,1500,900,15.0,3000,450.0,2550.0,1800,750.0,Credit Card,Pune,Bedsheet Set,Regular
O01863,C0312,P008,2025-09-24,2,Home,1500,900,10.0,3000,300.0,2700.0,1800,900.0,UPI,Delhi,Bedsheet Set,Budget
O01864,C0060,P008,2025-11-06,1,Home,1500,900,10.0,1500,150.0,1350.0,900,450.0,Credit Card,Kolkata,Bedsheet Set,Regular
O01865,C0279,P006,2025-06-22,4,Home,4800,3200,20.0,19200,3840.0,15360.0,12800,2560.0,Credit Card,Kolkata,Air Fryer,Budget
O01866,C0103,P006,2025-02-16,1,Home,4800,3200,10.0,4800,480.0,4320.0,3200,1120.0,Debit Card,Mumbai,Air Fryer,Regular
O01867,C0296,P005,2025-05-20,2,Home,4200,2800,20.0,8400,1680.0,6720.0,5600,1120.0,Credit Card,Mumbai,Coffee Maker,Budget
O01868,C0320,P013,2025-09-03,1,Beauty,850,500,5.0,850,42.5,807.5,500,307.5,Credit Card,Mumbai,Face Serum,Premium
O01869,C0487,P009,2025-05-29,4,Fashion,3500,2200,15.0,14000,2100.0,11900.0,8800,3100.0,UPI,Delhi,Running Shoes,Regular
O01870,C0341,P004,2025-09-03,4,Electronics,1200,700,15.0,4800,720.0,4080.0,2800,1280.0,Cash on Delivery,Chennai,Power Bank,Regular
O01871,C0151,P010,2025-01-05,3,Fashion,1800,1000,5.0,5400,270.0,5130.0,3000,2130.0,Debit Card,Ahmedabad,Backpack,Regular
O01872,C0157,P015,2025-07-03,2,Beauty,2500,1600,10.0,5000,500.0,4500.0,3200,1300.0,Debit Card,Hyderabad,Hair Dryer,Premium
O01873,C0206,P012,2025-01-20,4,Fashion,2100,1300,20.0,8400,1680.0,6720.0,5200,1520.0,UPI,Ahmedabad,Jeans,Budget
O01874,C0474,P012,2025-02-15,1,Fashion,2100,1300,15.0,2100,315.0,1785.0,1300,485.0,Credit Card,Bengaluru,Jeans,Premium
O01875,C0179,P012,2025-01-12,2,Fashion,2100,1300,10.0,4200,420.0,3780.0,2600,1180.0,UPI,Chennai,Jeans,Budget
O01876,C0197,P007,2025-03-11,2,Home,1000,600,10.0,2000,200.0,1800.0,1200,600.0,Credit Card,Hyderabad,Table Lamp,Premium
O01877,C0223,P001,2025-01-17,3,Electronics,2500,1800,0.0,7500,0.0,7500.0,5400,2100.0,UPI,Hyderabad,Wireless Headphones,Regular
O01878,C0089,P015,2025-05-27,1,Beauty,2500,1600,5.0,2500,125.0,2375.0,1600,775.0,Credit Card,Delhi,Hair Dryer,Regular
O01879,C0287,P009,2025-06-03,2,Fashion,3500,2200,10.0,7000,700.0,6300.0,4400,1900.0,Credit Card,Pune,Running Shoes,Premium
O01880,C0434,P007,2025-10-31,1,Home,1000,600,0.0,1000,0.0,1000.0,600,400.0,UPI,Delhi,Table Lamp,Regular
O01881,C0276,P010,2025-04-18,1,Fashion,1800,1000,20.0,1800,360.0,1440.0,1000,440.0,Credit Card,Hyderabad,Backpack,Budget
O01882,C0236,P012,2025-08-24,1,Fashion,2100,1300,15.0,2100,315.0,1785.0,1300,485.0,Debit Card,Pune,Jeans,Premium
O01883,C0183,P009,2025-11-04,2,Fashion,3500,2200,20.0,7000,1400.0,5600.0,4400,1200.0,UPI,Pune,Running Shoes,Regular
O01884,C0209,P007,2025-12-18,3,Home,1000,600,15.0,3000,450.0,2550.0,1800,750.0,Debit Card,Delhi,Table Lamp,Regular
O01885,C0493,P002,2025-03-11,1,Electronics,5000,3500,20.0,5000,1000.0,4000.0,3500,500.0,UPI,Mumbai,Smart Watch,Premium
O01886,C0130,P015,2025-07-02,1,Beauty,2500,1600,15.0,2500,375.0,2125.0,1600,525.0,UPI,Delhi,Hair Dryer,Budget
O01887,C0153,P006,2025-09-07,1,Home,4800,3200,15.0,4800,720.0,4080.0,3200,880.0,UPI,Chennai,Air Fryer,Regular
O01888,C0013,P010,2025-08-16,2,Fashion,1800,1000,25.0,3600,900.0,2700.0,2000,700.0,Debit Card,Pune,Backpack,Regular
O01889,C0122,P012,2025-04-12,2,Fashion,2100,1300,15.0,4200,630.0,3570.0,2600,970.0,UPI,Delhi,Jeans,Premium
O01890,C0359,P011,2025-03-16,3,Fashion,2000,1200,0.0,6000,0.0,6000.0,3600,2400.0,Unknown,Ahmedabad,Hoodie,Regular
O01891,C0220,P004,2025-08-04,1,Electronics,1200,700,15.0,1200,180.0,1020.0,700,320.0,Credit Card,Mumbai,Power Bank,Regular
O01892,C0106,P003,2025-07-22,1,Electronics,2200,1400,20.0,2200,440.0,1760.0,1400,360.0,UPI,Mumbai,Bluetooth Speaker,Regular
O01893,C0375,P002,2025-07-11,1,Electronics,5000,3500,15.0,5000,750.0,4250.0,3500,750.0,Debit Card,Hyderabad,Smart Watch,Regular
O01894,C0070,P006,2025-09-06,1,Home,4800,3200,15.0,4800,720.0,4080.0,3200,880.0,UPI,Bengaluru,Air Fryer,Premium
O01895,C0195,P008,2025-08-30,2,Home,1500,900,15.0,3000,450.0,2550.0,1800,750.0,Debit Card,Ahmedabad,Bedsheet Set,Budget
O01896,C0186,P006,2025-06-28,3,Home,4800,3200,25.0,14400,3600.0,10800.0,9600,1200.0,UPI,Bengaluru,Air Fryer,Regular
O01897,C0099,P009,2025-08-07,2,Fashion,3500,2200,0.0,7000,0.0,7000.0,4400,2600.0,UPI,Bengaluru,Running Shoes,Regular
O01898,C0082,P014,2025-03-23,2,Beauty,1500,900,15.0,3000,450.0,2550.0,1800,750.0,Debit Card,Mumbai,Skin Care Kit,Premium
O01899,C0075,P005,2025-04-02,2,Home,4200,2800,5.0,8400,420.0,7980.0,5600,2380.0,Cash on Delivery,Delhi,Coffee Maker,Budget
O01900,C0374,P002,2025-06-24,1,Electronics,5000,3500,15.0,5000,750.0,4250.0,3500,750.0,Unknown,Mumbai,Smart Watch,Budget
O01901,C0340,P008,2025-08-27,2,Home,1500,900,15.0,3000,450.0,2550.0,1800,750.0,Debit Card,Kolkata,Bedsheet Set,Premium
O01902,C0192,P009,2025-09-17,3,Fashion,3500,2200,5.0,10500,525.0,9975.0,6600,3375.0,UPI,Delhi,Running Shoes,Regular
O01903,C0325,P014,2025-12-31,1,Beauty,1500,900,5.0,1500,75.0,1425.0,900,525.0,Debit Card,Chennai,Skin Care Kit,Premium
O01904,C0467,P010,2025-06-12,2,Fashion,1800,1000,15.0,3600,540.0,3060.0,2000,1060.0,Credit Card,Kolkata,Backpack,Premium
O01905,C0214,P004,2025-02-17,1,Electronics,1200,700,0.0,1200,0.0,1200.0,700,500.0,UPI,Hyderabad,Power Bank,Regular
O01906,C0315,P006,2025-11-25,3,Home,4800,3200,5.0,14400,720.0,13680.0,9600,4080.0,UPI,Chennai,Air Fryer,Regular
O01907,C0444,P015,2025-11-24,4,Beauty,2500,1600,20.0,10000,2000.0,8000.0,6400,1600.0,UPI,Ahmedabad,Hair Dryer,Regular
O01908,C0467,P011,2025-04-26,3,Fashion,2000,1200,10.0,6000,600.0,5400.0,3600,1800.0,UPI,Kolkata,Hoodie,Premium
O01909,C0382,P010,2025-12-03,1,Fashion,1800,1000,10.0,1800,180.0,1620.0,1000,620.0,UPI,Delhi,Backpack,Budget
O01910,C0367,P008,2025-12-03,1,Home,1500,900,20.0,1500,300.0,1200.0,900,300.0,Credit Card,Pune,Bedsheet Set,Regular
O01911,C0318,P009,2025-08-13,2,Fashion,3500,2200,5.0,7000,350.0,6650.0,4400,2250.0,Cash on Delivery,Delhi,Running Shoes,Premium
O01912,C0144,P012,2025-12-18,2,Fashion,2100,1300,10.0,4200,420.0,3780.0,2600,1180.0,UPI,Hyderabad,Jeans,Budget
O01913,C0384,P005,2025-11-24,4,Home,4200,2800,15.0,16800,2520.0,14280.0,11200,3080.0,Credit Card,Chennai,Coffee Maker,Regular
O01914,C0216,P012,2025-05-27,3,Fashion,2100,1300,15.0,6300,945.0,5355.0,3900,1455.0,Credit Card,Bengaluru,Jeans,Regular
O01915,C0361,P006,2025-03-04,1,Home,4800,3200,20.0,4800,960.0,3840.0,3200,640.0,Cash on Delivery,Hyderabad,Air Fryer,Budget
O01916,C0324,P011,2025-10-21,4,Fashion,2000,1200,20.0,8000,1600.0,6400.0,4800,1600.0,Credit Card,Chennai,Hoodie,Regular
O01917,C0015,P004,2025-11-19,1,Electronics,1200,700,15.0,1200,180.0,1020.0,700,320.0,Credit Card,Mumbai,Power Bank,Regular
O01918,C0217,P005,2025-11-21,1,Home,4200,2800,5.0,4200,210.0,3990.0,2800,1190.0,Credit Card,Chennai,Coffee Maker,Premium
O01919,C0492,P007,2025-01-13,1,Home,1000,600,0.0,1000,0.0,1000.0,600,400.0,UPI,Ahmedabad,Table Lamp,Regular
O01920,C0439,P009,2025-07-08,3,Fashion,3500,2200,10.0,10500,1050.0,9450.0,6600,2850.0,UPI,Mumbai,Running Shoes,Premium
O01921,C0035,P010,2025-10-14,1,Fashion,1800,1000,0.0,1800,0.0,1800.0,1000,800.0,UPI,Hyderabad,Backpack,Regular
O01922,C0183,P011,2025-07-27,1,Fashion,2000,1200,15.0,2000,300.0,1700.0,1200,500.0,UPI,Pune,Hoodie,Regular
O01923,C0270,P013,2025-04-24,1,Beauty,850,500,15.0,850,127.5,722.5,500,222.5,Credit Card,Kolkata,Face Serum,Regular
O01924,C0433,P006,2025-01-22,1,Home,4800,3200,0.0,4800,0.0,4800.0,3200,1600.0,UPI,Chennai,Air Fryer,Budget
O01925,C0467,P014,2025-12-15,1,Beauty,1500,900,20.0,1500,300.0,1200.0,900,300.0,Credit Card,Kolkata,Skin Care Kit,Premium
O01926,C0358,P006,2025-08-02,4,Home,4800,3200,5.0,19200,960.0,18240.0,12800,5440.0,UPI,Mumbai,Air Fryer,Regular
O01927,C0100,P008,2025-06-20,1,Home,1500,900,10.0,1500,150.0,1350.0,900,450.0,Cash on Delivery,Ahmedabad,Bedsheet Set,Regular
O01928,C0007,P011,2025-11-19,1,Fashion,2000,1200,15.0,2000,300.0,1700.0,1200,500.0,Debit Card,Chennai,Hoodie,Premium
O01929,C0030,P004,2025-02-23,2,Electronics,1200,700,10.0,2400,240.0,2160.0,1400,760.0,UPI,Hyderabad,Power Bank,Budget
O01930,C0467,P003,2025-10-25,2,Electronics,2200,1400,10.0,4400,440.0,3960.0,2800,1160.0,UPI,Kolkata,Bluetooth Speaker,Premium
O01931,C0305,P014,2025-11-16,1,Beauty,1500,900,0.0,1500,0.0,1500.0,900,600.0,Credit Card,Ahmedabad,Skin Care Kit,Regular
O01932,C0473,P007,2025-05-06,4,Home,1000,600,10.0,4000,400.0,3600.0,2400,1200.0,UPI,Chennai,Table Lamp,Premium
O01933,C0144,P005,2025-10-04,2,Home,4200,2800,15.0,8400,1260.0,7140.0,5600,1540.0,UPI,Hyderabad,Coffee Maker,Budget
O01934,C0111,P002,2025-07-23,1,Electronics,5000,3500,20.0,5000,1000.0,4000.0,3500,500.0,UPI,Hyderabad,Smart Watch,Premium
O01935,C0232,P002,2025-07-13,3,Electronics,5000,3500,10.0,15000,1500.0,13500.0,10500,3000.0,Cash on Delivery,Chennai,Smart Watch,Regular
O01936,C0179,P011,2025-06-18,4,Fashion,2000,1200,10.0,8000,800.0,7200.0,4800,2400.0,Debit Card,Chennai,Hoodie,Budget
O01937,C0072,P006,2025-06-01,2,Home,4800,3200,15.0,9600,1440.0,8160.0,6400,1760.0,Credit Card,Pune,Air Fryer,Regular
O01938,C0210,P008,2025-02-04,3,Home,1500,900,20.0,4500,900.0,3600.0,2700,900.0,Credit Card,Hyderabad,Bedsheet Set,Premium
O01939,C0220,P001,2025-07-03,2,Electronics,2500,1800,5.0,5000,250.0,4750.0,3600,1150.0,Cash on Delivery,Mumbai,Wireless Headphones,Regular
O01940,C0080,P015,2025-10-13,2,Beauty,2500,1600,10.0,5000,500.0,4500.0,3200,1300.0,Cash on Delivery,Delhi,Hair Dryer,Regular
O01941,C0500,P011,2025-02-26,2,Fashion,2000,1200,15.0,4000,600.0,3400.0,2400,1000.0,Cash on Delivery,Mumbai,Hoodie,Regular
O01942,C0083,P006,2025-08-10,1,Home,4800,3200,15.0,4800,720.0,4080.0,3200,880.0,UPI,Pune,Air Fryer,Premium
O01943,C0042,P012,2025-10-30,2,Fashion,2100,1300,0.0,4200,0.0,4200.0,2600,1600.0,UPI,Hyderabad,Jeans,Premium
O01944,C0273,P002,2025-06-12,1,Electronics,5000,3500,15.0,5000,750.0,4250.0,3500,750.0,Credit Card,Ahmedabad,Smart Watch,Premium
O01945,C0191,P002,2025-01-19,3,Electronics,5000,3500,5.0,15000,750.0,14250.0,10500,3750.0,Credit Card,Hyderabad,Smart Watch,Regular
O01946,C0173,P007,2025-09-21,4,Home,1000,600,10.0,4000,400.0,3600.0,2400,1200.0,UPI,Hyderabad,Table Lamp,Budget
O01947,C0461,P010,2025-10-09,2,Fashion,1800,1000,10.0,3600,360.0,3240.0,2000,1240.0,UPI,Kolkata,Backpack,Budget
O01948,C0007,P001,2025-04-23,3,Electronics,2500,1800,20.0,7500,1500.0,6000.0,5400,600.0,Debit Card,Chennai,Wireless Headphones,Premium
O01949,C0155,P006,2025-11-23,1,Home,4800,3200,10.0,4800,480.0,4320.0,3200,1120.0,Debit Card,Chennai,Air Fryer,Budget
O01950,C0010,P014,2025-01-30,1,Beauty,1500,900,5.0,1500,75.0,1425.0,900,525.0,UPI,Hyderabad,Skin Care Kit,Regular
O01951,C0034,P007,2025-05-15,2,Home,1000,600,5.0,2000,100.0,1900.0,1200,700.0,Debit Card,Bengaluru,Table Lamp,Budget
O01952,C0036,P014,2025-03-08,1,Beauty,1500,900,20.0,1500,300.0,1200.0,900,300.0,Credit Card,Mumbai,Skin Care Kit,Regular
O01953,C0409,P008,2025-03-06,1,Home,1500,900,5.0,1500,75.0,1425.0,900,525.0,Debit Card,Pune,Bedsheet Set,Budget
O01954,C0006,P007,2025-10-19,1,Home,1000,600,10.0,1000,100.0,900.0,600,300.0,UPI,Kolkata,Table Lamp,Premium
O01955,C0408,P006,2025-01-25,2,Home,4800,3200,5.0,9600,480.0,9120.0,6400,2720.0,UPI,Bengaluru,Air Fryer,Regular
O01956,C0402,P009,2025-02-06,3,Fashion,3500,2200,15.0,10500,1575.0,8925.0,6600,2325.0,UPI,Hyderabad,Running Shoes,Premium
O01957,C0215,P013,2025-01-01,1,Beauty,850,500,10.0,850,85.0,765.0,500,265.0,Credit Card,Ahmedabad,Face Serum,Regular
O01958,C0134,P003,2025-02-06,2,Electronics,2200,1400,10.0,4400,440.0,3960.0,2800,1160.0,Credit Card,Hyderabad,Bluetooth Speaker,Regular
O01959,C0285,P011,2025-05-21,4,Fashion,2000,1200,10.0,8000,800.0,7200.0,4800,2400.0,UPI,Pune,Hoodie,Regular
O01960,C0126,P006,2025-08-20,2,Home,4800,3200,20.0,9600,1920.0,7680.0,6400,1280.0,Cash on Delivery,Chennai,Air Fryer,Budget
O01961,C0409,P004,2025-05-16,2,Electronics,1200,700,15.0,2400,360.0,2040.0,1400,640.0,UPI,Pune,Power Bank,Budget
O01962,C0439,P002,2025-07-07,3,Electronics,5000,3500,15.0,15000,2250.0,12750.0,10500,2250.0,UPI,Mumbai,Smart Watch,Premium
O01963,C0337,P001,2025-05-08,1,Electronics,2500,1800,20.0,2500,500.0,2000.0,1800,200.0,Credit Card,Delhi,Wireless Headphones,Regular
O01964,C0174,P012,2025-07-20,4,Fashion,2100,1300,20.0,8400,1680.0,6720.0,5200,1520.0,Credit Card,Mumbai,Jeans,Regular
O01965,C0152,P012,2025-05-07,2,Fashion,2100,1300,10.0,4200,420.0,3780.0,2600,1180.0,UPI,Mumbai,Jeans,Premium
O01966,C0331,P014,2025-09-14,2,Beauty,1500,900,25.0,3000,750.0,2250.0,1800,450.0,Debit Card,Kolkata,Skin Care Kit,Premium
O01967,C0026,P001,2025-06-13,1,Electronics,2500,1800,0.0,2500,0.0,2500.0,1800,700.0,Credit Card,Pune,Wireless Headphones,Regular
O01968,C0383,P011,2025-02-04,3,Fashion,2000,1200,10.0,6000,600.0,5400.0,3600,1800.0,Credit Card,Pune,Hoodie,Budget
O01969,C0115,P010,2025-07-13,4,Fashion,1800,1000,20.0,7200,1440.0,5760.0,4000,1760.0,Debit Card,Kolkata,Backpack,Premium
O01970,C0382,P003,2025-07-10,2,Electronics,2200,1400,5.0,4400,220.0,4180.0,2800,1380.0,UPI,Delhi,Bluetooth Speaker,Budget
O01971,C0482,P004,2025-04-14,2,Electronics,1200,700,5.0,2400,120.0,2280.0,1400,880.0,Credit Card,Bengaluru,Power Bank,Budget
O01972,C0284,P002,2025-01-23,3,Electronics,5000,3500,10.0,15000,1500.0,13500.0,10500,3000.0,Debit Card,Kolkata,Smart Watch,Regular
O01973,C0387,P013,2025-09-22,4,Beauty,850,500,15.0,3400,510.0,2890.0,2000,890.0,UPI,Ahmedabad,Face Serum,Regular
O01974,C0075,P012,2025-10-17,2,Fashion,2100,1300,10.0,4200,420.0,3780.0,2600,1180.0,UPI,Delhi,Jeans,Budget
O01975,C0166,P011,2025-09-17,2,Fashion,2000,1200,15.0,4000,600.0,3400.0,2400,1000.0,Cash on Delivery,Pune,Hoodie,Budget
O01976,C0189,P011,2025-12-24,1,Fashion,2000,1200,20.0,2000,400.0,1600.0,1200,400.0,UPI,Mumbai,Hoodie,Regular
O01977,C0078,P014,2025-03-16,4,Beauty,1500,900,15.0,6000,900.0,5100.0,3600,1500.0,Credit Card,Mumbai,Skin Care Kit,Premium
O01978,C0435,P011,2025-12-21,2,Fashion,2000,1200,5.0,4000,200.0,3800.0,2400,1400.0,Cash on Delivery,Pune,Hoodie,Regular
O01979,C0090,P001,2025-03-13,3,Electronics,2500,1800,20.0,7500,1500.0,6000.0,5400,600.0,UPI,Mumbai,Wireless Headphones,Budget
O01980,C0176,P004,2025-09-16,1,Electronics,1200,700,5.0,1200,60.0,1140.0,700,440.0,UPI,Kolkata,Power Bank,Regular
O01981,C0021,P015,2025-07-07,1,Beauty,2500,1600,0.0,2500,0.0,2500.0,1600,900.0,Debit Card,Chennai,Hair Dryer,Premium
O01982,C0054,P007,2025-06-22,2,Home,1000,600,0.0,2000,0.0,2000.0,1200,800.0,Debit Card,Pune,Table Lamp,Premium
O01983,C0184,P010,2025-10-17,1,Fashion,1800,1000,15.0,1800,270.0,1530.0,1000,530.0,Credit Card,Chennai,Backpack,Budget
O01984,C0359,P011,2025-02-14,2,Fashion,2000,1200,0.0,4000,0.0,4000.0,2400,1600.0,Credit Card,Ahmedabad,Hoodie,Regular
O01985,C0222,P006,2025-03-02,4,Home,4800,3200,0.0,19200,0.0,19200.0,12800,6400.0,Debit Card,Pune,Air Fryer,Regular
O01986,C0315,P006,2025-03-24,1,Home,4800,3200,10.0,4800,480.0,4320.0,3200,1120.0,Debit Card,Chennai,Air Fryer,Regular
O01987,C0328,P011,2025-05-03,4,Fashion,2000,1200,5.0,8000,400.0,7600.0,4800,2800.0,UPI,Mumbai,Hoodie,Regular
O01988,C0179,P009,2025-12-24,1,Fashion,3500,2200,15.0,3500,525.0,2975.0,2200,775.0,UPI,Chennai,Running Shoes,Budget
O01989,C0276,P014,2025-01-16,2,Beauty,1500,900,20.0,3000,600.0,2400.0,1800,600.0,Credit Card,Hyderabad,Skin Care Kit,Budget
O01990,C0112,P015,2025-03-07,1,Beauty,2500,1600,15.0,2500,375.0,2125.0,1600,525.0,Debit Card,Hyderabad,Hair Dryer,Regular
O01991,C0224,P002,2025-05-25,2,Electronics,5000,3500,5.0,10000,500.0,9500.0,7000,2500.0,Debit Card,Pune,Smart Watch,Premium
O01992,C0214,P004,2025-06-11,4,Electronics,1200,700,5.0,4800,240.0,4560.0,2800,1760.0,Cash on Delivery,Hyderabad,Power Bank,Regular
O01993,C0059,P005,2025-08-22,2,Home,4200,2800,25.0,8400,2100.0,6300.0,5600,700.0,Debit Card,Mumbai,Coffee Maker,Regular
O01994,C0327,P001,2025-05-24,1,Electronics,2500,1800,0.0,2500,0.0,2500.0,1800,700.0,Credit Card,Mumbai,Wireless Headphones,Premium
O01995,C0393,P008,2025-12-24,1,Home,1500,900,20.0,1500,300.0,1200.0,900,300.0,UPI,Kolkata,Bedsheet Set,Regular
O01996,C0109,P008,2025-07-07,1,Home,1500,900,5.0,1500,75.0,1425.0,900,525.0,Debit Card,Mumbai,Bedsheet Set,Regular
O01997,C0385,P006,2025-11-18,2,Home,4800,3200,20.0,9600,1920.0,7680.0,6400,1280.0,Debit Card,Bengaluru,Air Fryer,Budget
O01998,C0157,P012,2025-01-13,2,Fashion,2100,1300,10.0,4200,420.0,3780.0,2600,1180.0,Credit Card,Hyderabad,Jeans,Premium
O01999,C0191,P005,2025-07-03,3,Home,4200,2800,10.0,12600,1260.0,11340.0,8400,2940.0,UPI,Hyderabad,Coffee Maker,Regular
O02000,C0200,P008,2025-04-21,2,Home,1500,900,15.0,3000,450.0,2550.0,1800,750.0,Cash on Delivery,Pune,Bedsheet Set,Premium
O02001,C0312,P003,2025-10-17,1,Electronics,2200,1400,15.0,2200,330.0,1870.0,1400,470.0,Credit Card,Delhi,Bluetooth Speaker,Budget
O02002,C0196,P003,2025-10-22,4,Electronics,2200,1400,10.0,8800,880.0,7920.0,5600,2320.0,UPI,Chennai,Bluetooth Speaker,Regular
O02003,C0035,P002,2025-08-03,3,Electronics,5000,3500,15.0,15000,2250.0,12750.0,10500,2250.0,Credit Card,Hyderabad,Smart Watch,Regular
O02004,C0379,P005,2025-04-30,1,Home,4200,2800,15.0,4200,630.0,3570.0,2800,770.0,Credit Card,Delhi,Coffee Maker,Premium
O02005,C0387,P003,2025-02-24,1,Electronics,2200,1400,0.0,2200,0.0,2200.0,1400,800.0,UPI,Ahmedabad,Bluetooth Speaker,Regular
O02006,C0246,P003,2025-01-27,2,Electronics,2200,1400,0.0,4400,0.0,4400.0,2800,1600.0,Debit Card,Pune,Bluetooth Speaker,Regular
O02007,C0237,P015,2025-04-28,1,Beauty,2500,1600,10.0,2500,250.0,2250.0,1600,650.0,UPI,Kolkata,Hair Dryer,Regular
O02008,C0104,P006,2025-08-09,1,Home,4800,3200,0.0,4800,0.0,4800.0,3200,1600.0,UPI,Chennai,Air Fryer,Budget
O02009,C0007,P008,2025-08-19,2,Home,1500,900,15.0,3000,450.0,2550.0,1800,750.0,UPI,Chennai,Bedsheet Set,Premium
O02010,C0283,P002,2025-02-22,2,Electronics,5000,3500,5.0,10000,500.0,9500.0,7000,2500.0,Debit Card,Pune,Smart Watch,Regular
O02011,C0001,P004,2025-10-22,1,Electronics,1200,700,10.0,1200,120.0,1080.0,700,380.0,Cash on Delivery,Delhi,Power Bank,Regular
O02012,C0219,P011,2025-11-17,2,Fashion,2000,1200,5.0,4000,200.0,3800.0,2400,1400.0,Debit Card,Mumbai,Hoodie,Premium
O02013,C0464,P007,2025-08-21,4,Home,1000,600,10.0,4000,400.0,3600.0,2400,1200.0,Cash on Delivery,Chennai,Table Lamp,Regular
O02014,C0230,P001,2025-06-07,3,Electronics,2500,1800,0.0,7500,0.0,7500.0,5400,2100.0,UPI,Bengaluru,Wireless Headphones,Regular
O02015,C0455,P001,2025-09-26,1,Electronics,2500,1800,0.0,2500,0.0,2500.0,1800,700.0,UPI,Mumbai,Wireless Headphones,Regular
O02016,C0172,P012,2025-01-21,2,Fashion,2100,1300,0.0,4200,0.0,4200.0,2600,1600.0,Credit Card,Bengaluru,Jeans,Budget
O02017,C0087,P013,2025-02-22,1,Beauty,850,500,25.0,850,212.5,637.5,500,137.5,UPI,Pune,Face Serum,Regular
O02018,C0041,P010,2025-10-02,2,Fashion,1800,1000,0.0,3600,0.0,3600.0,2000,1600.0,Debit Card,Ahmedabad,Backpack,Regular
O02019,C0123,P007,2025-11-09,3,Home,1000,600,15.0,3000,450.0,2550.0,1800,750.0,Credit Card,Delhi,Table Lamp,Regular
O02020,C0331,P014,2025-10-08,2,Beauty,1500,900,0.0,3000,0.0,3000.0,1800,1200.0,Cash on Delivery,Kolkata,Skin Care Kit,Premium
O02021,C0298,P007,2025-08-02,1,Home,1000,600,0.0,1000,0.0,1000.0,600,400.0,UPI,Pune,Table Lamp,Premium
O02022,C0373,P001,2025-01-31,2,Electronics,2500,1800,10.0,5000,500.0,4500.0,3600,900.0,Credit Card,Delhi,Wireless Headphones,Premium
O02023,C0417,P001,2025-12-03,4,Electronics,2500,1800,10.0,10000,1000.0,9000.0,7200,1800.0,Credit Card,Pune,Wireless Headphones,Regular
O02024,C0178,P004,2025-07-02,1,Electronics,1200,700,25.0,1200,300.0,900.0,700,200.0,UPI,Mumbai,Power Bank,Regular
O02025,C0063,P005,2025-01-23,2,Home,4200,2800,20.0,8400,1680.0,6720.0,5600,1120.0,Credit Card,Delhi,Coffee Maker,Regular
O02026,C0484,P005,2025-02-01,4,Home,4200,2800,15.0,16800,2520.0,14280.0,11200,3080.0,UPI,Hyderabad,Coffee Maker,Premium
O02027,C0165,P004,2025-03-15,4,Electronics,1200,700,15.0,4800,720.0,4080.0,2800,1280.0,UPI,Chennai,Power Bank,Budget
O02028,C0489,P008,2025-01-10,3,Home,1500,900,10.0,4500,450.0,4050.0,2700,1350.0,UPI,Bengaluru,Bedsheet Set,Premium
O02029,C0187,P007,2025-02-23,1,Home,1000,600,10.0,1000,100.0,900.0,600,300.0,UPI,Ahmedabad,Table Lamp,Premium
O02030,C0383,P009,2025-02-21,2,Fashion,3500,2200,20.0,7000,1400.0,5600.0,4400,1200.0,Credit Card,Pune,Running Shoes,Budget
O02031,C0209,P007,2025-05-28,2,Home,1000,600,15.0,2000,300.0,1700.0,1200,500.0,UPI,Delhi,Table Lamp,Regular
O02032,C0227,P015,2025-06-09,1,Beauty,2500,1600,15.0,2500,375.0,2125.0,1600,525.0,UPI,Pune,Hair Dryer,Budget
O02033,C0432,P010,2025-01-14,2,Fashion,1800,1000,5.0,3600,180.0,3420.0,2000,1420.0,UPI,Mumbai,Backpack,Regular
O02034,C0389,P001,2025-06-27,1,Electronics,2500,1800,0.0,2500,0.0,2500.0,1800,700.0,UPI,Bengaluru,Wireless Headphones,Regular
O02035,C0048,P013,2025-02-22,1,Beauty,850,500,20.0,850,170.0,680.0,500,180.0,UPI,Pune,Face Serum,Regular
O02036,C0224,P014,2025-12-01,2,Beauty,1500,900,10.0,3000,300.0,2700.0,1800,900.0,UPI,Pune,Skin Care Kit,Premium
O02037,C0003,P007,2025-01-22,2,Home,1000,600,10.0,2000,200.0,1800.0,1200,600.0,Credit Card,Kolkata,Table Lamp,Regular
O02038,C0372,P001,2025-01-30,3,Electronics,2500,1800,0.0,7500,0.0,7500.0,5400,2100.0,Credit Card,Mumbai,Wireless Headphones,Regular
O02039,C0175,P007,2025-07-10,1,Home,1000,600,20.0,1000,200.0,800.0,600,200.0,Credit Card,Delhi,Table Lamp,Premium
O02040,C0446,P010,2025-09-17,3,Fashion,1800,1000,0.0,5400,0.0,5400.0,3000,2400.0,Unknown,Bengaluru,Backpack,Regular
O02041,C0099,P008,2025-07-24,3,Home,1500,900,20.0,4500,900.0,3600.0,2700,900.0,Credit Card,Bengaluru,Bedsheet Set,Regular
O02042,C0116,P011,2025-02-28,3,Fashion,2000,1200,0.0,6000,0.0,6000.0,3600,2400.0,Credit Card,Bengaluru,Hoodie,Regular
O02043,C0270,P009,2025-09-21,1,Fashion,3500,2200,20.0,3500,700.0,2800.0,2200,600.0,Debit Card,Kolkata,Running Shoes,Regular
O02044,C0447,P012,2025-01-12,1,Fashion,2100,1300,15.0,2100,315.0,1785.0,1300,485.0,UPI,Kolkata,Jeans,Budget
O02045,C0368,P003,2025-04-29,4,Electronics,2200,1400,5.0,8800,440.0,8360.0,5600,2760.0,Debit Card,Pune,Bluetooth Speaker,Regular
O02046,C0253,P015,2025-10-17,4,Beauty,2500,1600,15.0,10000,1500.0,8500.0,6400,2100.0,UPI,Ahmedabad,Hair Dryer,Premium
O02047,C0317,P004,2025-12-04,1,Electronics,1200,700,10.0,1200,120.0,1080.0,700,380.0,UPI,Bengaluru,Power Bank,Regular
O02048,C0415,P004,2025-09-05,4,Electronics,1200,700,5.0,4800,240.0,4560.0,2800,1760.0,Debit Card,Bengaluru,Power Bank,Premium
O02049,C0095,P012,2025-12-20,1,Fashion,2100,1300,20.0,2100,420.0,1680.0,1300,380.0,UPI,Pune,Jeans,Regular
O02050,C0273,P009,2025-05-07,4,Fashion,3500,2200,10.0,14000,1400.0,12600.0,8800,3800.0,UPI,Ahmedabad,Running Shoes,Premium
O02051,C0380,P013,2025-03-16,2,Beauty,850,500,10.0,1700,170.0,1530.0,1000,530.0,UPI,Chennai,Face Serum,Regular
O02052,C0024,P007,2025-12-27,1,Home,1000,600,5.0,1000,50.0,950.0,600,350.0,UPI,Mumbai,Table Lamp,Regular
O02053,C0116,P003,2025-07-23,4,Electronics,2200,1400,10.0,8800,880.0,7920.0,5600,2320.0,UPI,Bengaluru,Bluetooth Speaker,Regular
O02054,C0151,P010,2025-02-18,1,Fashion,1800,1000,20.0,1800,360.0,1440.0,1000,440.0,Credit Card,Ahmedabad,Backpack,Regular
O02055,C0338,P005,2025-03-20,1,Home,4200,2800,10.0,4200,420.0,3780.0,2800,980.0,Debit Card,Bengaluru,Coffee Maker,Premium
O02056,C0050,P007,2025-08-29,1,Home,1000,600,25.0,1000,250.0,750.0,600,150.0,Debit Card,Hyderabad,Table Lamp,Regular
O02057,C0206,P008,2025-12-15,1,Home,1500,900,20.0,1500,300.0,1200.0,900,300.0,UPI,Ahmedabad,Bedsheet Set,Budget
O02058,C0498,P001,2025-06-03,2,Electronics,2500,1800,0.0,5000,0.0,5000.0,3600,1400.0,Cash on Delivery,Kolkata,Wireless Headphones,Premium
O02059,C0335,P012,2025-10-01,4,Fashion,2100,1300,5.0,8400,420.0,7980.0,5200,2780.0,Credit Card,Pune,Jeans,Premium
O02060,C0079,P002,2025-04-06,2,Electronics,5000,3500,20.0,10000,2000.0,8000.0,7000,1000.0,UPI,Delhi,Smart Watch,Budget
O02061,C0070,P007,2025-08-02,4,Home,1000,600,10.0,4000,400.0,3600.0,2400,1200.0,Debit Card,Bengaluru,Table Lamp,Premium
O02062,C0027,P011,2025-10-21,1,Fashion,2000,1200,0.0,2000,0.0,2000.0,1200,800.0,Debit Card,Bengaluru,Hoodie,Regular
O02063,C0271,P015,2025-07-28,3,Beauty,2500,1600,5.0,7500,375.0,7125.0,4800,2325.0,Debit Card,Mumbai,Hair Dryer,Premium
O02064,C0050,P013,2025-12-09,4,Beauty,850,500,15.0,3400,510.0,2890.0,2000,890.0,UPI,Hyderabad,Face Serum,Regular
O02065,C0292,P014,2025-03-29,3,Beauty,1500,900,15.0,4500,675.0,3825.0,2700,1125.0,Credit Card,Pune,Skin Care Kit,Regular
O02066,C0247,P013,2025-11-02,1,Beauty,850,500,0.0,850,0.0,850.0,500,350.0,Debit Card,Kolkata,Face Serum,Regular
O02067,C0264,P015,2025-09-21,2,Beauty,2500,1600,0.0,5000,0.0,5000.0,3200,1800.0,Credit Card,Mumbai,Hair Dryer,Budget
O02068,C0079,P002,2025-11-21,3,Electronics,5000,3500,20.0,15000,3000.0,12000.0,10500,1500.0,Credit Card,Delhi,Smart Watch,Budget
O02069,C0387,P007,2025-11-16,2,Home,1000,600,15.0,2000,300.0,1700.0,1200,500.0,Credit Card,Ahmedabad,Table Lamp,Regular
O02070,C0190,P015,2025-06-06,4,Beauty,2500,1600,15.0,10000,1500.0,8500.0,6400,2100.0,Debit Card,Bengaluru,Hair Dryer,Regular
O02071,C0047,P009,2025-06-05,4,Fashion,3500,2200,15.0,14000,2100.0,11900.0,8800,3100.0,UPI,Pune,Running Shoes,Premium
O02072,C0461,P011,2025-05-19,1,Fashion,2000,1200,10.0,2000,200.0,1800.0,1200,600.0,Credit Card,Kolkata,Hoodie,Budget
O02073,C0361,P002,2025-05-01,4,Electronics,5000,3500,15.0,20000,3000.0,17000.0,14000,3000.0,UPI,Hyderabad,Smart Watch,Budget
O02074,C0354,P007,2025-03-06,1,Home,1000,600,10.0,1000,100.0,900.0,600,300.0,Credit Card,Delhi,Table Lamp,Regular
O02075,C0472,P004,2025-04-17,3,Electronics,1200,700,5.0,3600,180.0,3420.0,2100,1320.0,Debit Card,Delhi,Power Bank,Regular
O02076,C0488,P011,2025-05-27,4,Fashion,2000,1200,15.0,8000,1200.0,6800.0,4800,2000.0,UPI,Chennai,Hoodie,Regular
O02077,C0352,P013,2025-05-17,1,Beauty,850,500,10.0,850,85.0,765.0,500,265.0,Credit Card,Bengaluru,Face Serum,Premium
O02078,C0189,P002,2025-06-11,2,Electronics,5000,3500,25.0,10000,2500.0,7500.0,7000,500.0,UPI,Mumbai,Smart Watch,Regular
O02079,C0416,P013,2025-04-10,1,Beauty,850,500,10.0,850,85.0,765.0,500,265.0,UPI,Pune,Face Serum,Regular
O02080,C0256,P007,2025-12-04,2,Home,1000,600,20.0,2000,400.0,1600.0,1200,400.0,UPI,Bengaluru,Table Lamp,Budget
O02081,C0222,P013,2025-11-03,2,Beauty,850,500,20.0,1700,340.0,1360.0,1000,360.0,UPI,Pune,Face Serum,Regular
O02082,C0372,P005,2025-05-21,2,Home,4200,2800,5.0,8400,420.0,7980.0,5600,2380.0,UPI,Mumbai,Coffee Maker,Regular
O02083,C0241,P001,2025-03-24,1,Electronics,2500,1800,15.0,2500,375.0,2125.0,1800,325.0,UPI,Ahmedabad,Wireless Headphones,Regular
O02084,C0269,P005,2025-06-26,2,Home,4200,2800,10.0,8400,840.0,7560.0,5600,1960.0,Debit Card,Bengaluru,Coffee Maker,Premium
O02085,C0001,P012,2025-07-17,3,Fashion,2100,1300,20.0,6300,1260.0,5040.0,3900,1140.0,Debit Card,Delhi,Jeans,Regular
O02086,C0034,P012,2025-04-22,1,Fashion,2100,1300,10.0,2100,210.0,1890.0,1300,590.0,Credit Card,Bengaluru,Jeans,Budget
O02087,C0446,P003,2025-02-25,3,Electronics,2200,1400,15.0,6600,990.0,5610.0,4200,1410.0,UPI,,Bluetooth Speaker,Regular
O02088,C0079,P007,2025-06-28,1,Home,1000,600,10.0,1000,100.0,900.0,600,300.0,Cash on Delivery,Delhi,Table Lamp,Budget
O02089,C0236,P006,2025-07-05,1,Home,4800,3200,5.0,4800,240.0,4560.0,3200,1360.0,Credit Card,Pune,Air Fryer,Premium
O02090,C0334,P008,2025-08-06,2,Home,1500,900,5.0,3000,150.0,2850.0,1800,1050.0,UPI,Pune,Bedsheet Set,Regular
O02091,C0377,P013,2025-11-12,4,Beauty,850,500,10.0,3400,340.0,3060.0,2000,1060.0,Debit Card,Ahmedabad,Face Serum,Budget
O02092,C0349,P005,2025-08-05,4,Home,4200,2800,15.0,16800,2520.0,14280.0,11200,3080.0,UPI,Chennai,Coffee Maker,Premium
O02093,C0098,P002,2025-04-30,2,Electronics,5000,3500,15.0,10000,1500.0,8500.0,7000,1500.0,Credit Card,Chennai,Smart Watch,Regular
O02094,C0082,P009,2025-06-24,3,Fashion,3500,2200,15.0,10500,1575.0,8925.0,6600,2325.0,Credit Card,Mumbai,Running Shoes,Premium
O02095,C0455,P014,2025-01-23,2,Beauty,1500,900,5.0,3000,150.0,2850.0,1800,1050.0,UPI,Mumbai,Skin Care Kit,Regular
O02096,C0477,P011,2025-08-01,2,Fashion,2000,1200,10.0,4000,400.0,3600.0,2400,1200.0,Debit Card,Kolkata,Hoodie,Regular
O02097,C0415,P008,2025-08-23,2,Home,1500,900,0.0,3000,0.0,3000.0,1800,1200.0,UPI,Bengaluru,Bedsheet Set,Premium
O02098,C0192,P006,2025-01-13,1,Home,4800,3200,20.0,4800,960.0,3840.0,3200,640.0,UPI,Delhi,Air Fryer,Regular
O02099,C0253,P013,2025-04-11,4,Beauty,850,500,25.0,3400,850.0,2550.0,2000,550.0,Cash on Delivery,Ahmedabad,Face Serum,Premium
O02100,C0409,P010,2025-01-24,2,Fashion,1800,1000,10.0,3600,360.0,3240.0,2000,1240.0,Cash on Delivery,Pune,Backpack,Budget
O02101,C0038,P007,2025-12-30,2,Home,1000,600,0.0,2000,0.0,2000.0,1200,800.0,Credit Card,Hyderabad,Table Lamp,Budget
O02102,C0014,P009,2025-01-11,1,Fashion,3500,2200,5.0,3500,175.0,3325.0,2200,1125.0,Credit Card,Kolkata,Running Shoes,Regular
O02103,C0392,P007,2025-09-30,2,Home,1000,600,15.0,2000,300.0,1700.0,1200,500.0,UPI,Kolkata,Table Lamp,Regular
O02104,C0347,P003,2025-10-08,2,Electronics,2200,1400,15.0,4400,660.0,3740.0,2800,940.0,Debit Card,Delhi,Bluetooth Speaker,Regular
O02105,C0310,P006,2025-04-04,4,Home,4800,3200,15.0,19200,2880.0,16320.0,12800,3520.0,UPI,Kolkata,Air Fryer,Premium
O02106,C0386,P011,2025-07-20,2,Fashion,2000,1200,5.0,4000,200.0,3800.0,2400,1400.0,UPI,Bengaluru,Hoodie,Budget
O02107,C0209,P013,2025-01-21,1,Beauty,850,500,15.0,850,127.5,722.5,500,222.5,Credit Card,Delhi,Face Serum,Regular
O02108,C0357,P011,2025-12-06,3,Fashion,2000,1200,15.0,6000,900.0,5100.0,3600,1500.0,UPI,Chennai,Hoodie,Budget
O02109,C0462,P007,2025-07-30,1,Home,1000,600,10.0,1000,100.0,900.0,600,300.0,UPI,Ahmedabad,Table Lamp,Budget
O02110,C0089,P002,2025-05-20,2,Electronics,5000,3500,10.0,10000,1000.0,9000.0,7000,2000.0,UPI,Delhi,Smart Watch,Regular
O02111,C0056,P003,2025-10-20,2,Electronics,2200,1400,0.0,4400,0.0,4400.0,2800,1600.0,UPI,Pune,Bluetooth Speaker,Premium
O02112,C0094,P004,2025-10-25,2,Electronics,1200,700,10.0,2400,240.0,2160.0,1400,760.0,UPI,Delhi,Power Bank,Budget
O02113,C0093,P010,2025-04-11,2,Fashion,1800,1000,20.0,3600,720.0,2880.0,2000,880.0,UPI,Delhi,Backpack,Regular
O02114,C0340,P006,2025-10-31,1,Home,4800,3200,10.0,4800,480.0,4320.0,3200,1120.0,UPI,Kolkata,Air Fryer,Premium
O02115,C0085,P001,2025-12-25,2,Electronics,2500,1800,20.0,5000,1000.0,4000.0,3600,400.0,Debit Card,Kolkata,Wireless Headphones,Regular
O02116,C0445,P009,2025-01-28,2,Fashion,3500,2200,15.0,7000,1050.0,5950.0,4400,1550.0,Debit Card,Chennai,Running Shoes,Premium
O02117,C0245,P005,2025-02-10,3,Home,4200,2800,5.0,12600,630.0,11970.0,8400,3570.0,Credit Card,Pune,Coffee Maker,Premium
O02118,C0022,P013,2025-12-21,1,Beauty,850,500,15.0,850,127.5,722.5,500,222.5,Credit Card,Hyderabad,Face Serum,Regular
O02119,C0291,P012,2025-10-30,1,Fashion,2100,1300,10.0,2100,210.0,1890.0,1300,590.0,UPI,Mumbai,Jeans,Budget
O02120,C0485,P014,2025-05-26,2,Beauty,1500,900,10.0,3000,300.0,2700.0,1800,900.0,UPI,Pune,Skin Care Kit,Regular
O02121,C0272,P007,2025-09-13,1,Home,1000,600,0.0,1000,0.0,1000.0,600,400.0,UPI,Pune,Table Lamp,Regular
O02122,C0306,P009,2025-08-15,2,Fashion,3500,2200,10.0,7000,700.0,6300.0,4400,1900.0,Credit Card,Delhi,Running Shoes,Budget
O02123,C0122,P009,2025-08-24,2,Fashion,3500,2200,0.0,7000,0.0,7000.0,4400,2600.0,Debit Card,Delhi,Running Shoes,Premium
O02124,C0128,P001,2025-12-27,1,Electronics,2500,1800,0.0,2500,0.0,2500.0,1800,700.0,Credit Card,Pune,Wireless Headphones,Budget
O02125,C0113,P015,2025-01-13,4,Beauty,2500,1600,10.0,10000,1000.0,9000.0,6400,2600.0,UPI,Chennai,Hair Dryer,Regular
O02126,C0427,P001,2025-07-29,1,Electronics,2500,1800,10.0,2500,250.0,2250.0,1800,450.0,UPI,Mumbai,Wireless Headphones,Regular
O02127,C0273,P003,2025-08-17,1,Electronics,2200,1400,20.0,2200,440.0,1760.0,1400,360.0,Debit Card,Ahmedabad,Bluetooth Speaker,Premium
O02128,C0336,P006,2025-04-10,1,Home,4800,3200,10.0,4800,480.0,4320.0,3200,1120.0,UPI,Chennai,Air Fryer,Regular
O02129,C0442,P002,2025-01-31,2,Electronics,5000,3500,15.0,10000,1500.0,8500.0,7000,1500.0,Debit Card,Chennai,Smart Watch,Budget
O02130,C0130,P010,2025-01-16,1,Fashion,1800,1000,10.0,1800,180.0,1620.0,1000,620.0,Credit Card,Delhi,Backpack,Budget
O02131,C0132,P012,2025-05-17,4,Fashion,2100,1300,15.0,8400,1260.0,7140.0,5200,1940.0,Debit Card,Chennai,Jeans,Regular
O02132,C0085,P011,2025-11-25,4,Fashion,2000,1200,5.0,8000,400.0,7600.0,4800,2800.0,Cash on Delivery,Kolkata,Hoodie,Regular
O02133,C0423,P001,2025-06-15,3,Electronics,2500,1800,20.0,7500,1500.0,6000.0,5400,600.0,Cash on Delivery,Pune,Wireless Headphones,Regular
O02134,C0482,P001,2025-11-06,1,Electronics,2500,1800,10.0,2500,250.0,2250.0,1800,450.0,Credit Card,Bengaluru,Wireless Headphones,Budget
O02135,C0350,P013,2025-04-10,3,Beauty,850,500,20.0,2550,510.0,2040.0,1500,540.0,Credit Card,Kolkata,Face Serum,Premium
O02136,C0390,P005,2025-04-19,2,Home,4200,2800,10.0,8400,840.0,7560.0,5600,1960.0,UPI,Kolkata,Coffee Maker,Premium
O02137,C0081,P004,2025-12-09,1,Electronics,1200,700,0.0,1200,0.0,1200.0,700,500.0,Cash on Delivery,Hyderabad,Power Bank,Regular
O02138,C0487,P001,2025-06-22,1,Electronics,2500,1800,15.0,2500,375.0,2125.0,1800,325.0,Credit Card,Delhi,Wireless Headphones,Regular
O02139,C0473,P004,2025-08-25,3,Electronics,1200,700,0.0,3600,0.0,3600.0,2100,1500.0,UPI,Chennai,Power Bank,Premium
O02140,C0325,P003,2025-06-11,2,Electronics,2200,1400,10.0,4400,440.0,3960.0,2800,1160.0,UPI,Chennai,Bluetooth Speaker,Premium
O02141,C0069,P002,2025-08-04,1,Electronics,5000,3500,5.0,5000,250.0,4750.0,3500,1250.0,UPI,Pune,Smart Watch,Premium
O02142,C0148,P009,2025-09-21,2,Fashion,3500,2200,15.0,7000,1050.0,5950.0,4400,1550.0,Credit Card,Hyderabad,Running Shoes,Budget
O02143,C0448,P014,2025-09-20,2,Beauty,1500,900,25.0,3000,750.0,2250.0,1800,450.0,Credit Card,Ahmedabad,Skin Care Kit,Regular
O02144,C0016,P015,2025-10-19,3,Beauty,2500,1600,10.0,7500,750.0,6750.0,4800,1950.0,UPI,Bengaluru,Hair Dryer,Regular
O02145,C0307,P011,2025-10-01,2,Fashion,2000,1200,20.0,4000,800.0,3200.0,2400,800.0,UPI,Hyderabad,Hoodie,Budget
O02146,C0105,P001,2025-01-03,1,Electronics,2500,1800,10.0,2500,250.0,2250.0,1800,450.0,Cash on Delivery,Hyderabad,Wireless Headphones,Regular
O02147,C0165,P007,2025-01-28,2,Home,1000,600,10.0,2000,200.0,1800.0,1200,600.0,Debit Card,Chennai,Table Lamp,Budget
O02148,C0488,P014,2025-11-22,1,Beauty,1500,900,20.0,1500,300.0,1200.0,900,300.0,Debit Card,Chennai,Skin Care Kit,Regular
O02149,C0201,P013,2025-05-29,1,Beauty,850,500,20.0,850,170.0,680.0,500,180.0,UPI,Ahmedabad,Face Serum,Regular
O02150,C0197,P004,2025-01-28,1,Electronics,1200,700,15.0,1200,180.0,1020.0,700,320.0,Debit Card,Hyderabad,Power Bank,Premium
O02151,C0426,P005,2025-11-06,4,Home,4200,2800,5.0,16800,840.0,15960.0,11200,4760.0,Credit Card,Pune,Coffee Maker,Regular
O02152,C0185,P010,2025-03-06,1,Fashion,1800,1000,10.0,1800,180.0,1620.0,1000,620.0,UPI,Chennai,Backpack,Regular
O02153,C0322,P005,2025-12-22,4,Home,4200,2800,5.0,16800,840.0,15960.0,11200,4760.0,UPI,Hyderabad,Coffee Maker,Regular
O02154,C0265,P001,2025-01-21,2,Electronics,2500,1800,10.0,5000,500.0,4500.0,3600,900.0,UPI,Pune,Wireless Headphones,Budget
O02155,C0363,P006,2025-09-09,2,Home,4800,3200,10.0,9600,960.0,8640.0,6400,2240.0,UPI,Kolkata,Air Fryer,Budget
O02156,C0100,P013,2025-08-23,2,Beauty,850,500,20.0,1700,340.0,1360.0,1000,360.0,Cash on Delivery,Ahmedabad,Face Serum,Regular
O02157,C0342,P009,2025-08-15,1,Fashion,3500,2200,20.0,3500,700.0,2800.0,2200,600.0,UPI,Ahmedabad,Running Shoes,Regular
O02158,C0320,P002,2025-01-13,2,Electronics,5000,3500,10.0,10000,1000.0,9000.0,7000,2000.0,UPI,Mumbai,Smart Watch,Premium
O02159,C0214,P007,2025-11-09,1,Home,1000,600,0.0,1000,0.0,1000.0,600,400.0,Credit Card,Hyderabad,Table Lamp,Regular
O02160,C0278,P006,2025-02-18,1,Home,4800,3200,20.0,4800,960.0,3840.0,3200,640.0,UPI,Pune,Air Fryer,Regular
O02161,C0162,P005,2025-04-28,2,Home,4200,2800,5.0,8400,420.0,7980.0,5600,2380.0,Credit Card,Kolkata,Coffee Maker,Premium
O02162,C0439,P004,2025-02-23,4,Electronics,1200,700,15.0,4800,720.0,4080.0,2800,1280.0,UPI,Mumbai,Power Bank,Premium
O02163,C0157,P004,2025-05-18,2,Electronics,1200,700,0.0,2400,0.0,2400.0,1400,1000.0,Debit Card,Hyderabad,Power Bank,Premium
O02164,C0422,P006,2025-02-22,2,Home,4800,3200,10.0,9600,960.0,8640.0,6400,2240.0,UPI,Chennai,Air Fryer,Regular
O02165,C0251,P004,2025-02-13,1,Electronics,1200,700,25.0,1200,300.0,900.0,700,200.0,Credit Card,Mumbai,Power Bank,Budget
O02166,C0366,P005,2025-10-30,2,Home,4200,2800,0.0,8400,0.0,8400.0,5600,2800.0,Debit Card,Mumbai,Coffee Maker,Budget
O02167,C0097,P013,2025-02-22,3,Beauty,850,500,10.0,2550,255.0,2295.0,1500,795.0,Debit Card,Pune,Face Serum,Regular
O02168,C0018,P006,2025-03-15,4,Home,4800,3200,10.0,19200,1920.0,17280.0,12800,4480.0,Debit Card,Chennai,Air Fryer,Premium
O02169,C0327,P005,2025-02-15,2,Home,4200,2800,20.0,8400,1680.0,6720.0,5600,1120.0,Credit Card,Mumbai,Coffee Maker,Premium
O02170,C0449,P007,2025-01-13,2,Home,1000,600,20.0,2000,400.0,1600.0,1200,400.0,UPI,Pune,Table Lamp,Budget
O02171,C0383,P009,2025-06-14,3,Fashion,3500,2200,5.0,10500,525.0,9975.0,6600,3375.0,Credit Card,Pune,Running Shoes,Budget
O02172,C0097,P010,2025-04-12,4,Fashion,1800,1000,0.0,7200,0.0,7200.0,4000,3200.0,Debit Card,Pune,Backpack,Regular
O02173,C0001,P007,2025-10-07,1,Home,1000,600,15.0,1000,150.0,850.0,600,250.0,Debit Card,Delhi,Table Lamp,Regular
O02174,C0216,P007,2025-09-15,1,Home,1000,600,10.0,1000,100.0,900.0,600,300.0,UPI,Bengaluru,Table Lamp,Regular
O02175,C0132,P004,2025-12-03,1,Electronics,1200,700,15.0,1200,180.0,1020.0,700,320.0,UPI,Chennai,Power Bank,Regular
O02176,C0260,P001,2025-12-22,1,Electronics,2500,1800,0.0,2500,0.0,2500.0,1800,700.0,Debit Card,Mumbai,Wireless Headphones,Regular
O02177,C0125,P014,2025-05-18,2,Beauty,1500,900,0.0,3000,0.0,3000.0,1800,1200.0,UPI,Kolkata,Skin Care Kit,Premium
O02178,C0082,P008,2025-06-12,2,Home,1500,900,15.0,3000,450.0,2550.0,1800,750.0,UPI,Mumbai,Bedsheet Set,Premium
O02179,C0283,P004,2025-04-21,4,Electronics,1200,700,5.0,4800,240.0,4560.0,2800,1760.0,UPI,Pune,Power Bank,Regular
O02180,C0171,P001,2025-04-12,2,Electronics,2500,1800,20.0,5000,1000.0,4000.0,3600,400.0,Credit Card,Bengaluru,Wireless Headphones,Regular
O02181,C0059,P005,2025-01-17,1,Home,4200,2800,0.0,4200,0.0,4200.0,2800,1400.0,Cash on Delivery,Mumbai,Coffee Maker,Regular
O02182,C0032,P014,2025-09-25,4,Beauty,1500,900,5.0,6000,300.0,5700.0,3600,2100.0,Credit Card,Pune,Skin Care Kit,Regular
O02183,C0161,P014,2025-07-01,4,Beauty,1500,900,25.0,6000,1500.0,4500.0,3600,900.0,UPI,Pune,Skin Care Kit,Premium
O02184,C0284,P008,2025-01-24,2,Home,1500,900,10.0,3000,300.0,2700.0,1800,900.0,UPI,Kolkata,Bedsheet Set,Regular
O02185,C0106,P004,2025-01-29,1,Electronics,1200,700,15.0,1200,180.0,1020.0,700,320.0,UPI,Mumbai,Power Bank,Regular
O02186,C0105,P013,2025-06-20,1,Beauty,850,500,5.0,850,42.5,807.5,500,307.5,Credit Card,Hyderabad,Face Serum,Regular
O02187,C0439,P012,2025-08-16,1,Fashion,2100,1300,15.0,2100,315.0,1785.0,1300,485.0,Credit Card,Mumbai,Jeans,Premium
O02188,C0228,P008,2025-07-07,1,Home,1500,900,15.0,1500,225.0,1275.0,900,375.0,UPI,Pune,Bedsheet Set,Budget
O02189,C0188,P008,2025-12-12,2,Home,1500,900,10.0,3000,300.0,2700.0,1800,900.0,Credit Card,Kolkata,Bedsheet Set,Regular
O02190,C0070,P003,2025-08-18,1,Electronics,2200,1400,20.0,2200,440.0,1760.0,1400,360.0,Debit Card,Bengaluru,Bluetooth Speaker,Premium
O02191,C0318,P009,2025-11-17,1,Fashion,3500,2200,15.0,3500,525.0,2975.0,2200,775.0,UPI,Delhi,Running Shoes,Premium
O02192,C0464,P003,2025-12-06,4,Electronics,2200,1400,10.0,8800,880.0,7920.0,5600,2320.0,UPI,Chennai,Bluetooth Speaker,Regular
O02193,C0290,P001,2025-04-29,2,Electronics,2500,1800,15.0,5000,750.0,4250.0,3600,650.0,Cash on Delivery,Bengaluru,Wireless Headphones,Budget
O02194,C0087,P002,2025-06-05,2,Electronics,5000,3500,15.0,10000,1500.0,8500.0,7000,1500.0,UPI,Pune,Smart Watch,Regular
O02195,C0370,P015,2025-09-29,3,Beauty,2500,1600,5.0,7500,375.0,7125.0,4800,2325.0,Debit Card,Delhi,Hair Dryer,Budget
O02196,C0362,P006,2025-06-24,2,Home,4800,3200,10.0,9600,960.0,8640.0,6400,2240.0,Credit Card,Chennai,Air Fryer,Premium
O02197,C0472,P012,2025-04-14,2,Fashion,2100,1300,10.0,4200,420.0,3780.0,2600,1180.0,Debit Card,Delhi,Jeans,Regular
O02198,C0056,P010,2025-04-02,2,Fashion,1800,1000,10.0,3600,360.0,3240.0,2000,1240.0,Debit Card,Pune,Backpack,Premium
O02199,C0113,P002,2025-07-05,1,Electronics,5000,3500,15.0,5000,750.0,4250.0,3500,750.0,Credit Card,Chennai,Smart Watch,Regular
O02200,C0013,P006,2025-10-10,2,Home,4800,3200,10.0,9600,960.0,8640.0,6400,2240.0,Debit Card,Pune,Air Fryer,Regular
O02201,C0440,P014,2025-06-30,1,Beauty,1500,900,20.0,1500,300.0,1200.0,900,300.0,Cash on Delivery,Kolkata,Skin Care Kit,Regular
O02202,C0018,P001,2025-06-19,2,Electronics,2500,1800,5.0,5000,250.0,4750.0,3600,1150.0,Credit Card,Chennai,Wireless Headphones,Premium
O02203,C0182,P011,2025-07-06,2,Fashion,2000,1200,10.0,4000,400.0,3600.0,2400,1200.0,UPI,Mumbai,Hoodie,Regular
O02204,C0461,P013,2025-06-24,3,Beauty,850,500,15.0,2550,382.5,2167.5,1500,667.5,UPI,Kolkata,Face Serum,Budget
O02205,C0113,P001,2025-08-10,3,Electronics,2500,1800,10.0,7500,750.0,6750.0,5400,1350.0,Debit Card,Chennai,Wireless Headphones,Regular
O02206,C0229,P005,2025-08-21,1,Home,4200,2800,10.0,4200,420.0,3780.0,2800,980.0,Credit Card,Chennai,Coffee Maker,Regular
O02207,C0171,P010,2025-06-11,4,Fashion,1800,1000,0.0,7200,0.0,7200.0,4000,3200.0,UPI,Bengaluru,Backpack,Regular
O02208,C0295,P013,2025-05-14,2,Beauty,850,500,10.0,1700,170.0,1530.0,1000,530.0,UPI,Chennai,Face Serum,Regular
O02209,C0189,P011,2025-08-12,3,Fashion,2000,1200,5.0,6000,300.0,5700.0,3600,2100.0,Credit Card,Mumbai,Hoodie,Regular
O02210,C0426,P009,2025-06-02,2,Fashion,3500,2200,25.0,7000,1750.0,5250.0,4400,850.0,UPI,Pune,Running Shoes,Regular
O02211,C0465,P014,2025-02-02,4,Beauty,1500,900,10.0,6000,600.0,5400.0,3600,1800.0,Credit Card,Delhi,Skin Care Kit,Regular
O02212,C0079,P008,2025-02-24,3,Home,1500,900,20.0,4500,900.0,3600.0,2700,900.0,Debit Card,Delhi,Bedsheet Set,Budget
O02213,C0146,P003,2025-01-07,4,Electronics,2200,1400,15.0,8800,1320.0,7480.0,5600,1880.0,Credit Card,Mumbai,Bluetooth Speaker,Regular
O02214,C0407,P015,2025-09-01,2,Beauty,2500,1600,10.0,5000,500.0,4500.0,3200,1300.0,UPI,Bengaluru,Hair Dryer,Budget
O02215,C0182,P003,2025-11-09,2,Electronics,2200,1400,10.0,4400,440.0,3960.0,2800,1160.0,UPI,Mumbai,Bluetooth Speaker,Regular
O02216,C0499,P015,2025-05-06,2,Beauty,2500,1600,20.0,5000,1000.0,4000.0,3200,800.0,UPI,Mumbai,Hair Dryer,Budget
O02217,C0286,P001,2025-01-12,4,Electronics,2500,1800,20.0,10000,2000.0,8000.0,7200,800.0,UPI,Pune,Wireless Headphones,Regular
O02218,C0250,P014,2025-01-16,2,Beauty,1500,900,5.0,3000,150.0,2850.0,1800,1050.0,Credit Card,Chennai,Skin Care Kit,Budget
O02219,C0354,P003,2025-07-27,2,Electronics,2200,1400,10.0,4400,440.0,3960.0,2800,1160.0,Credit Card,Delhi,Bluetooth Speaker,Regular
O02220,C0314,P015,2025-02-12,1,Beauty,2500,1600,10.0,2500,250.0,2250.0,1600,650.0,UPI,Chennai,Hair Dryer,Regular
O02221,C0196,P014,2025-05-15,3,Beauty,1500,900,0.0,4500,0.0,4500.0,2700,1800.0,UPI,Chennai,Skin Care Kit,Regular
O02222,C0323,P012,2025-08-16,1,Fashion,2100,1300,15.0,2100,315.0,1785.0,1300,485.0,UPI,Pune,Jeans,Regular
O02223,C0071,P012,2025-04-21,2,Fashion,2100,1300,20.0,4200,840.0,3360.0,2600,760.0,Cash on Delivery,Kolkata,Jeans,Regular
O02224,C0248,P012,2025-11-03,4,Fashion,2100,1300,10.0,8400,840.0,7560.0,5200,2360.0,Credit Card,Ahmedabad,Jeans,Regular
O02225,C0146,P013,2025-06-09,3,Beauty,850,500,15.0,2550,382.5,2167.5,1500,667.5,Debit Card,Mumbai,Face Serum,Regular
O02226,C0106,P011,2025-11-27,1,Fashion,2000,1200,15.0,2000,300.0,1700.0,1200,500.0,Debit Card,Mumbai,Hoodie,Regular
O02227,C0263,P001,2025-09-21,2,Electronics,2500,1800,10.0,5000,500.0,4500.0,3600,900.0,Credit Card,Bengaluru,Wireless Headphones,Regular
O02228,C0296,P008,2025-08-13,4,Home,1500,900,0.0,6000,0.0,6000.0,3600,2400.0,Debit Card,Mumbai,Bedsheet Set,Budget
O02229,C0070,P001,2025-08-05,1,Electronics,2500,1800,15.0,2500,375.0,2125.0,1800,325.0,UPI,Bengaluru,Wireless Headphones,Premium
O02230,C0470,P005,2025-02-14,4,Home,4200,2800,20.0,16800,3360.0,13440.0,11200,2240.0,Credit Card,Delhi,Coffee Maker,Regular
O02231,C0193,P009,2025-08-02,2,Fashion,3500,2200,15.0,7000,1050.0,5950.0,4400,1550.0,UPI,Ahmedabad,Running Shoes,Regular
O02232,C0068,P007,2025-02-28,1,Home,1000,600,0.0,1000,0.0,1000.0,600,400.0,Debit Card,Delhi,Table Lamp,Premium
O02233,C0494,P004,2025-05-12,4,Electronics,1200,700,5.0,4800,240.0,4560.0,2800,1760.0,UPI,Kolkata,Power Bank,Regular
O02234,C0305,P011,2025-04-14,2,Fashion,2000,1200,0.0,4000,0.0,4000.0,2400,1600.0,Debit Card,Ahmedabad,Hoodie,Regular
O02235,C0052,P009,2025-07-14,1,Fashion,3500,2200,15.0,3500,525.0,2975.0,2200,775.0,UPI,Hyderabad,Running Shoes,Regular
O02236,C0370,P009,2025-06-06,2,Fashion,3500,2200,15.0,7000,1050.0,5950.0,4400,1550.0,Debit Card,Delhi,Running Shoes,Budget
O02237,C0363,P002,2025-04-08,2,Electronics,5000,3500,0.0,10000,0.0,10000.0,7000,3000.0,UPI,Kolkata,Smart Watch,Budget
O02238,C0285,P010,2025-08-14,4,Fashion,1800,1000,20.0,7200,1440.0,5760.0,4000,1760.0,Credit Card,Pune,Backpack,Regular
O02239,C0405,P010,2025-07-24,1,Fashion,1800,1000,15.0,1800,270.0,1530.0,1000,530.0,Credit Card,Bengaluru,Backpack,Regular
O02240,C0474,P011,2025-03-20,2,Fashion,2000,1200,15.0,4000,600.0,3400.0,2400,1000.0,UPI,Bengaluru,Hoodie,Premium
O02241,C0334,P012,2025-05-04,1,Fashion,2100,1300,25.0,2100,525.0,1575.0,1300,275.0,Credit Card,Pune,Jeans,Regular
O02242,C0009,P006,2025-08-06,2,Home,4800,3200,0.0,9600,0.0,9600.0,6400,3200.0,Cash on Delivery,Pune,Air Fryer,Regular
O02243,C0251,P004,2025-01-04,1,Electronics,1200,700,20.0,1200,240.0,960.0,700,260.0,UPI,Mumbai,Power Bank,Budget
O02244,C0431,P008,2025-03-31,1,Home,1500,900,0.0,1500,0.0,1500.0,900,600.0,Cash on Delivery,Delhi,Bedsheet Set,Regular
O02245,C0332,P012,2025-04-14,4,Fashion,2100,1300,10.0,8400,840.0,7560.0,5200,2360.0,Credit Card,Kolkata,Jeans,Regular
O02246,C0298,P011,2025-04-29,2,Fashion,2000,1200,20.0,4000,800.0,3200.0,2400,800.0,Debit Card,Pune,Hoodie,Premium
O02247,C0435,P007,2025-05-13,1,Home,1000,600,20.0,1000,200.0,800.0,600,200.0,UPI,Pune,Table Lamp,Regular
O02248,C0184,P007,2025-11-08,2,Home,1000,600,10.0,2000,200.0,1800.0,1200,600.0,Credit Card,Chennai,Table Lamp,Budget
O02249,C0179,P011,2025-04-06,2,Fashion,2000,1200,15.0,4000,600.0,3400.0,2400,1000.0,Debit Card,Chennai,Hoodie,Budget
O02250,C0198,P010,2025-11-27,2,Fashion,1800,1000,15.0,3600,540.0,3060.0,2000,1060.0,UPI,Ahmedabad,Backpack,Premium
O02251,C0128,P009,2025-05-23,1,Fashion,3500,2200,20.0,3500,700.0,2800.0,2200,600.0,Credit Card,Pune,Running Shoes,Budget
O02252,C0020,P013,2025-10-15,4,Beauty,850,500,0.0,3400,0.0,3400.0,2000,1400.0,UPI,Mumbai,Face Serum,Budget
O02253,C0472,P005,2025-01-28,1,Home,4200,2800,20.0,4200,840.0,3360.0,2800,560.0,UPI,Delhi,Coffee Maker,Regular
O02254,C0411,P006,2025-10-05,2,Home,4800,3200,10.0,9600,960.0,8640.0,6400,2240.0,Credit Card,Delhi,Air Fryer,Budget
O02255,C0422,P001,2025-08-21,1,Electronics,2500,1800,10.0,2500,250.0,2250.0,1800,450.0,Debit Card,Chennai,Wireless Headphones,Regular
O02256,C0328,P006,2025-01-17,3,Home,4800,3200,10.0,14400,1440.0,12960.0,9600,3360.0,Credit Card,Mumbai,Air Fryer,Regular
O02257,C0065,P002,2025-02-28,3,Electronics,5000,3500,10.0,15000,1500.0,13500.0,10500,3000.0,UPI,Kolkata,Smart Watch,Regular
O02258,C0182,P006,2025-03-31,2,Home,4800,3200,20.0,9600,1920.0,7680.0,6400,1280.0,UPI,Mumbai,Air Fryer,Regular
O02259,C0241,P009,2025-07-18,4,Fashion,3500,2200,10.0,14000,1400.0,12600.0,8800,3800.0,UPI,Ahmedabad,Running Shoes,Regular
O02260,C0369,P008,2025-12-28,1,Home,1500,900,25.0,1500,375.0,1125.0,900,225.0,Credit Card,Hyderabad,Bedsheet Set,Regular
O02261,C0024,P009,2025-01-26,3,Fashion,3500,2200,5.0,10500,525.0,9975.0,6600,3375.0,Debit Card,Mumbai,Running Shoes,Regular
O02262,C0384,P013,2025-01-25,1,Beauty,850,500,15.0,850,127.5,722.5,500,222.5,Debit Card,Chennai,Face Serum,Regular
O02263,C0431,P015,2025-10-28,1,Beauty,2500,1600,20.0,2500,500.0,2000.0,1600,400.0,UPI,Delhi,Hair Dryer,Regular
O02264,C0455,P010,2025-12-05,2,Fashion,1800,1000,15.0,3600,540.0,3060.0,2000,1060.0,Debit Card,Mumbai,Backpack,Regular
O02265,C0083,P008,2025-09-24,3,Home,1500,900,15.0,4500,675.0,3825.0,2700,1125.0,Credit Card,Pune,Bedsheet Set,Premium
O02266,C0470,P003,2025-06-30,1,Electronics,2200,1400,15.0,2200,330.0,1870.0,1400,470.0,Debit Card,Delhi,Bluetooth Speaker,Regular
O02267,C0319,P008,2025-12-26,2,Home,1500,900,20.0,3000,600.0,2400.0,1800,600.0,UPI,Hyderabad,Bedsheet Set,Regular
O02268,C0185,P006,2025-03-09,1,Home,4800,3200,20.0,4800,960.0,3840.0,3200,640.0,Credit Card,Chennai,Air Fryer,Regular
O02269,C0439,P013,2025-12-17,2,Beauty,850,500,0.0,1700,0.0,1700.0,1000,700.0,UPI,Mumbai,Face Serum,Premium
O02270,C0316,P006,2025-11-17,2,Home,4800,3200,20.0,9600,1920.0,7680.0,6400,1280.0,UPI,Bengaluru,Air Fryer,Regular
O02271,C0099,P006,2025-02-18,1,Home,4800,3200,10.0,4800,480.0,4320.0,3200,1120.0,UPI,Bengaluru,Air Fryer,Regular
O02272,C0062,P003,2025-06-24,2,Electronics,2200,1400,5.0,4400,220.0,4180.0,2800,1380.0,UPI,Pune,Bluetooth Speaker,Regular
O02273,C0286,P010,2025-02-21,2,Fashion,1800,1000,20.0,3600,720.0,2880.0,2000,880.0,UPI,Pune,Backpack,Regular
O02274,C0477,P001,2025-04-12,1,Electronics,2500,1800,10.0,2500,250.0,2250.0,1800,450.0,UPI,Kolkata,Wireless Headphones,Regular
O02275,C0022,P012,2025-08-04,1,Fashion,2100,1300,20.0,2100,420.0,1680.0,1300,380.0,UPI,Hyderabad,Jeans,Regular
O02276,C0459,P014,2025-07-07,1,Beauty,1500,900,5.0,1500,75.0,1425.0,900,525.0,Credit Card,Kolkata,Skin Care Kit,Regular
O02277,C0212,P004,2025-02-26,1,Electronics,1200,700,0.0,1200,0.0,1200.0,700,500.0,UPI,Pune,Power Bank,Budget
O02278,C0126,P010,2025-02-16,1,Fashion,1800,1000,10.0,1800,180.0,1620.0,1000,620.0,Credit Card,Chennai,Backpack,Budget
O02279,C0413,P012,2025-06-08,2,Fashion,2100,1300,0.0,4200,0.0,4200.0,2600,1600.0,UPI,Delhi,Jeans,Budget
O02280,C0499,P006,2025-06-23,4,Home,4800,3200,15.0,19200,2880.0,16320.0,12800,3520.0,Cash on Delivery,Mumbai,Air Fryer,Budget
O02281,C0425,P011,2025-08-30,1,Fashion,2000,1200,5.0,2000,100.0,1900.0,1200,700.0,Cash on Delivery,Mumbai,Hoodie,Regular
O02282,C0042,P012,2025-10-09,1,Fashion,2100,1300,10.0,2100,210.0,1890.0,1300,590.0,UPI,Hyderabad,Jeans,Premium
O02283,C0098,P010,2025-08-29,4,Fashion,1800,1000,0.0,7200,0.0,7200.0,4000,3200.0,Credit Card,Chennai,Backpack,Regular
O02284,C0449,P002,2025-01-05,4,Electronics,5000,3500,5.0,20000,1000.0,19000.0,14000,5000.0,UPI,Pune,Smart Watch,Budget
O02285,C0031,P007,2025-03-25,4,Home,1000,600,15.0,4000,600.0,3400.0,2400,1000.0,Cash on Delivery,Hyderabad,Table Lamp,Regular
O02286,C0158,P007,2025-11-04,1,Home,1000,600,5.0,1000,50.0,950.0,600,350.0,Credit Card,Pune,Table Lamp,Budget
O02287,C0112,P011,2025-12-27,1,Fashion,2000,1200,15.0,2000,300.0,1700.0,1200,500.0,UPI,Hyderabad,Hoodie,Regular
O02288,C0402,P004,2025-09-05,1,Electronics,1200,700,20.0,1200,240.0,960.0,700,260.0,UPI,Hyderabad,Power Bank,Premium
O02289,C0247,P004,2025-02-23,2,Electronics,1200,700,15.0,2400,360.0,2040.0,1400,640.0,UPI,Kolkata,Power Bank,Regular
O02290,C0122,P015,2025-06-10,4,Beauty,2500,1600,20.0,10000,2000.0,8000.0,6400,1600.0,UPI,Delhi,Hair Dryer,Premium
O02291,C0273,P001,2025-08-14,4,Electronics,2500,1800,0.0,10000,0.0,10000.0,7200,2800.0,Credit Card,Ahmedabad,Wireless Headphones,Premium
O02292,C0294,P013,2025-01-15,1,Beauty,850,500,5.0,850,42.5,807.5,500,307.5,Credit Card,Mumbai,Face Serum,Regular
O02293,C0398,P002,2025-08-12,1,Electronics,5000,3500,20.0,5000,1000.0,4000.0,3500,500.0,UPI,Ahmedabad,Smart Watch,Regular
O02294,C0471,P009,2025-03-02,2,Fashion,3500,2200,15.0,7000,1050.0,5950.0,4400,1550.0,UPI,Pune,Running Shoes,Regular
O02295,C0473,P010,2025-05-02,1,Fashion,1800,1000,15.0,1800,270.0,1530.0,1000,530.0,UPI,Chennai,Backpack,Premium
O02296,C0207,P008,2025-10-04,3,Home,1500,900,15.0,4500,675.0,3825.0,2700,1125.0,UPI,Delhi,Bedsheet Set,Regular
O02297,C0110,P008,2025-02-15,2,Home,1500,900,10.0,3000,300.0,2700.0,1800,900.0,Debit Card,Pune,Bedsheet Set,Budget
O02298,C0440,P009,2025-10-21,4,Fashion,3500,2200,0.0,14000,0.0,14000.0,8800,5200.0,UPI,Kolkata,Running Shoes,Regular
O02299,C0278,P015,2025-03-03,2,Beauty,2500,1600,15.0,5000,750.0,4250.0,3200,1050.0,Credit Card,Pune,Hair Dryer,Regular
O02300,C0451,P007,2025-03-27,1,Home,1000,600,15.0,1000,150.0,850.0,600,250.0,UPI,Delhi,Table Lamp,Premium
O02301,C0056,P013,2025-07-29,2,Beauty,850,500,10.0,1700,170.0,1530.0,1000,530.0,UPI,Pune,Face Serum,Premium
O02302,C0375,P009,2025-03-19,1,Fashion,3500,2200,20.0,3500,700.0,2800.0,2200,600.0,Credit Card,Hyderabad,Running Shoes,Regular
O02303,C0403,P010,2025-07-21,1,Fashion,1800,1000,10.0,1800,180.0,1620.0,1000,620.0,Credit Card,Ahmedabad,Backpack,Budget
O02304,C0057,P012,2025-10-29,2,Fashion,2100,1300,5.0,4200,210.0,3990.0,2600,1390.0,UPI,Kolkata,Jeans,Regular
O02305,C0428,P002,2025-08-11,1,Electronics,5000,3500,20.0,5000,1000.0,4000.0,3500,500.0,Unknown,Hyderabad,Smart Watch,Regular
O02306,C0482,P006,2025-08-10,1,Home,4800,3200,15.0,4800,720.0,4080.0,3200,880.0,Credit Card,Bengaluru,Air Fryer,Budget
O02307,C0291,P015,2025-01-03,1,Beauty,2500,1600,10.0,2500,250.0,2250.0,1600,650.0,UPI,Mumbai,Hair Dryer,Budget
O02308,C0114,P003,2025-01-06,3,Electronics,2200,1400,0.0,6600,0.0,6600.0,4200,2400.0,Credit Card,Hyderabad,Bluetooth Speaker,Premium
O02309,C0381,P011,2025-04-03,1,Fashion,2000,1200,5.0,2000,100.0,1900.0,1200,700.0,Credit Card,Pune,Hoodie,Budget
O02310,C0385,P015,2025-01-08,1,Beauty,2500,1600,15.0,2500,375.0,2125.0,1600,525.0,UPI,Bengaluru,Hair Dryer,Budget
O02311,C0308,P006,2025-08-23,4,Home,4800,3200,10.0,19200,1920.0,17280.0,12800,4480.0,Credit Card,Kolkata,Air Fryer,Premium
O02312,C0341,P003,2025-04-18,1,Electronics,2200,1400,20.0,2200,440.0,1760.0,1400,360.0,UPI,Chennai,Bluetooth Speaker,Regular
O02313,C0477,P008,2025-06-10,2,Home,1500,900,20.0,3000,600.0,2400.0,1800,600.0,UPI,Kolkata,Bedsheet Set,Regular
O02314,C0198,P015,2025-07-28,4,Beauty,2500,1600,20.0,10000,2000.0,8000.0,6400,1600.0,Credit Card,Ahmedabad,Hair Dryer,Premium
O02315,C0421,P011,2025-08-28,1,Fashion,2000,1200,10.0,2000,200.0,1800.0,1200,600.0,Debit Card,Pune,Hoodie,Premium
O02316,C0321,P015,2025-11-27,4,Beauty,2500,1600,15.0,10000,1500.0,8500.0,6400,2100.0,Debit Card,Chennai,Hair Dryer,Regular
O02317,C0179,P013,2025-11-29,3,Beauty,850,500,10.0,2550,255.0,2295.0,1500,795.0,UPI,Chennai,Face Serum,Budget
O02318,C0385,P004,2025-02-19,1,Electronics,1200,700,10.0,1200,60.0,1140.0,700,440.0,UPI,Bengaluru,Power Bank,Budget
O02319,C0219,P012,2025-01-11,2,Fashion,2100,1300,0.0,4200,0.0,4200.0,2600,1600.0,Credit Card,Mumbai,Jeans,Premium
O02320,C0277,P010,2025-12-17,1,Fashion,1800,1000,10.0,1800,180.0,1620.0,1000,620.0,UPI,Mumbai,Backpack,Premium
O02321,C0437,P006,2025-06-05,3,Home,4800,3200,20.0,14400,2880.0,11520.0,9600,1920.0,Debit Card,Mumbai,Air Fryer,Regular
O02322,C0016,P015,2025-03-11,4,Beauty,2500,1600,5.0,10000,500.0,9500.0,6400,3100.0,Debit Card,Bengaluru,Hair Dryer,Regular
O02323,C0492,P009,2025-06-18,1,Fashion,3500,2200,5.0,3500,175.0,3325.0,2200,1125.0,Cash on Delivery,Ahmedabad,Running Shoes,Regular
O02324,C0379,P002,2025-09-29,1,Electronics,5000,3500,25.0,5000,1250.0,3750.0,3500,250.0,UPI,Delhi,Smart Watch,Premium
O02325,C0061,P002,2025-03-09,1,Electronics,5000,3500,0.0,5000,0.0,5000.0,3500,1500.0,UPI,Pune,Smart Watch,Regular
O02326,C0054,P007,2025-12-21,1,Home,1000,600,15.0,1000,150.0,850.0,600,250.0,Debit Card,Pune,Table Lamp,Premium
O02327,C0168,P015,2025-09-09,2,Beauty,2500,1600,10.0,5000,500.0,4500.0,3200,1300.0,Credit Card,Hyderabad,Hair Dryer,Regular
O02328,C0026,P002,2025-02-17,1,Electronics,5000,3500,0.0,5000,0.0,5000.0,3500,1500.0,Debit Card,Pune,Smart Watch,Regular
O02329,C0336,P002,2025-07-03,4,Electronics,5000,3500,20.0,20000,4000.0,16000.0,14000,2000.0,UPI,Chennai,Smart Watch,Regular
O02330,C0476,P004,2025-11-16,4,Electronics,1200,700,0.0,4800,0.0,4800.0,2800,2000.0,Credit Card,Bengaluru,Power Bank,Budget
O02331,C0065,P009,2025-07-06,2,Fashion,3500,2200,15.0,7000,1050.0,5950.0,4400,1550.0,Credit Card,Kolkata,Running Shoes,Regular
O02332,C0100,P008,2025-03-31,2,Home,1500,900,5.0,3000,150.0,2850.0,1800,1050.0,UPI,Ahmedabad,Bedsheet Set,Regular
O02333,C0074,P002,2025-11-28,1,Electronics,5000,3500,0.0,5000,0.0,5000.0,3500,1500.0,Credit Card,Bengaluru,Smart Watch,Budget
O02334,C0192,P008,2025-05-19,1,Home,1500,900,0.0,1500,0.0,1500.0,900,600.0,Credit Card,Delhi,Bedsheet Set,Regular
O02335,C0171,P004,2025-12-23,1,Electronics,1200,700,0.0,1200,0.0,1200.0,700,500.0,UPI,Bengaluru,Power Bank,Regular
O02336,C0273,P002,2025-03-30,1,Electronics,5000,3500,0.0,5000,0.0,5000.0,3500,1500.0,UPI,Ahmedabad,Smart Watch,Premium
O02337,C0377,P011,2025-10-01,3,Fashion,2000,1200,15.0,6000,900.0,5100.0,3600,1500.0,Credit Card,Ahmedabad,Hoodie,Budget
O02338,C0187,P010,2025-01-19,3,Fashion,1800,1000,10.0,5400,540.0,4860.0,3000,1860.0,Credit Card,Ahmedabad,Backpack,Premium
O02339,C0023,P007,2025-11-07,3,Home,1000,600,10.0,3000,300.0,2700.0,1800,900.0,Debit Card,Ahmedabad,Table Lamp,Regular
O02340,C0391,P006,2025-12-24,2,Home,4800,3200,10.0,9600,960.0,8640.0,6400,2240.0,UPI,Mumbai,Air Fryer,Regular
O02341,C0428,P014,2025-06-03,1,Beauty,1500,900,20.0,1500,300.0,1200.0,900,300.0,UPI,Hyderabad,Skin Care Kit,Regular
O02342,C0181,P010,2025-09-17,1,Fashion,1800,1000,20.0,1800,360.0,1440.0,1000,440.0,Cash on Delivery,Kolkata,Backpack,Regular
O02343,C0327,P005,2025-04-18,2,Home,4200,2800,15.0,8400,1260.0,7140.0,5600,1540.0,Cash on Delivery,Mumbai,Coffee Maker,Premium
O02344,C0108,P011,2025-10-12,4,Fashion,2000,1200,20.0,8000,1600.0,6400.0,4800,1600.0,UPI,Kolkata,Hoodie,Premium
O02345,C0335,P001,2025-02-28,3,Electronics,2500,1800,10.0,7500,750.0,6750.0,5400,1350.0,Debit Card,Pune,Wireless Headphones,Premium
O02346,C0162,P002,2025-05-05,2,Electronics,5000,3500,10.0,10000,1000.0,9000.0,7000,2000.0,UPI,Kolkata,Smart Watch,Premium
O02347,C0302,P008,2025-12-20,2,Home,1500,900,15.0,3000,450.0,2550.0,1800,750.0,UPI,Mumbai,Bedsheet Set,Budget
O02348,C0493,P001,2025-09-30,1,Electronics,2500,1800,15.0,2500,375.0,2125.0,1800,325.0,UPI,Mumbai,Wireless Headphones,Premium
O02349,C0452,P003,2025-04-17,2,Electronics,2200,1400,10.0,4400,440.0,3960.0,2800,1160.0,UPI,Hyderabad,Bluetooth Speaker,Regular
O02350,C0206,P002,2025-10-26,1,Electronics,5000,3500,10.0,5000,500.0,4500.0,3500,1000.0,Debit Card,Ahmedabad,Smart Watch,Budget
O02351,C0078,P005,2025-09-02,2,Home,4200,2800,25.0,8400,2100.0,6300.0,5600,700.0,Debit Card,Mumbai,Coffee Maker,Premium
O02352,C0016,P004,2025-12-02,1,Electronics,1200,700,20.0,1200,240.0,960.0,700,260.0,Cash on Delivery,Bengaluru,Power Bank,Regular
O02353,C0327,P013,2025-09-04,1,Beauty,850,500,10.0,850,85.0,765.0,500,265.0,Debit Card,Mumbai,Face Serum,Premium
O02354,C0096,P007,2025-01-08,1,Home,1000,600,15.0,1000,150.0,850.0,600,250.0,UPI,Pune,Table Lamp,Budget
O02355,C0147,P005,2025-05-21,1,Home,4200,2800,5.0,4200,210.0,3990.0,2800,1190.0,Credit Card,Kolkata,Coffee Maker,Regular
O02356,C0002,P008,2025-12-28,2,Home,1500,900,0.0,3000,0.0,3000.0,1800,1200.0,Cash on Delivery,Mumbai,Bedsheet Set,Regular
O02357,C0010,P004,2025-01-08,2,Electronics,1200,700,10.0,2400,240.0,2160.0,1400,760.0,Debit Card,Hyderabad,Power Bank,Regular
O02358,C0434,P015,2025-12-18,1,Beauty,2500,1600,10.0,2500,250.0,2250.0,1600,650.0,Debit Card,Delhi,Hair Dryer,Regular
O02359,C0125,P012,2025-04-04,2,Fashion,2100,1300,0.0,4200,0.0,4200.0,2600,1600.0,Cash on Delivery,Kolkata,Jeans,Premium
O02360,C0081,P006,2025-11-17,1,Home,4800,3200,20.0,4800,960.0,3840.0,3200,640.0,UPI,Hyderabad,Air Fryer,Regular
O02361,C0485,P004,2025-02-08,2,Electronics,1200,700,10.0,2400,240.0,2160.0,1400,760.0,Debit Card,Pune,Power Bank,Regular
O02362,C0140,P002,2025-03-22,1,Electronics,5000,3500,15.0,5000,750.0,4250.0,3500,750.0,Debit Card,Kolkata,Smart Watch,Regular
O02363,C0326,P001,2025-07-06,4,Electronics,2500,1800,0.0,10000,0.0,10000.0,7200,2800.0,Cash on Delivery,Bengaluru,Wireless Headphones,Regular
O02364,C0150,P014,2025-03-25,1,Beauty,1500,900,5.0,1500,75.0,1425.0,900,525.0,UPI,,Skin Care Kit,Premium
O02365,C0288,P014,2025-03-29,3,Beauty,1500,900,20.0,4500,900.0,3600.0,2700,900.0,Credit Card,Delhi,Skin Care Kit,Regular
O02366,C0361,P001,2025-08-30,4,Electronics,2500,1800,15.0,10000,1500.0,8500.0,7200,1300.0,Credit Card,Hyderabad,Wireless Headphones,Budget
O02367,C0340,P008,2025-12-08,1,Home,1500,900,25.0,1500,375.0,1125.0,900,225.0,UPI,Kolkata,Bedsheet Set,Premium
O02368,C0129,P014,2025-04-03,3,Beauty,1500,900,25.0,4500,1125.0,3375.0,2700,675.0,Credit Card,Pune,Skin Care Kit,Regular
O02369,C0438,P004,2025-03-27,2,Electronics,1200,700,10.0,2400,240.0,2160.0,1400,760.0,UPI,Delhi,Power Bank,Budget
O02370,C0239,P005,2025-02-13,1,Home,4200,2800,5.0,4200,210.0,3990.0,2800,1190.0,UPI,Delhi,Coffee Maker,Regular
O02371,C0058,P011,2025-05-17,3,Fashion,2000,1200,20.0,6000,1200.0,4800.0,3600,1200.0,UPI,Ahmedabad,Hoodie,Regular
O02372,C0198,P008,2025-03-15,2,Home,1500,900,25.0,3000,750.0,2250.0,1800,450.0,Credit Card,Ahmedabad,Bedsheet Set,Premium
O02373,C0211,P012,2025-02-05,3,Fashion,2100,1300,15.0,6300,945.0,5355.0,3900,1455.0,UPI,Hyderabad,Jeans,Regular
O02374,C0402,P015,2025-04-11,1,Beauty,2500,1600,15.0,2500,375.0,2125.0,1600,525.0,Credit Card,Hyderabad,Hair Dryer,Premium
O02375,C0390,P007,2025-06-05,1,Home,1000,600,15.0,1000,150.0,850.0,600,250.0,UPI,Kolkata,Table Lamp,Premium
O02376,C0045,P013,2025-09-12,1,Beauty,850,500,10.0,850,85.0,765.0,500,265.0,UPI,Kolkata,Face Serum,Premium
O02377,C0097,P008,2025-06-20,1,Home,1500,900,15.0,1500,225.0,1275.0,900,375.0,UPI,Pune,Bedsheet Set,Regular
O02378,C0279,P013,2025-08-04,1,Beauty,850,500,20.0,850,170.0,680.0,500,180.0,UPI,Kolkata,Face Serum,Budget
O02379,C0023,P008,2025-06-19,1,Home,1500,900,15.0,1500,225.0,1275.0,900,375.0,Credit Card,Ahmedabad,Bedsheet Set,Regular
O02380,C0410,P006,2025-09-09,4,Home,4800,3200,0.0,19200,0.0,19200.0,12800,6400.0,Debit Card,Ahmedabad,Air Fryer,Regular
O02381,C0461,P010,2025-12-26,1,Fashion,1800,1000,10.0,1800,180.0,1620.0,1000,620.0,UPI,Kolkata,Backpack,Budget
O02382,C0391,P002,2025-11-18,4,Electronics,5000,3500,0.0,20000,0.0,20000.0,14000,6000.0,UPI,Mumbai,Smart Watch,Regular
O02383,C0335,P006,2025-02-24,1,Home,4800,3200,5.0,4800,240.0,4560.0,3200,1360.0,Debit Card,Pune,Air Fryer,Premium
O02384,C0044,P014,2025-04-01,1,Beauty,1500,900,20.0,1500,300.0,1200.0,900,300.0,UPI,Delhi,Skin Care Kit,Premium
O02385,C0027,P001,2025-10-05,2,Electronics,2500,1800,0.0,5000,0.0,5000.0,3600,1400.0,Cash on Delivery,Bengaluru,Wireless Headphones,Regular
O02386,C0282,P001,2025-04-11,2,Electronics,2500,1800,5.0,5000,250.0,4750.0,3600,1150.0,Debit Card,Bengaluru,Wireless Headphones,Premium
O02387,C0097,P011,2025-06-04,2,Fashion,2000,1200,10.0,4000,400.0,3600.0,2400,1200.0,UPI,Pune,Hoodie,Regular
O02388,C0463,P003,2025-12-15,2,Electronics,2200,1400,15.0,4400,660.0,3740.0,2800,940.0,UPI,Chennai,Bluetooth Speaker,Budget
O02389,C0036,P003,2025-12-30,1,Electronics,2200,1400,10.0,2200,220.0,1980.0,1400,580.0,Credit Card,Mumbai,Bluetooth Speaker,Regular
O02390,C0109,P011,2025-05-21,1,Fashion,2000,1200,5.0,2000,100.0,1900.0,1200,700.0,UPI,Mumbai,Hoodie,Regular
O02391,C0055,P013,2025-06-22,1,Beauty,850,500,5.0,850,42.5,807.5,500,307.5,UPI,Hyderabad,Face Serum,Regular
O02392,C0192,P005,2025-01-10,1,Home,4200,2800,5.0,4200,210.0,3990.0,2800,1190.0,UPI,Delhi,Coffee Maker,Regular
O02393,C0219,P001,2025-08-16,2,Electronics,2500,1800,10.0,5000,500.0,4500.0,3600,900.0,Debit Card,Mumbai,Wireless Headphones,Premium
O02394,C0185,P010,2025-09-22,4,Fashion,1800,1000,5.0,7200,360.0,6840.0,4000,2840.0,Credit Card,Chennai,Backpack,Regular
O02395,C0069,P006,2025-09-05,1,Home,4800,3200,20.0,4800,960.0,3840.0,3200,640.0,UPI,Pune,Air Fryer,Premium
O02396,C0317,P007,2025-09-04,2,Home,1000,600,10.0,2000,200.0,1800.0,1200,600.0,Credit Card,Bengaluru,Table Lamp,Regular
O02397,C0130,P010,2025-06-04,1,Fashion,1800,1000,0.0,1800,0.0,1800.0,1000,800.0,UPI,Delhi,Backpack,Budget
O02398,C0055,P012,2025-02-03,2,Fashion,2100,1300,15.0,4200,630.0,3570.0,2600,970.0,Credit Card,Hyderabad,Jeans,Regular
O02399,C0378,P013,2025-05-09,2,Beauty,850,500,10.0,1700,170.0,1530.0,1000,530.0,UPI,Pune,Face Serum,Regular
O02400,C0097,P011,2025-06-09,1,Fashion,2000,1200,15.0,2000,300.0,1700.0,1200,500.0,Credit Card,Pune,Hoodie,Regular
O02401,C0336,P003,2025-03-30,2,Electronics,2200,1400,5.0,4400,220.0,4180.0,2800,1380.0,Cash on Delivery,Chennai,Bluetooth Speaker,Regular
O02402,C0087,P004,2025-04-03,1,Electronics,1200,700,15.0,1200,180.0,1020.0,700,320.0,UPI,Pune,Power Bank,Regular
O02403,C0294,P010,2025-11-23,1,Fashion,1800,1000,15.0,1800,270.0,1530.0,1000,530.0,UPI,Mumbai,Backpack,Regular
O02404,C0119,P011,2025-08-29,2,Fashion,2000,1200,20.0,4000,800.0,3200.0,2400,800.0,UPI,Chennai,Hoodie,Regular
O02405,C0208,P010,2025-11-19,2,Fashion,1800,1000,5.0,3600,180.0,3420.0,2000,1420.0,UPI,Hyderabad,Backpack,Premium
O02406,C0334,P014,2025-04-27,3,Beauty,1500,900,10.0,4500,450.0,4050.0,2700,1350.0,UPI,Pune,Skin Care Kit,Regular
O02407,C0413,P012,2025-04-04,1,Fashion,2100,1300,10.0,2100,210.0,1890.0,1300,590.0,Debit Card,Delhi,Jeans,Budget
O02408,C0154,P015,2025-06-12,1,Beauty,2500,1600,20.0,2500,500.0,2000.0,1600,400.0,Cash on Delivery,Pune,Hair Dryer,Budget
O02409,C0035,P010,2025-04-09,1,Fashion,1800,1000,20.0,1800,360.0,1440.0,1000,440.0,UPI,Hyderabad,Backpack,Regular
O02410,C0079,P014,2025-04-23,2,Beauty,1500,900,0.0,3000,0.0,3000.0,1800,1200.0,Credit Card,Delhi,Skin Care Kit,Budget
O02411,C0067,P010,2025-12-25,2,Fashion,1800,1000,0.0,3600,0.0,3600.0,2000,1600.0,Credit Card,Kolkata,Backpack,Regular
O02412,C0343,P010,2025-04-01,2,Fashion,1800,1000,10.0,3600,360.0,3240.0,2000,1240.0,Credit Card,Hyderabad,Backpack,Premium
O02413,C0413,P003,2025-12-12,4,Electronics,2200,1400,0.0,8800,0.0,8800.0,5600,3200.0,UPI,Delhi,Bluetooth Speaker,Budget
O02414,C0034,P001,2025-07-25,1,Electronics,2500,1800,10.0,2500,250.0,2250.0,1800,450.0,UPI,Bengaluru,Wireless Headphones,Budget
O02415,C0097,P008,2025-01-17,1,Home,1500,900,0.0,1500,0.0,1500.0,900,600.0,Credit Card,Pune,Bedsheet Set,Regular
O02416,C0169,P013,2025-10-01,2,Beauty,850,500,15.0,1700,255.0,1445.0,1000,445.0,UPI,Pune,Face Serum,Budget
O02417,C0169,P010,2025-06-22,1,Fashion,1800,1000,20.0,1800,360.0,1440.0,1000,440.0,Debit Card,Pune,Backpack,Budget
O02418,C0151,P010,2025-04-26,1,Fashion,1800,1000,25.0,1800,450.0,1350.0,1000,350.0,Debit Card,Ahmedabad,Backpack,Regular
O02419,C0071,P002,2025-12-15,1,Electronics,5000,3500,10.0,5000,500.0,4500.0,3500,1000.0,UPI,Kolkata,Smart Watch,Regular
O02420,C0003,P001,2025-06-30,3,Electronics,2500,1800,15.0,7500,1125.0,6375.0,5400,975.0,UPI,Kolkata,Wireless Headphones,Regular
O02421,C0314,P014,2025-04-01,1,Beauty,1500,900,20.0,1500,300.0,1200.0,900,300.0,Cash on Delivery,Chennai,Skin Care Kit,Regular
O02422,C0032,P008,2025-03-23,1,Home,1500,900,0.0,1500,0.0,1500.0,900,600.0,Credit Card,Pune,Bedsheet Set,Regular
O02423,C0287,P007,2025-11-20,2,Home,1000,600,15.0,2000,300.0,1700.0,1200,500.0,Debit Card,Pune,Table Lamp,Premium
O02424,C0082,P007,2025-04-24,2,Home,1000,600,10.0,2000,200.0,1800.0,1200,600.0,UPI,Mumbai,Table Lamp,Premium
O02425,C0043,P004,2025-09-14,1,Electronics,1200,700,5.0,1200,60.0,1140.0,700,440.0,Credit Card,Bengaluru,Power Bank,Budget
O02426,C0391,P011,2025-02-27,3,Fashion,2000,1200,10.0,6000,600.0,5400.0,3600,1800.0,Credit Card,Mumbai,Hoodie,Regular
O02427,C0105,P009,2025-06-03,1,Fashion,3500,2200,0.0,3500,0.0,3500.0,2200,1300.0,Debit Card,Hyderabad,Running Shoes,Regular
O02428,C0001,P006,2025-12-31,1,Home,4800,3200,15.0,4800,720.0,4080.0,3200,880.0,UPI,Delhi,Air Fryer,Regular
O02429,C0061,P002,2025-04-26,3,Electronics,5000,3500,5.0,15000,750.0,14250.0,10500,3750.0,UPI,Pune,Smart Watch,Regular
O02430,C0270,P014,2025-12-09,2,Beauty,1500,900,10.0,3000,300.0,2700.0,1800,900.0,UPI,Kolkata,Skin Care Kit,Regular
O02431,C0180,P001,2025-09-23,4,Electronics,2500,1800,0.0,10000,0.0,10000.0,7200,2800.0,Debit Card,Kolkata,Wireless Headphones,Regular
O02432,C0224,P001,2025-11-11,4,Electronics,2500,1800,20.0,10000,2000.0,8000.0,7200,800.0,Cash on Delivery,Pune,Wireless Headphones,Premium
O02433,C0006,P009,2025-07-22,4,Fashion,3500,2200,10.0,14000,1400.0,12600.0,8800,3800.0,Cash on Delivery,Kolkata,Running Shoes,Premium
O02434,C0103,P004,2025-02-10,1,Electronics,1200,700,15.0,1200,180.0,1020.0,700,320.0,Cash on Delivery,Mumbai,Power Bank,Regular
O02435,C0010,P005,2025-04-15,3,Home,4200,2800,15.0,12600,1890.0,10710.0,8400,2310.0,UPI,Hyderabad,Coffee Maker,Regular
O02436,C0071,P003,2025-07-12,1,Electronics,2200,1400,10.0,2200,220.0,1980.0,1400,580.0,UPI,Kolkata,Bluetooth Speaker,Regular
O02437,C0090,P004,2025-10-05,2,Electronics,1200,700,5.0,2400,120.0,2280.0,1400,880.0,UPI,Mumbai,Power Bank,Budget
O02438,C0226,P012,2025-12-20,1,Fashion,2100,1300,15.0,2100,315.0,1785.0,1300,485.0,UPI,Ahmedabad,Jeans,Regular
O02439,C0158,P008,2025-08-25,1,Home,1500,900,0.0,1500,0.0,1500.0,900,600.0,Debit Card,Pune,Bedsheet Set,Budget
O02440,C0228,P013,2025-08-09,4,Beauty,850,500,0.0,3400,0.0,3400.0,2000,1400.0,Debit Card,Pune,Face Serum,Budget
O02441,C0405,P004,2025-03-09,2,Electronics,1200,700,15.0,2400,360.0,2040.0,1400,640.0,UPI,Bengaluru,Power Bank,Regular
O02442,C0126,P009,2025-07-16,4,Fashion,3500,2200,5.0,14000,700.0,13300.0,8800,4500.0,Credit Card,Chennai,Running Shoes,Budget
O02443,C0444,P009,2025-09-13,1,Fashion,3500,2200,10.0,3500,350.0,3150.0,2200,950.0,Cash on Delivery,Ahmedabad,Running Shoes,Regular
O02444,C0209,P006,2025-05-19,1,Home,4800,3200,10.0,4800,480.0,4320.0,3200,1120.0,Credit Card,Delhi,Air Fryer,Regular
O02445,C0097,P002,2025-11-08,4,Electronics,5000,3500,10.0,20000,2000.0,18000.0,14000,4000.0,UPI,Pune,Smart Watch,Regular
O02446,C0074,P012,2025-05-29,4,Fashion,2100,1300,15.0,8400,1260.0,7140.0,5200,1940.0,Credit Card,Bengaluru,Jeans,Budget
O02447,C0115,P010,2025-04-09,4,Fashion,1800,1000,15.0,7200,1080.0,6120.0,4000,2120.0,UPI,Kolkata,Backpack,Premium
O02448,C0191,P011,2025-03-17,1,Fashion,2000,1200,15.0,2000,300.0,1700.0,1200,500.0,Credit Card,Hyderabad,Hoodie,Regular
O02449,C0495,P007,2025-10-09,1,Home,1000,600,15.0,1000,150.0,850.0,600,250.0,UPI,Pune,Table Lamp,Budget
O02450,C0170,P009,2025-04-19,2,Fashion,3500,2200,5.0,7000,350.0,6650.0,4400,2250.0,UPI,Hyderabad,Running Shoes,Budget
O02451,C0307,P006,2025-07-07,1,Home,4800,3200,10.0,4800,480.0,4320.0,3200,1120.0,Cash on Delivery,Hyderabad,Air Fryer,Budget
O02452,C0448,P003,2025-07-18,2,Electronics,2200,1400,10.0,4400,440.0,3960.0,2800,1160.0,Credit Card,Ahmedabad,Bluetooth Speaker,Regular
O02453,C0204,P014,2025-10-30,1,Beauty,1500,900,10.0,1500,150.0,1350.0,900,450.0,Credit Card,Hyderabad,Skin Care Kit,Regular
O02454,C0056,P015,2025-11-23,2,Beauty,2500,1600,25.0,5000,1250.0,3750.0,3200,550.0,Cash on Delivery,Pune,Hair Dryer,Premium
O02455,C0208,P007,2025-06-03,4,Home,1000,600,20.0,4000,800.0,3200.0,2400,800.0,UPI,Hyderabad,Table Lamp,Premium
O02456,C0041,P005,2025-02-09,2,Home,4200,2800,5.0,8400,420.0,7980.0,5600,2380.0,UPI,Ahmedabad,Coffee Maker,Regular
O02457,C0032,P001,2025-05-13,2,Electronics,2500,1800,0.0,5000,0.0,5000.0,3600,1400.0,Debit Card,Pune,Wireless Headphones,Regular
O02458,C0015,P003,2025-05-12,2,Electronics,2200,1400,0.0,4400,0.0,4400.0,2800,1600.0,UPI,Mumbai,Bluetooth Speaker,Regular
O02459,C0062,P005,2025-10-06,1,Home,4200,2800,5.0,4200,210.0,3990.0,2800,1190.0,Debit Card,Pune,Coffee Maker,Regular
O02460,C0155,P007,2025-12-28,1,Home,1000,600,0.0,1000,0.0,1000.0,600,400.0,UPI,Chennai,Table Lamp,Budget
O02461,C0284,P003,2025-03-25,4,Electronics,2200,1400,10.0,8800,880.0,7920.0,5600,2320.0,UPI,Kolkata,Bluetooth Speaker,Regular
O02462,C0209,P006,2025-08-30,1,Home,4800,3200,20.0,4800,960.0,3840.0,3200,640.0,Credit Card,Delhi,Air Fryer,Regular
O02463,C0320,P005,2025-04-26,3,Home,4200,2800,15.0,12600,1890.0,10710.0,8400,2310.0,UPI,Mumbai,Coffee Maker,Premium
O02464,C0494,P013,2025-04-19,1,Beauty,850,500,5.0,850,42.5,807.5,500,307.5,Debit Card,Kolkata,Face Serum,Regular
O02465,C0187,P001,2025-08-09,2,Electronics,2500,1800,10.0,5000,500.0,4500.0,3600,900.0,Credit Card,Ahmedabad,Wireless Headphones,Premium
O02466,C0498,P010,2025-02-10,1,Fashion,1800,1000,10.0,1800,180.0,1620.0,1000,620.0,Cash on Delivery,Kolkata,Backpack,Premium
O02467,C0442,P006,2025-05-27,2,Home,4800,3200,20.0,9600,1920.0,7680.0,6400,1280.0,Debit Card,Chennai,Air Fryer,Budget
O02468,C0130,P014,2025-04-22,3,Beauty,1500,900,20.0,4500,900.0,3600.0,2700,900.0,UPI,Delhi,Skin Care Kit,Budget
O02469,C0127,P008,2025-04-13,3,Home,1500,900,20.0,4500,900.0,3600.0,2700,900.0,Debit Card,Bengaluru,Bedsheet Set,Regular
O02470,C0292,P013,2025-02-15,4,Beauty,850,500,10.0,3400,340.0,3060.0,2000,1060.0,Credit Card,Pune,Face Serum,Regular
O02471,C0114,P013,2025-11-20,2,Beauty,850,500,15.0,1700,255.0,1445.0,1000,445.0,Credit Card,Hyderabad,Face Serum,Premium
O02472,C0199,P001,2025-09-28,4,Electronics,2500,1800,0.0,10000,0.0,10000.0,7200,2800.0,Debit Card,Hyderabad,Wireless Headphones,Regular
O02473,C0013,P002,2025-07-14,1,Electronics,5000,3500,15.0,5000,750.0,4250.0,3500,750.0,Credit Card,Pune,Smart Watch,Regular
O02474,C0271,P014,2025-10-07,1,Beauty,1500,900,5.0,1500,75.0,1425.0,900,525.0,Credit Card,Mumbai,Skin Care Kit,Premium
O02475,C0089,P015,2025-10-10,2,Beauty,2500,1600,10.0,5000,500.0,4500.0,3200,1300.0,Credit Card,Delhi,Hair Dryer,Regular
O02476,C0215,P004,2025-02-09,1,Electronics,1200,700,15.0,1200,180.0,1020.0,700,320.0,UPI,Ahmedabad,Power Bank,Regular
O02477,C0444,P012,2025-07-08,1,Fashion,2100,1300,5.0,2100,105.0,1995.0,1300,695.0,UPI,Ahmedabad,Jeans,Regular
O02478,C0278,P002,2025-06-13,2,Electronics,5000,3500,0.0,10000,0.0,10000.0,7000,3000.0,Credit Card,Pune,Smart Watch,Regular
O02479,C0447,P011,2025-01-24,1,Fashion,2000,1200,0.0,2000,0.0,2000.0,1200,800.0,UPI,Kolkata,Hoodie,Budget
O02480,C0474,P009,2025-01-24,1,Fashion,3500,2200,0.0,3500,0.0,3500.0,2200,1300.0,UPI,Bengaluru,Running Shoes,Premium
O02481,C0481,P010,2025-01-04,2,Fashion,1800,1000,0.0,3600,0.0,3600.0,2000,1600.0,UPI,Chennai,Backpack,Budget
O02482,C0203,P008,2025-11-19,1,Home,1500,900,0.0,1500,0.0,1500.0,900,600.0,Credit Card,Hyderabad,Bedsheet Set,Regular
O02483,C0074,P008,2025-10-17,3,Home,1500,900,5.0,4500,225.0,4275.0,2700,1575.0,UPI,Bengaluru,Bedsheet Set,Budget
O02484,C0025,P004,2025-06-30,1,Electronics,1200,700,5.0,1200,60.0,1140.0,700,440.0,Debit Card,Chennai,Power Bank,Regular
O02485,C0101,P005,2025-09-05,1,Home,4200,2800,25.0,4200,1050.0,3150.0,2800,350.0,UPI,Ahmedabad,Coffee Maker,Premium
O02486,C0176,P004,2025-04-26,1,Electronics,1200,700,10.0,1200,120.0,1080.0,700,380.0,Credit Card,Kolkata,Power Bank,Regular
O02487,C0427,P013,2025-10-06,4,Beauty,850,500,0.0,3400,0.0,3400.0,2000,1400.0,UPI,Mumbai,Face Serum,Regular
O02488,C0117,P009,2025-12-31,2,Fashion,3500,2200,10.0,7000,700.0,6300.0,4400,1900.0,Credit Card,Pune,Running Shoes,Budget
O02489,C0166,P013,2025-03-10,2,Beauty,850,500,20.0,1700,340.0,1360.0,1000,360.0,UPI,Pune,Face Serum,Budget
O02490,C0041,P002,2025-12-17,2,Electronics,5000,3500,15.0,10000,1500.0,8500.0,7000,1500.0,Cash on Delivery,Ahmedabad,Smart Watch,Regular
O02491,C0429,P013,2025-09-11,1,Beauty,850,500,5.0,850,42.5,807.5,500,307.5,Cash on Delivery,Delhi,Face Serum,Regular
O02492,C0344,P011,2025-06-30,1,Fashion,2000,1200,15.0,2000,300.0,1700.0,1200,500.0,Debit Card,Delhi,Hoodie,Regular
O02493,C0424,P008,2025-11-14,2,Home,1500,900,15.0,3000,450.0,2550.0,1800,750.0,Cash on Delivery,Chennai,Bedsheet Set,Premium
O02494,C0366,P002,2025-06-18,1,Electronics,5000,3500,15.0,5000,750.0,4250.0,3500,750.0,UPI,Mumbai,Smart Watch,Budget
O02495,C0120,P001,2025-11-09,1,Electronics,2500,1800,15.0,2500,375.0,2125.0,1800,325.0,Credit Card,Kolkata,Wireless Headphones,Regular
O02496,C0097,P010,2025-09-06,3,Fashion,1800,1000,20.0,5400,1080.0,4320.0,3000,1320.0,Debit Card,Pune,Backpack,Regular
O02497,C0145,P003,2025-07-07,3,Electronics,2200,1400,20.0,6600,1320.0,5280.0,4200,1080.0,Credit Card,Chennai,Bluetooth Speaker,Premium
O02498,C0216,P009,2025-02-23,1,Fashion,3500,2200,15.0,3500,525.0,2975.0,2200,775.0,Debit Card,Bengaluru,Running Shoes,Regular
O02499,C0229,P012,2025-11-22,1,Fashion,2100,1300,10.0,2100,210.0,1890.0,1300,590.0,Debit Card,Chennai,Jeans,Regular
O02500,C0313,P003,2025-12-23,3,Electronics,2200,1400,15.0,6600,990.0,5610.0,4200,1410.0,Cash on Delivery,Delhi,Bluetooth Speaker,Regular
O02501,C0130,P009,2025-11-09,2,Fashion,3500,2200,20.0,7000,1400.0,5600.0,4400,1200.0,UPI,Delhi,Running Shoes,Budget
O02502,C0352,P007,2025-05-18,2,Home,1000,600,0.0,2000,0.0,2000.0,1200,800.0,Debit Card,Bengaluru,Table Lamp,Premium
O02503,C0377,P013,2025-06-17,2,Beauty,850,500,25.0,1700,425.0,1275.0,1000,275.0,Credit Card,Ahmedabad,Face Serum,Budget
O02504,C0318,P010,2025-04-13,1,Fashion,1800,1000,5.0,1800,90.0,1710.0,1000,710.0,Credit Card,Delhi,Backpack,Premium
O02505,C0472,P001,2025-03-26,4,Electronics,2500,1800,10.0,10000,1000.0,9000.0,7200,1800.0,UPI,Delhi,Wireless Headphones,Regular
O02506,C0137,P010,2025-11-13,3,Fashion,1800,1000,20.0,5400,1080.0,4320.0,3000,1320.0,Debit Card,Pune,Backpack,Premium
O02507,C0324,P005,2025-07-31,3,Home,4200,2800,5.0,12600,630.0,11970.0,8400,3570.0,Cash on Delivery,Chennai,Coffee Maker,Regular
O02508,C0337,P009,2025-01-03,1,Fashion,3500,2200,10.0,3500,350.0,3150.0,2200,950.0,UPI,Delhi,Running Shoes,Regular
O02509,C0273,P012,2025-06-28,2,Fashion,2100,1300,0.0,4200,0.0,4200.0,2600,1600.0,Credit Card,Ahmedabad,Jeans,Premium
O02510,C0117,P015,2025-12-08,1,Beauty,2500,1600,10.0,2500,250.0,2250.0,1600,650.0,UPI,Pune,Hair Dryer,Budget
O02511,C0306,P015,2025-10-30,2,Beauty,2500,1600,5.0,5000,250.0,4750.0,3200,1550.0,Cash on Delivery,Delhi,Hair Dryer,Budget
O02512,C0368,P003,2025-11-28,2,Electronics,2200,1400,10.0,4400,440.0,3960.0,2800,1160.0,Credit Card,Pune,Bluetooth Speaker,Regular
O02513,C0094,P009,2025-02-07,1,Fashion,3500,2200,10.0,3500,350.0,3150.0,2200,950.0,UPI,Delhi,Running Shoes,Budget
O02514,C0168,P005,2025-08-27,1,Home,4200,2800,25.0,4200,1050.0,3150.0,2800,350.0,UPI,Hyderabad,Coffee Maker,Regular
O02515,C0442,P009,2025-06-18,2,Fashion,3500,2200,25.0,7000,1750.0,5250.0,4400,850.0,Credit Card,Chennai,Running Shoes,Budget
O02516,C0203,P010,2025-12-09,1,Fashion,1800,1000,0.0,1800,0.0,1800.0,1000,800.0,UPI,Hyderabad,Backpack,Regular
O02517,C0341,P006,2025-11-10,1,Home,4800,3200,15.0,4800,720.0,4080.0,3200,880.0,Credit Card,Chennai,Air Fryer,Regular
O02518,C0149,P009,2025-11-02,1,Fashion,3500,2200,0.0,3500,0.0,3500.0,2200,1300.0,Cash on Delivery,Mumbai,Running Shoes,Regular
O02519,C0402,P007,2025-01-30,4,Home,1000,600,0.0,4000,0.0,4000.0,2400,1600.0,Debit Card,Hyderabad,Table Lamp,Premium
O02520,C0183,P007,2025-07-09,1,Home,1000,600,0.0,1000,0.0,1000.0,600,400.0,UPI,Pune,Table Lamp,Regular
O02521,C0413,P008,2025-12-23,2,Home,1500,900,25.0,3000,750.0,2250.0,1800,450.0,Cash on Delivery,Delhi,Bedsheet Set,Budget
O02522,C0152,P007,2025-01-25,2,Home,1000,600,20.0,2000,400.0,1600.0,1200,400.0,Credit Card,Mumbai,Table Lamp,Premium
O02523,C0074,P012,2025-04-22,2,Fashion,2100,1300,5.0,4200,210.0,3990.0,2600,1390.0,UPI,Bengaluru,Jeans,Budget
O02524,C0365,P009,2025-07-25,2,Fashion,3500,2200,5.0,7000,350.0,6650.0,4400,2250.0,UPI,Bengaluru,Running Shoes,Premium
O02525,C0401,P011,2025-07-04,1,Fashion,2000,1200,5.0,2000,100.0,1900.0,1200,700.0,UPI,Ahmedabad,Hoodie,Regular
O02526,C0274,P009,2025-02-16,2,Fashion,3500,2200,10.0,7000,700.0,6300.0,4400,1900.0,Debit Card,Kolkata,Running Shoes,Regular
O02527,C0042,P006,2025-08-16,1,Home,4800,3200,15.0,4800,720.0,4080.0,3200,880.0,UPI,Hyderabad,Air Fryer,Premium
O02528,C0496,P007,2025-02-08,2,Home,1000,600,5.0,2000,100.0,1900.0,1200,700.0,UPI,Hyderabad,Table Lamp,Regular
O02529,C0212,P002,2025-01-16,1,Electronics,5000,3500,15.0,5000,750.0,4250.0,3500,750.0,Debit Card,Pune,Smart Watch,Budget
O02530,C0101,P015,2025-01-22,4,Beauty,2500,1600,10.0,10000,1000.0,9000.0,6400,2600.0,Credit Card,Ahmedabad,Hair Dryer,Premium
O02531,C0045,P009,2025-08-01,2,Fashion,3500,2200,20.0,7000,1400.0,5600.0,4400,1200.0,Debit Card,Kolkata,Running Shoes,Premium
O02532,C0082,P012,2025-11-06,1,Fashion,2100,1300,15.0,2100,315.0,1785.0,1300,485.0,Debit Card,Mumbai,Jeans,Premium
O02533,C0017,P013,2025-05-29,3,Beauty,850,500,10.0,2550,255.0,2295.0,1500,795.0,UPI,Mumbai,Face Serum,Premium
O02534,C0073,P001,2025-08-29,2,Electronics,2500,1800,15.0,5000,750.0,4250.0,3600,650.0,Debit Card,Bengaluru,Wireless Headphones,Regular
O02535,C0014,P001,2025-09-29,2,Electronics,2500,1800,20.0,5000,1000.0,4000.0,3600,400.0,UPI,Kolkata,Wireless Headphones,Regular
O02536,C0433,P003,2025-02-28,2,Electronics,2200,1400,5.0,4400,220.0,4180.0,2800,1380.0,Credit Card,Chennai,Bluetooth Speaker,Budget
O02537,C0157,P012,2025-10-14,1,Fashion,2100,1300,10.0,2100,210.0,1890.0,1300,590.0,Credit Card,Hyderabad,Jeans,Premium
O02538,C0223,P006,2025-07-21,1,Home,4800,3200,20.0,4800,960.0,3840.0,3200,640.0,UPI,Hyderabad,Air Fryer,Regular
O02539,C0132,P005,2025-02-01,1,Home,4200,2800,5.0,4200,210.0,3990.0,2800,1190.0,Cash on Delivery,Chennai,Coffee Maker,Regular
O02540,C0338,P015,2025-06-11,2,Beauty,2500,1600,0.0,5000,0.0,5000.0,3200,1800.0,Credit Card,Bengaluru,Hair Dryer,Premium
O02541,C0404,P002,2025-09-12,1,Electronics,5000,3500,10.0,5000,500.0,4500.0,3500,1000.0,UPI,Mumbai,Smart Watch,Premium
O02542,C0376,P009,2025-09-11,2,Fashion,3500,2200,20.0,7000,1400.0,5600.0,4400,1200.0,Cash on Delivery,Hyderabad,Running Shoes,Premium
O02543,C0376,P014,2025-01-09,1,Beauty,1500,900,15.0,1500,225.0,1275.0,900,375.0,Credit Card,Hyderabad,Skin Care Kit,Premium
O02544,C0047,P013,2025-05-19,2,Beauty,850,500,20.0,1700,340.0,1360.0,1000,360.0,Credit Card,Pune,Face Serum,Premium
O02545,C0107,P010,2025-01-10,1,Fashion,1800,1000,10.0,1800,180.0,1620.0,1000,620.0,Credit Card,Kolkata,Backpack,Budget
O02546,C0108,P014,2025-08-02,1,Beauty,1500,900,0.0,1500,0.0,1500.0,900,600.0,Debit Card,Kolkata,Skin Care Kit,Premium
O02547,C0265,P004,2025-09-30,2,Electronics,1200,700,15.0,2400,360.0,2040.0,1400,640.0,UPI,Pune,Power Bank,Budget
O02548,C0205,P004,2025-11-20,1,Electronics,1200,700,15.0,1200,180.0,1020.0,700,320.0,UPI,Delhi,Power Bank,Regular
O02549,C0079,P005,2025-02-17,4,Home,4200,2800,0.0,16800,0.0,16800.0,11200,5600.0,Credit Card,Delhi,Coffee Maker,Budget
O02550,C0155,P015,2025-04-21,3,Beauty,2500,1600,5.0,7500,375.0,7125.0,4800,2325.0,UPI,Chennai,Hair Dryer,Budget
O02551,C0271,P008,2025-06-02,2,Home,1500,900,0.0,3000,0.0,3000.0,1800,1200.0,Debit Card,Mumbai,Bedsheet Set,Premium
O02552,C0476,P010,2025-05-03,1,Fashion,1800,1000,15.0,1800,270.0,1530.0,1000,530.0,UPI,Bengaluru,Backpack,Budget
O02553,C0485,P004,2025-12-23,1,Electronics,1200,700,20.0,1200,240.0,960.0,700,260.0,UPI,Pune,Power Bank,Regular
O02554,C0247,P005,2025-04-12,1,Home,4200,2800,15.0,4200,630.0,3570.0,2800,770.0,UPI,Kolkata,Coffee Maker,Regular
O02555,C0019,P012,2025-08-29,2,Fashion,2100,1300,25.0,4200,1050.0,3150.0,2600,550.0,Debit Card,Mumbai,Jeans,Regular
O02556,C0346,P004,2025-11-17,2,Electronics,1200,700,0.0,2400,0.0,2400.0,1400,1000.0,Debit Card,Delhi,Power Bank,Regular
O02557,C0436,P014,2025-07-10,4,Beauty,1500,900,20.0,6000,1200.0,4800.0,3600,1200.0,UPI,Bengaluru,Skin Care Kit,Premium
O02558,C0026,P006,2025-08-05,2,Home,4800,3200,20.0,9600,1920.0,7680.0,6400,1280.0,Credit Card,Pune,Air Fryer,Regular
O02559,C0217,P012,2025-02-20,1,Fashion,2100,1300,10.0,2100,210.0,1890.0,1300,590.0,UPI,Chennai,Jeans,Premium
O02560,C0154,P003,2025-10-19,4,Electronics,2200,1400,25.0,8800,2200.0,6600.0,5600,1000.0,Credit Card,Pune,Bluetooth Speaker,Budget
O02561,C0154,P008,2025-03-22,3,Home,1500,900,5.0,4500,225.0,4275.0,2700,1575.0,UPI,Pune,Bedsheet Set,Budget
O02562,C0174,P006,2025-03-29,3,Home,4800,3200,20.0,14400,2880.0,11520.0,9600,1920.0,Credit Card,Mumbai,Air Fryer,Regular
O02563,C0092,P010,2025-07-13,4,Fashion,1800,1000,20.0,7200,1440.0,5760.0,4000,1760.0,Credit Card,Bengaluru,Backpack,Regular
O02564,C0433,P005,2025-04-14,1,Home,4200,2800,15.0,4200,630.0,3570.0,2800,770.0,Cash on Delivery,Chennai,Coffee Maker,Budget
O02565,C0338,P013,2025-09-28,2,Beauty,850,500,15.0,1700,255.0,1445.0,1000,445.0,UPI,Bengaluru,Face Serum,Premium
O02566,C0480,P015,2025-04-06,1,Beauty,2500,1600,0.0,2500,0.0,2500.0,1600,900.0,Debit Card,Kolkata,Hair Dryer,Budget
O02567,C0181,P002,2025-07-17,2,Electronics,5000,3500,10.0,10000,1000.0,9000.0,7000,2000.0,Credit Card,Kolkata,Smart Watch,Regular
O02568,C0131,P010,2025-01-01,1,Fashion,1800,1000,10.0,1800,180.0,1620.0,1000,620.0,Cash on Delivery,Hyderabad,Backpack,Regular
O02569,C0450,P010,2025-06-16,2,Fashion,1800,1000,15.0,3600,540.0,3060.0,2000,1060.0,UPI,Mumbai,Backpack,Premium
O02570,C0481,P007,2025-05-06,2,Home,1000,600,15.0,2000,300.0,1700.0,1200,500.0,UPI,Chennai,Table Lamp,Budget
O02571,C0298,P002,2025-11-09,1,Electronics,5000,3500,20.0,5000,1000.0,4000.0,3500,500.0,Debit Card,Pune,Smart Watch,Premium
O02572,C0275,P001,2025-03-22,2,Electronics,2500,1800,0.0,5000,0.0,5000.0,3600,1400.0,UPI,Chennai,Wireless Headphones,Regular
O02573,C0273,P007,2025-09-08,1,Home,1000,600,20.0,1000,200.0,800.0,600,200.0,UPI,Ahmedabad,Table Lamp,Premium
O02574,C0492,P005,2025-06-18,1,Home,4200,2800,20.0,4200,840.0,3360.0,2800,560.0,UPI,Ahmedabad,Coffee Maker,Regular
O02575,C0417,P001,2025-03-14,4,Electronics,2500,1800,15.0,10000,1500.0,8500.0,7200,1300.0,Debit Card,Pune,Wireless Headphones,Regular
O02576,C0076,P015,2025-05-21,1,Beauty,2500,1600,0.0,2500,0.0,2500.0,1600,900.0,UPI,Kolkata,Hair Dryer,Budget
O02577,C0177,P004,2025-03-11,1,Electronics,1200,700,0.0,1200,0.0,1200.0,700,500.0,Debit Card,Mumbai,Power Bank,Regular
O02578,C0184,P012,2025-09-19,2,Fashion,2100,1300,0.0,4200,0.0,4200.0,2600,1600.0,Credit Card,Chennai,Jeans,Budget
O02579,C0319,P013,2025-12-06,2,Beauty,850,500,15.0,1700,255.0,1445.0,1000,445.0,UPI,Hyderabad,Face Serum,Regular
O02580,C0131,P004,2025-11-04,3,Electronics,1200,700,15.0,3600,540.0,3060.0,2100,960.0,UPI,Hyderabad,Power Bank,Regular
O02581,C0363,P010,2025-09-02,1,Fashion,1800,1000,25.0,1800,450.0,1350.0,1000,350.0,UPI,Kolkata,Backpack,Budget
O02582,C0049,P007,2025-01-03,3,Home,1000,600,10.0,3000,300.0,2700.0,1800,900.0,Credit Card,Bengaluru,Table Lamp,Regular
O02583,C0055,P009,2025-12-03,2,Fashion,3500,2200,10.0,7000,700.0,6300.0,4400,1900.0,Credit Card,Hyderabad,Running Shoes,Regular
O02584,C0154,P002,2025-03-04,1,Electronics,5000,3500,15.0,5000,750.0,4250.0,3500,750.0,Credit Card,Pune,Smart Watch,Budget
O02585,C0355,P012,2025-02-18,3,Fashion,2100,1300,20.0,6300,1260.0,5040.0,3900,1140.0,UPI,Hyderabad,Jeans,Budget
O02586,C0200,P014,2025-03-17,1,Beauty,1500,900,20.0,1500,300.0,1200.0,900,300.0,Credit Card,Pune,Skin Care Kit,Premium
O02587,C0308,P001,2025-06-24,1,Electronics,2500,1800,20.0,2500,500.0,2000.0,1800,200.0,Debit Card,Kolkata,Wireless Headphones,Premium
O02588,C0356,P002,2025-04-19,2,Electronics,5000,3500,10.0,10000,1000.0,9000.0,7000,2000.0,Debit Card,Mumbai,Smart Watch,Regular
O02589,C0373,P007,2025-07-02,3,Home,1000,600,15.0,3000,450.0,2550.0,1800,750.0,Debit Card,Delhi,Table Lamp,Premium
O02590,C0118,P013,2025-07-11,4,Beauty,850,500,20.0,3400,680.0,2720.0,2000,720.0,UPI,Hyderabad,Face Serum,Premium
O02591,C0263,P010,2025-03-06,1,Fashion,1800,1000,10.0,1800,180.0,1620.0,1000,620.0,Debit Card,Bengaluru,Backpack,Regular
O02592,C0046,P006,2025-12-03,3,Home,4800,3200,5.0,14400,720.0,13680.0,9600,4080.0,UPI,Ahmedabad,Air Fryer,Regular
O02593,C0302,P004,2025-09-28,4,Electronics,1200,700,5.0,4800,240.0,4560.0,2800,1760.0,UPI,Mumbai,Power Bank,Budget
O02594,C0356,P001,2025-04-10,4,Electronics,2500,1800,0.0,10000,0.0,10000.0,7200,2800.0,Debit Card,Mumbai,Wireless Headphones,Regular
O02595,C0400,P013,2025-02-01,3,Beauty,850,500,15.0,2550,382.5,2167.5,1500,667.5,Cash on Delivery,Hyderabad,Face Serum,Premium
O02596,C0408,P001,2025-12-18,2,Electronics,2500,1800,0.0,5000,0.0,5000.0,3600,1400.0,Credit Card,Bengaluru,Wireless Headphones,Regular
O02597,C0189,P005,2025-05-08,3,Home,4200,2800,5.0,12600,630.0,11970.0,8400,3570.0,UPI,Mumbai,Coffee Maker,Regular
O02598,C0310,P015,2025-12-05,2,Beauty,2500,1600,5.0,5000,250.0,4750.0,3200,1550.0,Unknown,Kolkata,Hair Dryer,Premium
O02599,C0318,P001,2025-02-12,4,Electronics,2500,1800,15.0,10000,1500.0,8500.0,7200,1300.0,Credit Card,Delhi,Wireless Headphones,Premium
O02600,C0129,P012,2025-03-19,1,Fashion,2100,1300,10.0,2100,210.0,1890.0,1300,590.0,Debit Card,Pune,Jeans,Regular
O02601,C0049,P015,2025-11-10,2,Beauty,2500,1600,15.0,5000,750.0,4250.0,3200,1050.0,UPI,Bengaluru,Hair Dryer,Regular
O02602,C0025,P007,2025-10-16,1,Home,1000,600,0.0,1000,0.0,1000.0,600,400.0,Debit Card,Chennai,Table Lamp,Regular
O02603,C0266,P013,2025-09-27,1,Beauty,850,500,0.0,850,0.0,850.0,500,350.0,UPI,Mumbai,Face Serum,Regular
O02604,C0118,P011,2025-06-11,3,Fashion,2000,1200,10.0,6000,600.0,5400.0,3600,1800.0,Debit Card,Hyderabad,Hoodie,Premium
O02605,C0464,P001,2025-07-08,2,Electronics,2500,1800,10.0,5000,500.0,4500.0,3600,900.0,Cash on Delivery,Chennai,Wireless Headphones,Regular
O02606,C0144,P001,2025-09-04,1,Electronics,2500,1800,5.0,2500,125.0,2375.0,1800,575.0,UPI,Hyderabad,Wireless Headphones,Budget
O02607,C0442,P002,2025-08-04,2,Electronics,5000,3500,0.0,10000,0.0,10000.0,7000,3000.0,UPI,Chennai,Smart Watch,Budget
O02608,C0200,P013,2025-11-11,2,Beauty,850,500,20.0,1700,340.0,1360.0,1000,360.0,Debit Card,Pune,Face Serum,Premium
O02609,C0157,P014,2025-12-05,2,Beauty,1500,900,15.0,3000,450.0,2550.0,1800,750.0,Credit Card,Hyderabad,Skin Care Kit,Premium
O02610,C0487,P011,2025-06-17,3,Fashion,2000,1200,0.0,6000,0.0,6000.0,3600,2400.0,Credit Card,Delhi,Hoodie,Regular
O02611,C0348,P012,2025-12-05,1,Fashion,2100,1300,0.0,2100,0.0,2100.0,1300,800.0,Credit Card,Delhi,Jeans,Budget
O02612,C0134,P010,2025-07-12,1,Fashion,1800,1000,25.0,1800,450.0,1350.0,1000,350.0,UPI,Hyderabad,Backpack,Regular
O02613,C0400,P003,2025-10-10,4,Electronics,2200,1400,15.0,8800,1320.0,7480.0,5600,1880.0,Debit Card,Hyderabad,Bluetooth Speaker,Premium
O02614,C0148,P013,2025-12-02,2,Beauty,850,500,10.0,1700,170.0,1530.0,1000,530.0,UPI,Hyderabad,Face Serum,Budget
O02615,C0336,P011,2025-01-13,4,Fashion,2000,1200,15.0,8000,1200.0,6800.0,4800,2000.0,Cash on Delivery,Chennai,Hoodie,Regular
O02616,C0071,P015,2025-08-28,4,Beauty,2500,1600,15.0,10000,1500.0,8500.0,6400,2100.0,UPI,Kolkata,Hair Dryer,Regular
O02617,C0233,P001,2025-11-16,1,Electronics,2500,1800,15.0,2500,375.0,2125.0,1800,325.0,Debit Card,Delhi,Wireless Headphones,Regular
O02618,C0334,P015,2025-05-27,3,Beauty,2500,1600,10.0,7500,750.0,6750.0,4800,1950.0,UPI,Pune,Hair Dryer,Regular
O02619,C0299,P009,2025-07-23,3,Fashion,3500,2200,10.0,10500,1050.0,9450.0,6600,2850.0,UPI,Pune,Running Shoes,Regular
O02620,C0154,P010,2025-03-21,2,Fashion,1800,1000,0.0,3600,0.0,3600.0,2000,1600.0,UPI,Pune,Backpack,Budget
O02621,C0090,P008,2025-02-12,4,Home,1500,900,20.0,6000,1200.0,4800.0,3600,1200.0,Debit Card,Mumbai,Bedsheet Set,Budget
O02622,C0334,P005,2025-03-30,3,Home,4200,2800,15.0,12600,1890.0,10710.0,8400,2310.0,Credit Card,Pune,Coffee Maker,Regular
O02623,C0199,P013,2025-05-28,2,Beauty,850,500,5.0,1700,85.0,1615.0,1000,615.0,Debit Card,Hyderabad,Face Serum,Regular
O02624,C0161,P011,2025-04-05,1,Fashion,2000,1200,20.0,2000,400.0,1600.0,1200,400.0,UPI,Pune,Hoodie,Premium
O02625,C0026,P002,2025-05-31,2,Electronics,5000,3500,20.0,10000,2000.0,8000.0,7000,1000.0,Credit Card,Pune,Smart Watch,Regular
O02626,C0121,P005,2025-01-02,1,Home,4200,2800,25.0,4200,1050.0,3150.0,2800,350.0,Debit Card,Bengaluru,Coffee Maker,Regular
O02627,C0301,P006,2025-01-22,3,Home,4800,3200,20.0,14400,2880.0,11520.0,9600,1920.0,UPI,Chennai,Air Fryer,Premium
O02628,C0212,P014,2025-11-09,3,Beauty,1500,900,25.0,4500,1125.0,3375.0,2700,675.0,UPI,Pune,Skin Care Kit,Budget
O02629,C0063,P015,2025-11-24,2,Beauty,2500,1600,5.0,5000,250.0,4750.0,3200,1550.0,Credit Card,Delhi,Hair Dryer,Regular
O02630,C0451,P001,2025-01-07,4,Electronics,2500,1800,20.0,10000,2000.0,8000.0,7200,800.0,UPI,Delhi,Wireless Headphones,Premium
O02631,C0436,P011,2025-07-25,1,Fashion,2000,1200,20.0,2000,400.0,1600.0,1200,400.0,UPI,Bengaluru,Hoodie,Premium
O02632,C0068,P004,2025-04-24,3,Electronics,1200,700,5.0,3600,180.0,3420.0,2100,1320.0,Credit Card,Delhi,Power Bank,Premium
O02633,C0253,P009,2025-09-29,2,Fashion,3500,2200,0.0,7000,0.0,7000.0,4400,2600.0,UPI,Ahmedabad,Running Shoes,Premium
O02634,C0410,P002,2025-03-24,2,Electronics,5000,3500,25.0,10000,2500.0,7500.0,7000,500.0,Debit Card,Ahmedabad,Smart Watch,Regular
O02635,C0459,P005,2025-06-28,1,Home,4200,2800,5.0,4200,210.0,3990.0,2800,1190.0,Cash on Delivery,Kolkata,Coffee Maker,Regular
O02636,C0002,P001,2025-07-29,2,Electronics,2500,1800,20.0,5000,1000.0,4000.0,3600,400.0,Credit Card,Mumbai,Wireless Headphones,Regular
O02637,C0398,P004,2025-11-24,2,Electronics,1200,700,0.0,2400,0.0,2400.0,1400,1000.0,Credit Card,Ahmedabad,Power Bank,Regular
O02638,C0108,P004,2025-05-04,2,Electronics,1200,700,0.0,2400,0.0,2400.0,1400,1000.0,UPI,Kolkata,Power Bank,Premium
O02639,C0286,P006,2025-04-23,1,Home,4800,3200,10.0,4800,480.0,4320.0,3200,1120.0,Debit Card,Pune,Air Fryer,Regular
O02640,C0049,P010,2025-01-12,4,Fashion,1800,1000,5.0,7200,360.0,6840.0,4000,2840.0,UPI,Bengaluru,Backpack,Regular
O02641,C0140,P009,2025-05-06,4,Fashion,3500,2200,15.0,14000,2100.0,11900.0,8800,3100.0,Credit Card,Kolkata,Running Shoes,Regular
O02642,C0218,P003,2025-02-22,2,Electronics,2200,1400,15.0,4400,660.0,3740.0,2800,940.0,Cash on Delivery,Kolkata,Bluetooth Speaker,Regular
O02643,C0044,P009,2025-11-27,1,Fashion,3500,2200,0.0,3500,0.0,3500.0,2200,1300.0,Credit Card,Delhi,Running Shoes,Premium
O02644,C0417,P006,2025-10-10,1,Home,4800,3200,5.0,4800,240.0,4560.0,3200,1360.0,Debit Card,Pune,Air Fryer,Regular
O02645,C0269,P007,2025-05-20,4,Home,1000,600,10.0,4000,400.0,3600.0,2400,1200.0,UPI,Bengaluru,Table Lamp,Premium
O02646,C0078,P012,2025-04-07,2,Fashion,2100,1300,5.0,4200,210.0,3990.0,2600,1390.0,UPI,Mumbai,Jeans,Premium
O02647,C0216,P010,2025-01-05,1,Fashion,1800,1000,15.0,1800,270.0,1530.0,1000,530.0,Debit Card,Bengaluru,Backpack,Regular
O02648,C0382,P002,2025-02-26,1,Electronics,5000,3500,10.0,5000,500.0,4500.0,3500,1000.0,UPI,Delhi,Smart Watch,Budget
O02649,C0098,P011,2025-11-30,2,Fashion,2000,1200,0.0,4000,0.0,4000.0,2400,1600.0,Debit Card,Chennai,Hoodie,Regular
O02650,C0236,P010,2025-03-10,1,Fashion,1800,1000,10.0,1800,180.0,1620.0,1000,620.0,UPI,Pune,Backpack,Premium
O02651,C0282,P014,2025-04-28,3,Beauty,1500,900,0.0,4500,0.0,4500.0,2700,1800.0,Debit Card,,Skin Care Kit,Premium
O02652,C0149,P006,2025-02-28,1,Home,4800,3200,0.0,4800,0.0,4800.0,3200,1600.0,UPI,Mumbai,Air Fryer,Regular
O02653,C0412,P006,2025-02-02,2,Home,4800,3200,5.0,9600,480.0,9120.0,6400,2720.0,Credit Card,Pune,Air Fryer,Premium
O02654,C0304,P002,2025-11-14,2,Electronics,5000,3500,20.0,10000,2000.0,8000.0,7000,1000.0,Credit Card,Ahmedabad,Smart Watch,Regular
O02655,C0484,P002,2025-02-19,1,Electronics,5000,3500,20.0,5000,1000.0,4000.0,3500,500.0,Credit Card,Hyderabad,Smart Watch,Premium
O02656,C0424,P014,2025-01-19,2,Beauty,1500,900,20.0,3000,600.0,2400.0,1800,600.0,UPI,Chennai,Skin Care Kit,Premium
O02657,C0066,P002,2025-08-02,4,Electronics,5000,3500,10.0,20000,2000.0,18000.0,14000,4000.0,Credit Card,Chennai,Smart Watch,Budget
O02658,C0234,P010,2025-07-16,1,Fashion,1800,1000,5.0,1800,90.0,1710.0,1000,710.0,UPI,Bengaluru,Backpack,Regular
O02659,C0457,P012,2025-02-16,1,Fashion,2100,1300,10.0,2100,210.0,1890.0,1300,590.0,UPI,Pune,Jeans,Premium
O02660,C0087,P001,2025-06-16,1,Electronics,2500,1800,15.0,2500,375.0,2125.0,1800,325.0,UPI,Pune,Wireless Headphones,Regular
O02661,C0079,P005,2025-10-16,2,Home,4200,2800,25.0,8400,2100.0,6300.0,5600,700.0,Credit Card,Delhi,Coffee Maker,Budget
O02662,C0205,P008,2025-05-21,2,Home,1500,900,0.0,3000,0.0,3000.0,1800,1200.0,UPI,Delhi,Bedsheet Set,Regular
O02663,C0279,P002,2025-03-25,1,Electronics,5000,3500,0.0,5000,0.0,5000.0,3500,1500.0,Cash on Delivery,Kolkata,Smart Watch,Budget
O02664,C0337,P013,2025-07-01,2,Beauty,850,500,15.0,1700,255.0,1445.0,1000,445.0,Credit Card,Delhi,Face Serum,Regular
O02665,C0254,P015,2025-03-20,3,Beauty,2500,1600,20.0,7500,1500.0,6000.0,4800,1200.0,UPI,Kolkata,Hair Dryer,Regular
O02666,C0304,P005,2025-08-03,2,Home,4200,2800,20.0,8400,1680.0,6720.0,5600,1120.0,Credit Card,Ahmedabad,Coffee Maker,Regular
O02667,C0380,P012,2025-01-14,4,Fashion,2100,1300,15.0,8400,1260.0,7140.0,5200,1940.0,Debit Card,Chennai,Jeans,Regular
O02668,C0130,P008,2025-08-03,1,Home,1500,900,25.0,1500,375.0,1125.0,900,225.0,UPI,Delhi,Bedsheet Set,Budget
O02669,C0084,P010,2025-05-08,3,Fashion,1800,1000,10.0,5400,540.0,4860.0,3000,1860.0,Credit Card,Chennai,Backpack,Budget
O02670,C0276,P014,2025-11-06,3,Beauty,1500,900,20.0,4500,900.0,3600.0,2700,900.0,Credit Card,Hyderabad,Skin Care Kit,Budget
O02671,C0187,P005,2025-09-05,2,Home,4200,2800,25.0,8400,2100.0,6300.0,5600,700.0,UPI,Ahmedabad,Coffee Maker,Premium
O02672,C0046,P002,2025-01-29,3,Electronics,5000,3500,20.0,15000,3000.0,12000.0,10500,1500.0,Debit Card,Ahmedabad,Smart Watch,Regular
O02673,C0387,P003,2025-10-07,3,Electronics,2200,1400,10.0,6600,660.0,5940.0,4200,1740.0,UPI,Ahmedabad,Bluetooth Speaker,Regular
O02674,C0183,P015,2025-12-04,2,Beauty,2500,1600,5.0,5000,250.0,4750.0,3200,1550.0,UPI,Pune,Hair Dryer,Regular
O02675,C0268,P006,2025-11-15,1,Home,4800,3200,10.0,4800,480.0,4320.0,3200,1120.0,Debit Card,Mumbai,Air Fryer,Regular
O02676,C0296,P011,2025-07-21,1,Fashion,2000,1200,10.0,2000,200.0,1800.0,1200,600.0,Credit Card,Mumbai,Hoodie,Budget
O02677,C0322,P011,2025-12-27,2,Fashion,2000,1200,20.0,4000,800.0,3200.0,2400,800.0,Debit Card,Hyderabad,Hoodie,Regular
O02678,C0100,P005,2025-02-26,2,Home,4200,2800,0.0,8400,0.0,8400.0,5600,2800.0,Credit Card,Ahmedabad,Coffee Maker,Regular
O02679,C0078,P011,2025-08-06,4,Fashion,2000,1200,5.0,8000,400.0,7600.0,4800,2800.0,Debit Card,Mumbai,Hoodie,Premium
O02680,C0272,P004,2025-03-03,4,Electronics,1200,700,15.0,4800,720.0,4080.0,2800,1280.0,Debit Card,Pune,Power Bank,Regular
O02681,C0339,P004,2025-06-06,1,Electronics,1200,700,0.0,1200,0.0,1200.0,700,500.0,UPI,Bengaluru,Power Bank,Regular
O02682,C0162,P005,2025-07-21,3,Home,4200,2800,10.0,12600,1260.0,11340.0,8400,2940.0,Debit Card,Kolkata,Coffee Maker,Premium
O02683,C0044,P002,2025-01-17,3,Electronics,5000,3500,10.0,15000,1500.0,13500.0,10500,3000.0,Credit Card,Delhi,Smart Watch,Premium
O02684,C0238,P009,2025-11-18,2,Fashion,3500,2200,15.0,7000,1050.0,5950.0,4400,1550.0,UPI,Mumbai,Running Shoes,Regular
O02685,C0134,P002,2025-01-06,1,Electronics,5000,3500,5.0,5000,250.0,4750.0,3500,1250.0,Credit Card,Hyderabad,Smart Watch,Regular
O02686,C0461,P010,2025-02-27,1,Fashion,1800,1000,20.0,1800,360.0,1440.0,1000,440.0,UPI,Kolkata,Backpack,Budget
O02687,C0192,P002,2025-11-21,2,Electronics,5000,3500,10.0,10000,1000.0,9000.0,7000,2000.0,Debit Card,Delhi,Smart Watch,Regular
O02688,C0356,P010,2025-11-14,2,Fashion,1800,1000,20.0,3600,720.0,2880.0,2000,880.0,Credit Card,Mumbai,Backpack,Regular
O02689,C0278,P014,2025-06-18,2,Beauty,1500,900,10.0,3000,300.0,2700.0,1800,900.0,Cash on Delivery,Pune,Skin Care Kit,Regular
O02690,C0018,P009,2025-03-23,4,Fashion,3500,2200,5.0,14000,700.0,13300.0,8800,4500.0,UPI,Chennai,Running Shoes,Premium
O02691,C0012,P014,2025-08-07,2,Beauty,1500,900,0.0,3000,0.0,3000.0,1800,1200.0,Credit Card,Kolkata,Skin Care Kit,Premium
O02692,C0180,P003,2025-06-26,4,Electronics,2200,1400,0.0,8800,0.0,8800.0,5600,3200.0,UPI,Kolkata,Bluetooth Speaker,Regular
O02693,C0123,P015,2025-07-23,1,Beauty,2500,1600,10.0,2500,250.0,2250.0,1600,650.0,Credit Card,Delhi,Hair Dryer,Regular
O02694,C0246,P010,2025-03-12,4,Fashion,1800,1000,0.0,7200,0.0,7200.0,4000,3200.0,Debit Card,Pune,Backpack,Regular
O02695,C0222,P007,2025-09-23,2,Home,1000,600,10.0,2000,200.0,1800.0,1200,600.0,Debit Card,Pune,Table Lamp,Regular
O02696,C0373,P004,2025-04-08,3,Electronics,1200,700,15.0,3600,540.0,3060.0,2100,960.0,Debit Card,Delhi,Power Bank,Premium
O02697,C0051,P013,2025-12-11,3,Beauty,850,500,5.0,2550,127.5,2422.5,1500,922.5,Debit Card,Mumbai,Face Serum,Regular
O02698,C0488,P013,2025-10-18,4,Beauty,850,500,5.0,3400,170.0,3230.0,2000,1230.0,UPI,Chennai,Face Serum,Regular
O02699,C0071,P006,2025-07-27,3,Home,4800,3200,15.0,14400,2160.0,12240.0,9600,2640.0,UPI,Kolkata,Air Fryer,Regular
O02700,C0480,P014,2025-01-02,3,Beauty,1500,900,20.0,4500,900.0,3600.0,2700,900.0,Credit Card,Kolkata,Skin Care Kit,Budget
O02701,C0048,P004,2025-05-04,1,Electronics,1200,700,0.0,1200,0.0,1200.0,700,500.0,Credit Card,Pune,Power Bank,Regular
O02702,C0019,P010,2025-10-07,1,Fashion,1800,1000,5.0,1800,90.0,1710.0,1000,710.0,UPI,Mumbai,Backpack,Regular
O02703,C0262,P015,2025-03-15,2,Beauty,2500,1600,25.0,5000,1250.0,3750.0,3200,550.0,Credit Card,Bengaluru,Hair Dryer,Premium
O02704,C0084,P007,2025-06-15,2,Home,1000,600,0.0,2000,0.0,2000.0,1200,800.0,UPI,Chennai,Table Lamp,Budget
O02705,C0155,P001,2025-01-22,3,Electronics,2500,1800,25.0,7500,1875.0,5625.0,5400,225.0,UPI,Chennai,Wireless Headphones,Budget
O02706,C0053,P003,2025-06-03,1,Electronics,2200,1400,0.0,2200,0.0,2200.0,1400,800.0,Debit Card,Bengaluru,Bluetooth Speaker,Regular
O02707,C0107,P013,2025-10-22,2,Beauty,850,500,20.0,1700,340.0,1360.0,1000,360.0,UPI,Kolkata,Face Serum,Budget
O02708,C0357,P003,2025-08-07,1,Electronics,2200,1400,10.0,2200,220.0,1980.0,1400,580.0,UPI,Chennai,Bluetooth Speaker,Budget
O02709,C0304,P001,2025-06-06,2,Electronics,2500,1800,20.0,5000,1000.0,4000.0,3600,400.0,UPI,Ahmedabad,Wireless Headphones,Regular
O02710,C0135,P006,2025-08-18,1,Home,4800,3200,10.0,4800,480.0,4320.0,3200,1120.0,Debit Card,Hyderabad,Air Fryer,Regular
O02711,C0443,P015,2025-01-20,3,Beauty,2500,1600,15.0,7500,1125.0,6375.0,4800,1575.0,Cash on Delivery,Kolkata,Hair Dryer,Budget
O02712,C0069,P013,2025-02-10,3,Beauty,850,500,0.0,2550,0.0,2550.0,1500,1050.0,Credit Card,Pune,Face Serum,Premium
O02713,C0011,P011,2025-05-28,1,Fashion,2000,1200,5.0,2000,100.0,1900.0,1200,700.0,UPI,Mumbai,Hoodie,Premium
O02714,C0143,P014,2025-04-18,4,Beauty,1500,900,15.0,6000,900.0,5100.0,3600,1500.0,Cash on Delivery,Pune,Skin Care Kit,Regular
O02715,C0192,P009,2025-03-25,2,Fashion,3500,2200,10.0,7000,700.0,6300.0,4400,1900.0,Credit Card,Delhi,Running Shoes,Regular
O02716,C0387,P008,2025-11-18,4,Home,1500,900,20.0,6000,1200.0,4800.0,3600,1200.0,Debit Card,Ahmedabad,Bedsheet Set,Regular
O02717,C0378,P011,2025-11-05,4,Fashion,2000,1200,10.0,8000,800.0,7200.0,4800,2400.0,Debit Card,Pune,Hoodie,Regular
O02718,C0069,P007,2025-10-17,2,Home,1000,600,20.0,2000,400.0,1600.0,1200,400.0,UPI,Pune,Table Lamp,Premium
O02719,C0023,P010,2025-11-19,2,Fashion,1800,1000,10.0,3600,360.0,3240.0,2000,1240.0,Credit Card,Ahmedabad,Backpack,Regular
O02720,C0181,P008,2025-05-14,3,Home,1500,900,25.0,4500,1125.0,3375.0,2700,675.0,UPI,Kolkata,Bedsheet Set,Regular
O02721,C0293,P006,2025-07-26,2,Home,4800,3200,25.0,9600,2400.0,7200.0,6400,800.0,UPI,Chennai,Air Fryer,Regular
O02722,C0009,P009,2025-10-10,1,Fashion,3500,2200,10.0,3500,350.0,3150.0,2200,950.0,Debit Card,Pune,Running Shoes,Regular
O02723,C0271,P003,2025-09-23,1,Electronics,2200,1400,20.0,2200,440.0,1760.0,1400,360.0,Debit Card,Mumbai,Bluetooth Speaker,Premium
O02724,C0387,P015,2025-03-14,2,Beauty,2500,1600,20.0,5000,1000.0,4000.0,3200,800.0,Debit Card,Ahmedabad,Hair Dryer,Regular
O02725,C0093,P010,2025-12-18,2,Fashion,1800,1000,5.0,3600,180.0,3420.0,2000,1420.0,Credit Card,Delhi,Backpack,Regular
O02726,C0454,P010,2025-02-17,1,Fashion,1800,1000,15.0,1800,270.0,1530.0,1000,530.0,UPI,Ahmedabad,Backpack,Regular
O02727,C0017,P009,2025-11-22,2,Fashion,3500,2200,0.0,7000,0.0,7000.0,4400,2600.0,UPI,Mumbai,Running Shoes,Premium
O02728,C0154,P004,2025-08-21,3,Electronics,1200,700,20.0,3600,720.0,2880.0,2100,780.0,UPI,Pune,Power Bank,Budget
O02729,C0405,P007,2025-04-10,2,Home,1000,600,5.0,2000,100.0,1900.0,1200,700.0,Credit Card,Bengaluru,Table Lamp,Regular
O02730,C0328,P015,2025-02-28,1,Beauty,2500,1600,0.0,2500,0.0,2500.0,1600,900.0,Credit Card,Mumbai,Hair Dryer,Regular
O02731,C0149,P013,2025-09-15,1,Beauty,850,500,10.0,850,85.0,765.0,500,265.0,UPI,Mumbai,Face Serum,Regular
O02732,C0377,P009,2025-03-06,2,Fashion,3500,2200,15.0,7000,1050.0,5950.0,4400,1550.0,Cash on Delivery,Ahmedabad,Running Shoes,Budget
O02733,C0267,P002,2025-03-24,1,Electronics,5000,3500,20.0,5000,1000.0,4000.0,3500,500.0,UPI,Delhi,Smart Watch,Regular
O02734,C0422,P002,2025-06-03,2,Electronics,5000,3500,25.0,10000,2500.0,7500.0,7000,500.0,Debit Card,Chennai,Smart Watch,Regular
O02735,C0328,P009,2025-09-23,1,Fashion,3500,2200,10.0,3500,350.0,3150.0,2200,950.0,Credit Card,Mumbai,Running Shoes,Regular
O02736,C0106,P012,2025-11-05,1,Fashion,2100,1300,0.0,2100,0.0,2100.0,1300,800.0,UPI,Mumbai,Jeans,Regular
O02737,C0472,P013,2025-03-20,1,Beauty,850,500,15.0,850,127.5,722.5,500,222.5,Debit Card,Delhi,Face Serum,Regular
O02738,C0381,P003,2025-11-11,3,Electronics,2200,1400,15.0,6600,990.0,5610.0,4200,1410.0,Debit Card,Pune,Bluetooth Speaker,Budget
O02739,C0035,P009,2025-05-30,1,Fashion,3500,2200,10.0,3500,350.0,3150.0,2200,950.0,Credit Card,Hyderabad,Running Shoes,Regular
O02740,C0119,P013,2025-02-17,2,Beauty,850,500,10.0,1700,170.0,1530.0,1000,530.0,Credit Card,Chennai,Face Serum,Regular
O02741,C0014,P015,2025-09-05,1,Beauty,2500,1600,10.0,2500,250.0,2250.0,1600,650.0,UPI,Kolkata,Hair Dryer,Regular
O02742,C0014,P005,2025-10-05,2,Home,4200,2800,10.0,8400,840.0,7560.0,5600,1960.0,Credit Card,Kolkata,Coffee Maker,Regular
O02743,C0266,P006,2025-12-22,1,Home,4800,3200,15.0,4800,720.0,4080.0,3200,880.0,Cash on Delivery,Mumbai,Air Fryer,Regular
O02744,C0140,P002,2025-04-08,3,Electronics,5000,3500,10.0,15000,1500.0,13500.0,10500,3000.0,UPI,Kolkata,Smart Watch,Regular
O02745,C0294,P008,2025-01-25,2,Home,1500,900,20.0,3000,600.0,2400.0,1800,600.0,UPI,Mumbai,Bedsheet Set,Regular
O02746,C0364,P011,2025-10-11,4,Fashion,2000,1200,10.0,8000,800.0,7200.0,4800,2400.0,Cash on Delivery,Delhi,Hoodie,Premium
O02747,C0119,P009,2025-10-28,1,Fashion,3500,2200,5.0,3500,175.0,3325.0,2200,1125.0,UPI,Chennai,Running Shoes,Regular
O02748,C0238,P002,2025-03-09,1,Electronics,5000,3500,20.0,5000,1000.0,4000.0,3500,500.0,Credit Card,Mumbai,Smart Watch,Regular
O02749,C0034,P006,2025-01-07,2,Home,4800,3200,15.0,9600,1440.0,8160.0,6400,1760.0,Credit Card,Bengaluru,Air Fryer,Budget
O02750,C0169,P006,2025-11-01,3,Home,4800,3200,5.0,14400,720.0,13680.0,9600,4080.0,Credit Card,Pune,Air Fryer,Budget
O02751,C0010,P008,2025-05-17,3,Home,1500,900,15.0,4500,675.0,3825.0,2700,1125.0,UPI,Hyderabad,Bedsheet Set,Regular
O02752,C0122,P010,2025-06-13,4,Fashion,1800,1000,10.0,7200,720.0,6480.0,4000,2480.0,UPI,Delhi,Backpack,Premium
O02753,C0401,P012,2025-03-24,2,Fashion,2100,1300,20.0,4200,840.0,3360.0,2600,760.0,UPI,Ahmedabad,Jeans,Regular
O02754,C0145,P005,2025-05-18,1,Home,4200,2800,10.0,4200,420.0,3780.0,2800,980.0,Debit Card,Chennai,Coffee Maker,Premium
O02755,C0451,P009,2025-03-14,4,Fashion,3500,2200,15.0,14000,2100.0,11900.0,8800,3100.0,Debit Card,Delhi,Running Shoes,Premium
O02756,C0446,P001,2025-08-25,2,Electronics,2500,1800,0.0,5000,0.0,5000.0,3600,1400.0,Credit Card,Bengaluru,Wireless Headphones,Regular
O02757,C0223,P009,2025-02-15,3,Fashion,3500,2200,10.0,10500,1050.0,9450.0,6600,2850.0,Credit Card,Hyderabad,Running Shoes,Regular
O02758,C0371,P010,2025-04-16,1,Fashion,1800,1000,25.0,1800,450.0,1350.0,1000,350.0,UPI,Ahmedabad,Backpack,Budget
O02759,C0257,P007,2025-10-15,3,Home,1000,600,20.0,3000,600.0,2400.0,1800,600.0,UPI,Pune,Table Lamp,Regular
O02760,C0268,P004,2025-09-19,4,Electronics,1200,700,5.0,4800,240.0,4560.0,2800,1760.0,Debit Card,Mumbai,Power Bank,Regular
O02761,C0359,P003,2025-06-25,1,Electronics,2200,1400,5.0,2200,110.0,2090.0,1400,690.0,Credit Card,Ahmedabad,Bluetooth Speaker,Regular
O02762,C0004,P014,2025-06-15,1,Beauty,1500,900,10.0,1500,150.0,1350.0,900,450.0,UPI,Ahmedabad,Skin Care Kit,Budget
O02763,C0426,P010,2025-05-25,1,Fashion,1800,1000,15.0,1800,270.0,1530.0,1000,530.0,UPI,Pune,Backpack,Regular
O02764,C0397,P015,2025-11-26,3,Beauty,2500,1600,15.0,7500,1125.0,6375.0,4800,1575.0,UPI,Chennai,Hair Dryer,Regular
O02765,C0354,P011,2025-10-10,3,Fashion,2000,1200,15.0,6000,900.0,5100.0,3600,1500.0,UPI,Delhi,Hoodie,Regular
O02766,C0106,P014,2025-02-23,2,Beauty,1500,900,10.0,3000,300.0,2700.0,1800,900.0,Debit Card,Mumbai,Skin Care Kit,Regular
O02767,C0085,P006,2025-06-27,3,Home,4800,3200,20.0,14400,2880.0,11520.0,9600,1920.0,Cash on Delivery,Kolkata,Air Fryer,Regular
O02768,C0214,P012,2025-09-01,1,Fashion,2100,1300,10.0,2100,210.0,1890.0,1300,590.0,Debit Card,Hyderabad,Jeans,Regular
O02769,C0121,P013,2025-12-07,3,Beauty,850,500,0.0,2550,0.0,2550.0,1500,1050.0,Cash on Delivery,Bengaluru,Face Serum,Regular
O02770,C0132,P001,2025-05-07,2,Electronics,2500,1800,15.0,5000,750.0,4250.0,3600,650.0,Cash on Delivery,Chennai,Wireless Headphones,Regular
O02771,C0338,P003,2025-09-28,4,Electronics,2200,1400,25.0,8800,2200.0,6600.0,5600,1000.0,Credit Card,Bengaluru,Bluetooth Speaker,Premium
O02772,C0197,P002,2025-05-12,1,Electronics,5000,3500,15.0,5000,750.0,4250.0,3500,750.0,UPI,Hyderabad,Smart Watch,Premium
O02773,C0019,P011,2025-04-03,2,Fashion,2000,1200,15.0,4000,600.0,3400.0,2400,1000.0,Debit Card,Mumbai,Hoodie,Regular
O02774,C0130,P013,2025-03-14,2,Beauty,850,500,15.0,1700,255.0,1445.0,1000,445.0,UPI,Delhi,Face Serum,Budget
O02775,C0012,P009,2025-09-05,2,Fashion,3500,2200,20.0,7000,1400.0,5600.0,4400,1200.0,UPI,Kolkata,Running Shoes,Premium
O02776,C0081,P003,2025-12-14,4,Electronics,2200,1400,10.0,8800,880.0,7920.0,5600,2320.0,UPI,Hyderabad,Bluetooth Speaker,Regular
O02777,C0330,P013,2025-09-30,1,Beauty,850,500,10.0,850,85.0,765.0,500,265.0,Credit Card,Kolkata,Face Serum,Budget
O02778,C0354,P002,2025-02-12,1,Electronics,5000,3500,25.0,5000,1250.0,3750.0,3500,250.0,UPI,Delhi,Smart Watch,Regular
O02779,C0262,P004,2025-02-10,4,Electronics,1200,700,20.0,4800,960.0,3840.0,2800,1040.0,UPI,Bengaluru,Power Bank,Premium
O02780,C0392,P015,2025-06-19,2,Beauty,2500,1600,10.0,5000,500.0,4500.0,3200,1300.0,Credit Card,Kolkata,Hair Dryer,Regular
O02781,C0125,P014,2025-07-31,2,Beauty,1500,900,10.0,3000,300.0,2700.0,1800,900.0,Debit Card,Kolkata,Skin Care Kit,Premium
O02782,C0307,P002,2025-06-17,4,Electronics,5000,3500,10.0,20000,2000.0,18000.0,14000,4000.0,Credit Card,Hyderabad,Smart Watch,Budget
O02783,C0267,P001,2025-02-08,1,Electronics,2500,1800,0.0,2500,0.0,2500.0,1800,700.0,Debit Card,Delhi,Wireless Headphones,Regular
O02784,C0447,P006,2025-09-02,2,Home,4800,3200,25.0,9600,2400.0,7200.0,6400,800.0,UPI,Kolkata,Air Fryer,Budget
O02785,C0441,P015,2025-05-31,4,Beauty,2500,1600,10.0,10000,1000.0,9000.0,6400,2600.0,UPI,Mumbai,Hair Dryer,Regular
O02786,C0383,P010,2025-04-21,1,Fashion,1800,1000,20.0,1800,360.0,1440.0,1000,440.0,Credit Card,Pune,Backpack,Budget
O02787,C0140,P008,2025-02-16,1,Home,1500,900,5.0,1500,75.0,1425.0,900,525.0,Credit Card,Kolkata,Bedsheet Set,Regular
O02788,C0329,P010,2025-03-04,1,Fashion,1800,1000,10.0,1800,180.0,1620.0,1000,620.0,Credit Card,Ahmedabad,Backpack,Premium
O02789,C0002,P010,2025-08-13,1,Fashion,1800,1000,0.0,1800,0.0,1800.0,1000,800.0,Debit Card,Mumbai,Backpack,Regular
O02790,C0008,P002,2025-03-10,1,Electronics,5000,3500,15.0,5000,750.0,4250.0,3500,750.0,Debit Card,Ahmedabad,Smart Watch,Regular
O02791,C0250,P014,2025-10-26,4,Beauty,1500,900,15.0,6000,900.0,5100.0,3600,1500.0,Cash on Delivery,Chennai,Skin Care Kit,Budget
O02792,C0139,P009,2025-10-17,1,Fashion,3500,2200,15.0,3500,525.0,2975.0,2200,775.0,UPI,Mumbai,Running Shoes,Premium
O02793,C0124,P015,2025-10-23,4,Beauty,2500,1600,0.0,10000,0.0,10000.0,6400,3600.0,UPI,Bengaluru,Hair Dryer,Premium
O02794,C0309,P013,2025-07-22,4,Beauty,850,500,5.0,3400,170.0,3230.0,2000,1230.0,Credit Card,Ahmedabad,Face Serum,Premium
O02795,C0228,P003,2025-03-02,4,Electronics,2200,1400,0.0,8800,0.0,8800.0,5600,3200.0,UPI,Pune,Bluetooth Speaker,Budget
O02796,C0010,P008,2025-11-14,2,Home,1500,900,5.0,3000,150.0,2850.0,1800,1050.0,UPI,Hyderabad,Bedsheet Set,Regular
O02797,C0469,P012,2025-11-10,3,Fashion,2100,1300,15.0,6300,945.0,5355.0,3900,1455.0,UPI,Ahmedabad,Jeans,Budget
O02798,C0212,P008,2025-06-10,1,Home,1500,900,15.0,1500,225.0,1275.0,900,375.0,UPI,Pune,Bedsheet Set,Budget
O02799,C0112,P015,2025-11-27,2,Beauty,2500,1600,15.0,5000,750.0,4250.0,3200,1050.0,UPI,Hyderabad,Hair Dryer,Regular
O02800,C0008,P003,2025-01-16,1,Electronics,2200,1400,10.0,2200,220.0,1980.0,1400,580.0,UPI,Ahmedabad,Bluetooth Speaker,Regular
O02801,C0292,P003,2025-12-04,1,Electronics,2200,1400,5.0,2200,110.0,2090.0,1400,690.0,Credit Card,Pune,Bluetooth Speaker,Regular
O02802,C0477,P012,2025-04-04,1,Fashion,2100,1300,5.0,2100,105.0,1995.0,1300,695.0,Credit Card,Kolkata,Jeans,Regular
O02803,C0362,P015,2025-10-31,1,Beauty,2500,1600,0.0,2500,0.0,2500.0,1600,900.0,Debit Card,Chennai,Hair Dryer,Premium
O02804,C0460,P006,2025-05-18,3,Home,4800,3200,20.0,14400,2880.0,11520.0,9600,1920.0,Credit Card,Kolkata,Air Fryer,Budget
O02805,C0253,P001,2025-12-04,4,Electronics,2500,1800,15.0,10000,1500.0,8500.0,7200,1300.0,UPI,Ahmedabad,Wireless Headphones,Premium
O02806,C0014,P004,2025-02-07,2,Electronics,1200,700,5.0,2400,120.0,2280.0,1400,880.0,UPI,Kolkata,Power Bank,Regular
O02807,C0240,P001,2025-05-07,1,Electronics,2500,1800,5.0,2500,125.0,2375.0,1800,575.0,UPI,Delhi,Wireless Headphones,Premium
O02808,C0438,P014,2025-10-02,3,Beauty,1500,900,20.0,4500,900.0,3600.0,2700,900.0,Debit Card,Delhi,Skin Care Kit,Budget
O02809,C0242,P003,2025-06-13,3,Electronics,2200,1400,15.0,6600,990.0,5610.0,4200,1410.0,Debit Card,Chennai,Bluetooth Speaker,Regular
O02810,C0469,P009,2025-11-15,2,Fashion,3500,2200,15.0,7000,1050.0,5950.0,4400,1550.0,UPI,Ahmedabad,Running Shoes,Budget
O02811,C0342,P014,2025-03-18,1,Beauty,1500,900,10.0,1500,150.0,1350.0,900,450.0,UPI,Ahmedabad,Skin Care Kit,Regular
O02812,C0149,P014,2025-06-23,4,Beauty,1500,900,5.0,6000,300.0,5700.0,3600,2100.0,Cash on Delivery,Mumbai,Skin Care Kit,Regular
O02813,C0236,P005,2025-12-24,2,Home,4200,2800,25.0,8400,2100.0,6300.0,5600,700.0,Credit Card,Pune,Coffee Maker,Premium
O02814,C0306,P012,2025-11-17,2,Fashion,2100,1300,15.0,4200,630.0,3570.0,2600,970.0,Debit Card,Delhi,Jeans,Budget
O02815,C0478,P005,2025-04-01,3,Home,4200,2800,10.0,12600,1260.0,11340.0,8400,2940.0,UPI,Bengaluru,Coffee Maker,Regular
O02816,C0167,P011,2025-08-26,1,Fashion,2000,1200,20.0,2000,400.0,1600.0,1200,400.0,UPI,Bengaluru,Hoodie,Regular
O02817,C0020,P004,2025-09-21,1,Electronics,1200,700,15.0,1200,180.0,1020.0,700,320.0,Debit Card,Mumbai,Power Bank,Budget
O02818,C0216,P003,2025-06-28,4,Electronics,2200,1400,5.0,8800,440.0,8360.0,5600,2760.0,Credit Card,Bengaluru,Bluetooth Speaker,Regular
O02819,C0343,P005,2025-07-28,2,Home,4200,2800,10.0,8400,840.0,7560.0,5600,1960.0,Credit Card,Hyderabad,Coffee Maker,Premium
O02820,C0135,P015,2025-03-14,4,Beauty,2500,1600,5.0,10000,500.0,9500.0,6400,3100.0,Credit Card,Hyderabad,Hair Dryer,Regular
O02821,C0393,P014,2025-04-17,2,Beauty,1500,900,0.0,3000,0.0,3000.0,1800,1200.0,Credit Card,Kolkata,Skin Care Kit,Regular
O02822,C0129,P011,2025-12-11,1,Fashion,2000,1200,15.0,2000,300.0,1700.0,1200,500.0,Debit Card,Pune,Hoodie,Regular
O02823,C0410,P004,2025-10-22,4,Electronics,1200,700,5.0,4800,240.0,4560.0,2800,1760.0,UPI,Ahmedabad,Power Bank,Regular
O02824,C0422,P008,2025-10-11,1,Home,1500,900,20.0,1500,300.0,1200.0,900,300.0,UPI,Chennai,Bedsheet Set,Regular
O02825,C0294,P004,2025-12-19,3,Electronics,1200,700,25.0,3600,900.0,2700.0,2100,600.0,Debit Card,Mumbai,Power Bank,Regular
O02826,C0246,P011,2025-07-01,1,Fashion,2000,1200,0.0,2000,0.0,2000.0,1200,800.0,UPI,Pune,Hoodie,Regular
O02827,C0189,P012,2025-02-06,4,Fashion,2100,1300,10.0,8400,840.0,7560.0,5200,2360.0,Credit Card,Mumbai,Jeans,Regular
O02828,C0044,P008,2025-05-17,2,Home,1500,900,20.0,3000,600.0,2400.0,1800,600.0,Debit Card,Delhi,Bedsheet Set,Premium
O02829,C0086,P006,2025-12-04,4,Home,4800,3200,15.0,19200,2880.0,16320.0,12800,3520.0,Cash on Delivery,Chennai,Air Fryer,Premium
O02830,C0044,P015,2025-02-25,2,Beauty,2500,1600,15.0,5000,750.0,4250.0,3200,1050.0,UPI,Delhi,Hair Dryer,Premium
O02831,C0330,P014,2025-07-06,1,Beauty,1500,900,10.0,1500,150.0,1350.0,900,450.0,UPI,Kolkata,Skin Care Kit,Budget
O02832,C0375,P012,2025-12-07,1,Fashion,2100,1300,10.0,2100,210.0,1890.0,1300,590.0,Debit Card,Hyderabad,Jeans,Regular
O02833,C0446,P011,2025-09-15,2,Fashion,2000,1200,15.0,4000,600.0,3400.0,2400,1000.0,Debit Card,Bengaluru,Hoodie,Regular
O02834,C0378,P005,2025-02-27,3,Home,4200,2800,25.0,12600,3150.0,9450.0,8400,1050.0,Debit Card,Pune,Coffee Maker,Regular
O02835,C0390,P004,2025-12-29,1,Electronics,1200,700,10.0,1200,120.0,1080.0,700,380.0,Credit Card,Kolkata,Power Bank,Premium
O02836,C0145,P004,2025-05-03,2,Electronics,1200,700,20.0,2400,480.0,1920.0,1400,520.0,UPI,Chennai,Power Bank,Premium
O02837,C0051,P012,2025-07-07,2,Fashion,2100,1300,5.0,4200,210.0,3990.0,2600,1390.0,Credit Card,Mumbai,Jeans,Regular
O02838,C0242,P004,2025-08-18,1,Electronics,1200,700,25.0,1200,300.0,900.0,700,200.0,Debit Card,Chennai,Power Bank,Regular
O02839,C0294,P011,2025-06-17,1,Fashion,2000,1200,15.0,2000,300.0,1700.0,1200,500.0,Debit Card,Mumbai,Hoodie,Regular
O02840,C0408,P013,2025-04-24,1,Beauty,850,500,10.0,850,85.0,765.0,500,265.0,UPI,Bengaluru,Face Serum,Regular
O02841,C0051,P013,2025-09-09,3,Beauty,850,500,15.0,2550,382.5,2167.5,1500,667.5,UPI,Mumbai,Face Serum,Regular
O02842,C0266,P009,2025-04-17,3,Fashion,3500,2200,5.0,10500,525.0,9975.0,6600,3375.0,Credit Card,Mumbai,Running Shoes,Regular
O02843,C0120,P004,2025-02-06,2,Electronics,1200,700,5.0,2400,120.0,2280.0,1400,880.0,Cash on Delivery,Kolkata,Power Bank,Regular
O02844,C0200,P012,2025-12-01,2,Fashion,2100,1300,0.0,4200,0.0,4200.0,2600,1600.0,Credit Card,Pune,Jeans,Premium
O02845,C0405,P009,2025-04-02,1,Fashion,3500,2200,0.0,3500,0.0,3500.0,2200,1300.0,UPI,Bengaluru,Running Shoes,Regular
O02846,C0248,P013,2025-01-18,3,Beauty,850,500,10.0,2550,255.0,2295.0,1500,795.0,UPI,Ahmedabad,Face Serum,Regular
O02847,C0070,P010,2025-12-20,1,Fashion,1800,1000,15.0,1800,270.0,1530.0,1000,530.0,Credit Card,Bengaluru,Backpack,Premium
O02848,C0341,P006,2025-03-04,1,Home,4800,3200,15.0,4800,720.0,4080.0,3200,880.0,UPI,Chennai,Air Fryer,Regular
O02849,C0057,P010,2025-05-30,1,Fashion,1800,1000,0.0,1800,0.0,1800.0,1000,800.0,Debit Card,Kolkata,Backpack,Regular
O02850,C0382,P013,2025-05-19,4,Beauty,850,500,20.0,3400,680.0,2720.0,2000,720.0,Debit Card,Delhi,Face Serum,Budget
O02851,C0039,P007,2025-07-05,3,Home,1000,600,15.0,3000,450.0,2550.0,1800,750.0,Credit Card,Chennai,Table Lamp,Budget
O02852,C0472,P012,2025-07-04,3,Fashion,2100,1300,25.0,6300,1575.0,4725.0,3900,825.0,UPI,Delhi,Jeans,Regular
O02853,C0289,P010,2025-07-24,1,Fashion,1800,1000,15.0,1800,270.0,1530.0,1000,530.0,Debit Card,Delhi,Backpack,Regular
O02854,C0443,P003,2025-09-17,3,Electronics,2200,1400,5.0,6600,330.0,6270.0,4200,2070.0,UPI,Kolkata,Bluetooth Speaker,Budget
O02855,C0018,P008,2025-08-02,4,Home,1500,900,10.0,6000,600.0,5400.0,3600,1800.0,UPI,Chennai,Bedsheet Set,Premium
O02856,C0440,P003,2025-09-13,1,Electronics,2200,1400,15.0,2200,330.0,1870.0,1400,470.0,Cash on Delivery,Kolkata,Bluetooth Speaker,Regular
O02857,C0220,P001,2025-05-15,1,Electronics,2500,1800,0.0,2500,0.0,2500.0,1800,700.0,Debit Card,Mumbai,Wireless Headphones,Regular
O02858,C0313,P013,2025-03-02,2,Beauty,850,500,0.0,1700,0.0,1700.0,1000,700.0,Debit Card,Delhi,Face Serum,Regular
O02859,C0244,P013,2025-12-29,2,Beauty,850,500,0.0,1700,0.0,1700.0,1000,700.0,UPI,Bengaluru,Face Serum,Regular
O02860,C0352,P010,2025-11-06,1,Fashion,1800,1000,5.0,1800,90.0,1710.0,1000,710.0,UPI,Bengaluru,Backpack,Premium
O02861,C0460,P012,2025-03-29,2,Fashion,2100,1300,10.0,4200,420.0,3780.0,2600,1180.0,UPI,Kolkata,Jeans,Budget
O02862,C0304,P005,2025-11-20,1,Home,4200,2800,10.0,4200,420.0,3780.0,2800,980.0,UPI,Ahmedabad,Coffee Maker,Regular
O02863,C0298,P002,2025-07-26,2,Electronics,5000,3500,0.0,10000,0.0,10000.0,7000,3000.0,Debit Card,Pune,Smart Watch,Premium
O02864,C0283,P010,2025-05-09,1,Fashion,1800,1000,15.0,1800,270.0,1530.0,1000,530.0,UPI,Pune,Backpack,Regular
O02865,C0074,P014,2025-11-07,4,Beauty,1500,900,15.0,6000,900.0,5100.0,3600,1500.0,Debit Card,Bengaluru,Skin Care Kit,Budget
O02866,C0110,P006,2025-01-03,1,Home,4800,3200,5.0,4800,240.0,4560.0,3200,1360.0,UPI,Pune,Air Fryer,Budget
O02867,C0180,P013,2025-08-30,2,Beauty,850,500,0.0,1700,0.0,1700.0,1000,700.0,UPI,Kolkata,Face Serum,Regular
O02868,C0426,P010,2025-05-01,1,Fashion,1800,1000,0.0,1800,0.0,1800.0,1000,800.0,Cash on Delivery,Pune,Backpack,Regular
O02869,C0032,P009,2025-04-12,1,Fashion,3500,2200,10.0,3500,350.0,3150.0,2200,950.0,UPI,Pune,Running Shoes,Regular
O02870,C0234,P001,2025-02-07,3,Electronics,2500,1800,5.0,7500,375.0,7125.0,5400,1725.0,UPI,Bengaluru,Wireless Headphones,Regular
O02871,C0282,P014,2025-12-07,1,Beauty,1500,900,10.0,1500,150.0,1350.0,900,450.0,UPI,Bengaluru,Skin Care Kit,Premium
O02872,C0025,P013,2025-05-13,1,Beauty,850,500,15.0,850,127.5,722.5,500,222.5,UPI,Chennai,Face Serum,Regular
O02873,C0331,P004,2025-07-21,1,Electronics,1200,700,10.0,1200,120.0,1080.0,700,380.0,Credit Card,Kolkata,Power Bank,Premium
O02874,C0279,P015,2025-12-14,4,Beauty,2500,1600,5.0,10000,500.0,9500.0,6400,3100.0,UPI,Kolkata,Hair Dryer,Budget
O02875,C0226,P001,2025-01-21,3,Electronics,2500,1800,10.0,7500,750.0,6750.0,5400,1350.0,Credit Card,Ahmedabad,Wireless Headphones,Regular
O02876,C0057,P001,2025-08-30,3,Electronics,2500,1800,15.0,7500,1125.0,6375.0,5400,975.0,Debit Card,Kolkata,Wireless Headphones,Regular
O02877,C0180,P008,2025-04-19,1,Home,1500,900,20.0,1500,300.0,1200.0,900,300.0,Credit Card,Kolkata,Bedsheet Set,Regular
O02878,C0232,P014,2025-10-30,4,Beauty,1500,900,15.0,6000,900.0,5100.0,3600,1500.0,UPI,Chennai,Skin Care Kit,Regular
O02879,C0382,P014,2025-03-25,3,Beauty,1500,900,15.0,4500,675.0,3825.0,2700,1125.0,Credit Card,Delhi,Skin Care Kit,Budget
O02880,C0343,P013,2025-03-24,2,Beauty,850,500,10.0,1700,170.0,1530.0,1000,530.0,UPI,Hyderabad,Face Serum,Premium
O02881,C0477,P014,2025-10-18,1,Beauty,1500,900,10.0,1500,150.0,1350.0,900,450.0,Credit Card,Kolkata,Skin Care Kit,Regular
O02882,C0287,P011,2025-03-10,2,Fashion,2000,1200,20.0,4000,800.0,3200.0,2400,800.0,Credit Card,Pune,Hoodie,Premium
O02883,C0064,P015,2025-05-09,2,Beauty,2500,1600,0.0,5000,0.0,5000.0,3200,1800.0,UPI,Delhi,Hair Dryer,Budget
O02884,C0455,P002,2025-07-15,2,Electronics,5000,3500,25.0,10000,2500.0,7500.0,7000,500.0,Debit Card,Mumbai,Smart Watch,Regular
O02885,C0232,P001,2025-05-20,4,Electronics,2500,1800,15.0,10000,1500.0,8500.0,7200,1300.0,Cash on Delivery,Chennai,Wireless Headphones,Regular
O02886,C0289,P011,2025-10-10,1,Fashion,2000,1200,15.0,2000,300.0,1700.0,1200,500.0,Debit Card,Delhi,Hoodie,Regular
O02887,C0213,P008,2025-11-08,3,Home,1500,900,0.0,4500,0.0,4500.0,2700,1800.0,UPI,Mumbai,Bedsheet Set,Regular
O02888,C0258,P004,2025-08-22,4,Electronics,1200,700,15.0,4800,720.0,4080.0,2800,1280.0,Credit Card,Delhi,Power Bank,Regular
O02889,C0018,P003,2025-01-23,3,Electronics,2200,1400,10.0,6600,660.0,5940.0,4200,1740.0,Cash on Delivery,Chennai,Bluetooth Speaker,Premium
O02890,C0175,P013,2025-06-02,1,Beauty,850,500,0.0,850,0.0,850.0,500,350.0,UPI,Delhi,Face Serum,Premium
O02891,C0417,P012,2025-10-04,3,Fashion,2100,1300,5.0,6300,315.0,5985.0,3900,2085.0,Debit Card,Pune,Jeans,Regular
O02892,C0229,P004,2025-03-02,2,Electronics,1200,700,20.0,2400,480.0,1920.0,1400,520.0,UPI,Chennai,Power Bank,Regular
O02893,C0226,P014,2025-11-15,2,Beauty,1500,900,10.0,3000,300.0,2700.0,1800,900.0,UPI,Ahmedabad,Skin Care Kit,Regular
O02894,C0084,P011,2025-02-21,1,Fashion,2000,1200,10.0,2000,200.0,1800.0,1200,600.0,Debit Card,Chennai,Hoodie,Budget
O02895,C0291,P005,2025-12-10,1,Home,4200,2800,0.0,4200,0.0,4200.0,2800,1400.0,Debit Card,Mumbai,Coffee Maker,Budget
O02896,C0435,P001,2025-06-02,2,Electronics,2500,1800,15.0,5000,750.0,4250.0,3600,650.0,Debit Card,Pune,Wireless Headphones,Regular
O02897,C0370,P015,2025-08-25,4,Beauty,2500,1600,15.0,10000,1500.0,8500.0,6400,2100.0,Cash on Delivery,Delhi,Hair Dryer,Budget
O02898,C0246,P014,2025-11-07,2,Beauty,1500,900,15.0,3000,450.0,2550.0,1800,750.0,UPI,Pune,Skin Care Kit,Regular
O02899,C0402,P011,2025-10-29,2,Fashion,2000,1200,10.0,4000,400.0,3600.0,2400,1200.0,UPI,Hyderabad,Hoodie,Premium
O02900,C0110,P001,2025-02-01,1,Electronics,2500,1800,10.0,2500,250.0,2250.0,1800,450.0,Cash on Delivery,Pune,Wireless Headphones,Budget
O02901,C0254,P003,2025-02-24,1,Electronics,2200,1400,15.0,2200,330.0,1870.0,1400,470.0,UPI,Kolkata,Bluetooth Speaker,Regular
O02902,C0088,P006,2025-12-18,3,Home,4800,3200,5.0,14400,720.0,13680.0,9600,4080.0,Credit Card,Ahmedabad,Air Fryer,Regular
O02903,C0072,P001,2025-02-05,3,Electronics,2500,1800,20.0,7500,1500.0,6000.0,5400,600.0,Credit Card,Pune,Wireless Headphones,Regular
O02904,C0381,P014,2025-04-20,4,Beauty,1500,900,10.0,6000,900.0,5100.0,3600,1500.0,UPI,Pune,Skin Care Kit,Budget
O02905,C0030,P011,2025-06-26,2,Fashion,2000,1200,10.0,4000,400.0,3600.0,2400,1200.0,UPI,Hyderabad,Hoodie,Budget
O02906,C0172,P012,2025-12-28,4,Fashion,2100,1300,10.0,8400,840.0,7560.0,5200,2360.0,Credit Card,Bengaluru,Jeans,Budget
O02907,C0309,P015,2025-11-10,1,Beauty,2500,1600,20.0,2500,500.0,2000.0,1600,400.0,Debit Card,Ahmedabad,Hair Dryer,Premium
O02908,C0394,P002,2025-10-22,3,Electronics,5000,3500,5.0,15000,750.0,14250.0,10500,3750.0,Debit Card,Ahmedabad,Smart Watch,Premium
O02909,C0343,P015,2025-12-02,2,Beauty,2500,1600,5.0,5000,250.0,4750.0,3200,1550.0,Credit Card,Hyderabad,Hair Dryer,Premium
O02910,C0436,P012,2025-04-07,4,Fashion,2100,1300,15.0,8400,1260.0,7140.0,5200,1940.0,Credit Card,Bengaluru,Jeans,Premium
O02911,C0177,P014,2025-08-01,2,Beauty,1500,900,10.0,3000,300.0,2700.0,1800,900.0,UPI,Mumbai,Skin Care Kit,Regular
O02912,C0139,P007,2025-11-13,2,Home,1000,600,15.0,2000,300.0,1700.0,1200,500.0,UPI,Mumbai,Table Lamp,Premium
O02913,C0194,P014,2025-05-17,1,Beauty,1500,900,0.0,1500,0.0,1500.0,900,600.0,UPI,Ahmedabad,Skin Care Kit,Regular
O02914,C0186,P014,2025-01-06,2,Beauty,1500,900,15.0,3000,450.0,2550.0,1800,750.0,UPI,Bengaluru,Skin Care Kit,Regular
O02915,C0218,P001,2025-04-19,1,Electronics,2500,1800,0.0,2500,0.0,2500.0,1800,700.0,UPI,Kolkata,Wireless Headphones,Regular
O02916,C0164,P013,2025-02-04,3,Beauty,850,500,0.0,2550,0.0,2550.0,1500,1050.0,UPI,Ahmedabad,Face Serum,Premium
O02917,C0161,P014,2025-02-08,2,Beauty,1500,900,20.0,3000,600.0,2400.0,1800,600.0,UPI,Pune,Skin Care Kit,Premium
O02918,C0431,P015,2025-05-30,4,Beauty,2500,1600,15.0,10000,1500.0,8500.0,6400,2100.0,UPI,Delhi,Hair Dryer,Regular
O02919,C0013,P007,2025-04-28,1,Home,1000,600,10.0,1000,100.0,900.0,600,300.0,Credit Card,Pune,Table Lamp,Regular
O02920,C0296,P015,2025-09-18,4,Beauty,2500,1600,5.0,10000,500.0,9500.0,6400,3100.0,Credit Card,Mumbai,Hair Dryer,Budget
O02921,C0089,P004,2025-03-28,3,Electronics,1200,700,15.0,3600,540.0,3060.0,2100,960.0,UPI,Delhi,Power Bank,Regular
O02922,C0324,P010,2025-03-17,2,Fashion,1800,1000,10.0,3600,360.0,3240.0,2000,1240.0,Cash on Delivery,Chennai,Backpack,Regular
O02923,C0042,P014,2025-11-09,2,Beauty,1500,900,25.0,3000,750.0,2250.0,1800,450.0,UPI,Hyderabad,Skin Care Kit,Premium
O02924,C0403,P006,2025-08-02,2,Home,4800,3200,25.0,9600,2400.0,7200.0,6400,800.0,Debit Card,Ahmedabad,Air Fryer,Budget
O02925,C0210,P014,2025-10-12,1,Beauty,1500,900,15.0,1500,225.0,1275.0,900,375.0,UPI,Hyderabad,Skin Care Kit,Premium
O02926,C0229,P008,2025-08-27,1,Home,1500,900,10.0,1500,150.0,1350.0,900,450.0,Debit Card,Chennai,Bedsheet Set,Regular
O02927,C0350,P009,2025-06-14,3,Fashion,3500,2200,10.0,10500,1050.0,9450.0,6600,2850.0,UPI,Kolkata,Running Shoes,Premium
O02928,C0275,P006,2025-03-28,2,Home,4800,3200,15.0,9600,1440.0,8160.0,6400,1760.0,Debit Card,Chennai,Air Fryer,Regular
O02929,C0442,P012,2025-05-21,1,Fashion,2100,1300,0.0,2100,0.0,2100.0,1300,800.0,UPI,Chennai,Jeans,Budget
O02930,C0279,P011,2025-06-09,1,Fashion,2000,1200,10.0,2000,200.0,1800.0,1200,600.0,Debit Card,Kolkata,Hoodie,Budget
O02931,C0251,P013,2025-02-15,4,Beauty,850,500,0.0,3400,0.0,3400.0,2000,1400.0,UPI,Mumbai,Face Serum,Budget
O02932,C0310,P015,2025-04-22,3,Beauty,2500,1600,0.0,7500,0.0,7500.0,4800,2700.0,UPI,Kolkata,Hair Dryer,Premium
O02933,C0208,P014,2025-02-14,2,Beauty,1500,900,5.0,3000,150.0,2850.0,1800,1050.0,Debit Card,Hyderabad,Skin Care Kit,Premium
O02934,C0321,P009,2025-09-04,4,Fashion,3500,2200,10.0,14000,1400.0,12600.0,8800,3800.0,UPI,Chennai,Running Shoes,Regular
O02935,C0140,P004,2025-04-14,4,Electronics,1200,700,15.0,4800,720.0,4080.0,2800,1280.0,Cash on Delivery,Kolkata,Power Bank,Regular
O02936,C0280,P006,2025-03-26,1,Home,4800,3200,10.0,4800,480.0,4320.0,3200,1120.0,UPI,Pune,Air Fryer,Regular
O02937,C0034,P008,2025-05-14,1,Home,1500,900,10.0,1500,150.0,1350.0,900,450.0,Credit Card,Bengaluru,Bedsheet Set,Budget
O02938,C0309,P009,2025-04-18,1,Fashion,3500,2200,0.0,3500,0.0,3500.0,2200,1300.0,Debit Card,Ahmedabad,Running Shoes,Premium
O02939,C0392,P003,2025-01-18,1,Electronics,2200,1400,15.0,2200,330.0,1870.0,1400,470.0,UPI,Kolkata,Bluetooth Speaker,Regular
O02940,C0018,P002,2025-04-04,2,Electronics,5000,3500,5.0,10000,500.0,9500.0,7000,2500.0,UPI,Chennai,Smart Watch,Premium
O02941,C0057,P006,2025-05-30,1,Home,4800,3200,15.0,4800,720.0,4080.0,3200,880.0,Debit Card,Kolkata,Air Fryer,Regular
O02942,C0112,P004,2025-09-03,1,Electronics,1200,700,25.0,1200,300.0,900.0,700,200.0,Debit Card,Hyderabad,Power Bank,Regular
O02943,C0005,P001,2025-10-16,2,Electronics,2500,1800,0.0,5000,0.0,5000.0,3600,1400.0,Cash on Delivery,Ahmedabad,Wireless Headphones,Premium
O02944,C0410,P008,2025-07-28,1,Home,1500,900,5.0,1500,75.0,1425.0,900,525.0,UPI,Ahmedabad,Bedsheet Set,Regular
O02945,C0414,P009,2025-05-06,2,Fashion,3500,2200,10.0,7000,700.0,6300.0,4400,1900.0,Credit Card,Bengaluru,Running Shoes,Regular
O02946,C0182,P014,2025-08-23,1,Beauty,1500,900,25.0,1500,375.0,1125.0,900,225.0,UPI,Mumbai,Skin Care Kit,Regular
O02947,C0013,P009,2025-05-02,4,Fashion,3500,2200,15.0,14000,2100.0,11900.0,8800,3100.0,UPI,Pune,Running Shoes,Regular
O02948,C0339,P002,2025-05-18,3,Electronics,5000,3500,20.0,15000,3000.0,12000.0,10500,1500.0,Debit Card,Bengaluru,Smart Watch,Regular
O02949,C0285,P009,2025-04-25,3,Fashion,3500,2200,10.0,10500,1050.0,9450.0,6600,2850.0,UPI,Pune,Running Shoes,Regular
O02950,C0259,P007,2025-06-11,1,Home,1000,600,25.0,1000,250.0,750.0,600,150.0,UPI,Kolkata,Table Lamp,Regular
O02951,C0090,P005,2025-07-20,4,Home,4200,2800,0.0,16800,0.0,16800.0,11200,5600.0,UPI,Mumbai,Coffee Maker,Budget
O02952,C0104,P007,2025-08-22,1,Home,1000,600,0.0,1000,0.0,1000.0,600,400.0,Debit Card,Chennai,Table Lamp,Budget
O02953,C0379,P013,2025-01-28,2,Beauty,850,500,20.0,1700,340.0,1360.0,1000,360.0,Cash on Delivery,Delhi,Face Serum,Premium
O02954,C0186,P009,2025-01-11,2,Fashion,3500,2200,20.0,7000,1400.0,5600.0,4400,1200.0,Credit Card,,Running Shoes,Regular
O02955,C0250,P008,2025-07-25,4,Home,1500,900,0.0,6000,0.0,6000.0,3600,2400.0,Credit Card,Chennai,Bedsheet Set,Budget
O02956,C0255,P006,2025-06-16,1,Home,4800,3200,0.0,4800,0.0,4800.0,3200,1600.0,Debit Card,Mumbai,Air Fryer,Regular
O02957,C0076,P013,2025-09-04,3,Beauty,850,500,0.0,2550,0.0,2550.0,1500,1050.0,Credit Card,Kolkata,Face Serum,Budget
O02958,C0386,P004,2025-02-16,3,Electronics,1200,700,0.0,3600,0.0,3600.0,2100,1500.0,UPI,Bengaluru,Power Bank,Budget
O02959,C0459,P013,2025-09-03,2,Beauty,850,500,5.0,1700,85.0,1615.0,1000,615.0,UPI,Kolkata,Face Serum,Regular
O02960,C0108,P015,2025-05-07,2,Beauty,2500,1600,25.0,5000,1250.0,3750.0,3200,550.0,UPI,Kolkata,Hair Dryer,Premium
O02961,C0156,P001,2025-05-27,1,Electronics,2500,1800,15.0,2500,375.0,2125.0,1800,325.0,Credit Card,Delhi,Wireless Headphones,Premium
O02962,C0082,P006,2025-04-28,1,Home,4800,3200,15.0,4800,720.0,4080.0,3200,880.0,Debit Card,Mumbai,Air Fryer,Premium
O02963,C0077,P003,2025-06-01,2,Electronics,2200,1400,15.0,4400,660.0,3740.0,2800,940.0,UPI,Hyderabad,Bluetooth Speaker,Regular
O02964,C0485,P006,2025-03-13,2,Home,4800,3200,10.0,9600,960.0,8640.0,6400,2240.0,UPI,Pune,Air Fryer,Regular
O02965,C0470,P006,2025-12-29,2,Home,4800,3200,15.0,9600,1440.0,8160.0,6400,1760.0,Cash on Delivery,Delhi,Air Fryer,Regular
O02966,C0460,P014,2025-05-17,3,Beauty,1500,900,15.0,4500,675.0,3825.0,2700,1125.0,Debit Card,Kolkata,Skin Care Kit,Budget
O02967,C0258,P004,2025-06-24,2,Electronics,1200,700,10.0,2400,240.0,2160.0,1400,760.0,Credit Card,Delhi,Power Bank,Regular
O02968,C0127,P002,2025-10-16,4,Electronics,5000,3500,15.0,20000,3000.0,17000.0,14000,3000.0,UPI,Bengaluru,Smart Watch,Regular
O02969,C0485,P015,2025-01-19,2,Beauty,2500,1600,10.0,5000,500.0,4500.0,3200,1300.0,UPI,Pune,Hair Dryer,Regular
O02970,C0391,P009,2025-07-14,2,Fashion,3500,2200,20.0,7000,1400.0,5600.0,4400,1200.0,UPI,Mumbai,Running Shoes,Regular
O02971,C0282,P002,2025-11-26,1,Electronics,5000,3500,25.0,5000,1250.0,3750.0,3500,250.0,UPI,Bengaluru,Smart Watch,Premium
O02972,C0474,P003,2025-06-24,1,Electronics,2200,1400,10.0,2200,220.0,1980.0,1400,580.0,UPI,Bengaluru,Bluetooth Speaker,Premium
O02973,C0088,P010,2025-12-20,1,Fashion,1800,1000,15.0,1800,270.0,1530.0,1000,530.0,Credit Card,Ahmedabad,Backpack,Regular
O02974,C0204,P001,2025-05-21,1,Electronics,2500,1800,0.0,2500,0.0,2500.0,1800,700.0,UPI,Hyderabad,Wireless Headphones,Regular
O02975,C0016,P007,2025-09-03,1,Home,1000,600,15.0,1000,150.0,850.0,600,250.0,UPI,Bengaluru,Table Lamp,Regular
O02976,C0151,P015,2025-04-03,4,Beauty,2500,1600,10.0,10000,1000.0,9000.0,6400,2600.0,UPI,Ahmedabad,Hair Dryer,Regular
O02977,C0424,P001,2025-08-27,2,Electronics,2500,1800,0.0,5000,0.0,5000.0,3600,1400.0,Credit Card,Chennai,Wireless Headphones,Premium
O02978,C0254,P011,2025-07-24,2,Fashion,2000,1200,10.0,4000,400.0,3600.0,2400,1200.0,Credit Card,Kolkata,Hoodie,Regular
O02979,C0188,P009,2025-02-17,4,Fashion,3500,2200,15.0,14000,2100.0,11900.0,8800,3100.0,Credit Card,Kolkata,Running Shoes,Regular
O02980,C0329,P011,2025-09-02,3,Fashion,2000,1200,0.0,6000,0.0,6000.0,3600,2400.0,UPI,Ahmedabad,Hoodie,Premium
O02981,C0032,P011,2025-11-16,1,Fashion,2000,1200,20.0,2000,400.0,1600.0,1200,400.0,UPI,Pune,Hoodie,Regular
O02982,C0271,P001,2025-11-13,2,Electronics,2500,1800,0.0,5000,0.0,5000.0,3600,1400.0,UPI,Mumbai,Wireless Headphones,Premium
O02983,C0485,P005,2025-10-22,1,Home,4200,2800,20.0,4200,840.0,3360.0,2800,560.0,UPI,Pune,Coffee Maker,Regular
O02984,C0397,P007,2025-05-08,2,Home,1000,600,15.0,2000,300.0,1700.0,1200,500.0,Debit Card,Chennai,Table Lamp,Regular
O02985,C0005,P003,2025-12-10,1,Electronics,2200,1400,10.0,2200,220.0,1980.0,1400,580.0,Cash on Delivery,Ahmedabad,Bluetooth Speaker,Premium
O02986,C0459,P009,2025-10-09,1,Fashion,3500,2200,10.0,3500,350.0,3150.0,2200,950.0,Credit Card,Kolkata,Running Shoes,Regular
O02987,C0330,P008,2025-01-17,1,Home,1500,900,15.0,1500,225.0,1275.0,900,375.0,Cash on Delivery,Kolkata,Bedsheet Set,Budget
O02988,C0308,P013,2025-03-12,2,Beauty,850,500,15.0,1700,255.0,1445.0,1000,445.0,Credit Card,Kolkata,Face Serum,Premium
O02989,C0333,P015,2025-09-26,1,Beauty,2500,1600,15.0,2500,375.0,2125.0,1600,525.0,UPI,Kolkata,Hair Dryer,Regular
O02990,C0169,P003,2025-11-21,2,Electronics,2200,1400,10.0,4400,440.0,3960.0,2800,1160.0,Cash on Delivery,Pune,Bluetooth Speaker,Budget
O02991,C0181,P015,2025-10-09,2,Beauty,2500,1600,10.0,5000,500.0,4500.0,3200,1300.0,UPI,Kolkata,Hair Dryer,Regular
O02992,C0366,P005,2025-11-01,4,Home,4200,2800,25.0,16800,4200.0,12600.0,11200,1400.0,Credit Card,Mumbai,Coffee Maker,Budget
O02993,C0178,P007,2025-01-07,2,Home,1000,600,5.0,2000,100.0,1900.0,1200,700.0,UPI,Mumbai,Table Lamp,Regular
O02994,C0143,P012,2025-11-10,4,Fashion,2100,1300,10.0,8400,840.0,7560.0,5200,2360.0,UPI,Pune,Jeans,Regular
O02995,C0362,P014,2025-11-01,2,Beauty,1500,900,5.0,3000,150.0,2850.0,1800,1050.0,Credit Card,Chennai,Skin Care Kit,Premium
O02996,C0248,P004,2025-04-13,2,Electronics,1200,700,15.0,2400,360.0,2040.0,1400,640.0,UPI,Ahmedabad,Power Bank,Regular
O02997,C0127,P005,2025-11-05,2,Home,4200,2800,15.0,8400,1260.0,7140.0,5600,1540.0,UPI,Bengaluru,Coffee Maker,Regular
O02998,C0263,P003,2025-07-12,2,Electronics,2200,1400,5.0,4400,220.0,4180.0,2800,1380.0,UPI,Bengaluru,Bluetooth Speaker,Regular
O02999,C0040,P009,2025-08-29,1,Fashion,3500,2200,0.0,3500,0.0,3500.0,2200,1300.0,UPI,Kolkata,Running Shoes,Regular
O03000,C0412,P010,2025-03-03,2,Fashion,1800,1000,0.0,3600,0.0,3600.0,2000,1600.0,Cash on Delivery,Pune,Backpack,Premium
O03001,C0416,P009,2025-01-17,2,Fashion,3500,2200,10.0,7000,700.0,6300.0,4400,1900.0,Debit Card,Pune,Running Shoes,Regular
O03002,C0355,P007,2025-06-20,1,Home,1000,600,10.0,1000,100.0,900.0,600,300.0,Credit Card,Hyderabad,Table Lamp,Budget
O03003,C0255,P010,2025-01-25,2,Fashion,1800,1000,25.0,3600,900.0,2700.0,2000,700.0,UPI,Mumbai,Backpack,Regular
O03004,C0143,P002,2025-09-08,1,Electronics,5000,3500,10.0,5000,500.0,4500.0,3500,1000.0,Debit Card,Pune,Smart Watch,Regular
O03005,C0240,P007,2025-09-10,4,Home,1000,600,5.0,4000,200.0,3800.0,2400,1400.0,UPI,Delhi,Table Lamp,Premium
O03006,C0228,P007,2025-07-26,2,Home,1000,600,20.0,2000,400.0,1600.0,1200,400.0,UPI,Pune,Table Lamp,Budget
O03007,C0341,P011,2025-01-29,2,Fashion,2000,1200,10.0,4000,400.0,3600.0,2400,1200.0,UPI,Chennai,Hoodie,Regular
O03008,C0198,P005,2025-04-27,1,Home,4200,2800,15.0,4200,630.0,3570.0,2800,770.0,Debit Card,Ahmedabad,Coffee Maker,Premium
O03009,C0065,P009,2025-10-09,1,Fashion,3500,2200,0.0,3500,0.0,3500.0,2200,1300.0,UPI,Kolkata,Running Shoes,Regular
O03010,C0388,P013,2025-05-24,4,Beauty,850,500,10.0,3400,340.0,3060.0,2000,1060.0,UPI,Bengaluru,Face Serum,Budget
O03011,C0011,P012,2025-01-25,1,Fashion,2100,1300,20.0,2100,420.0,1680.0,1300,380.0,Credit Card,Mumbai,Jeans,Premium
O03012,C0108,P011,2025-11-06,3,Fashion,2000,1200,15.0,6000,900.0,5100.0,3600,1500.0,UPI,Kolkata,Hoodie,Premium
O03013,C0026,P003,2025-06-05,1,Electronics,2200,1400,10.0,2200,220.0,1980.0,1400,580.0,Credit Card,Pune,Bluetooth Speaker,Regular
O03014,C0445,P004,2025-03-14,1,Electronics,1200,700,15.0,1200,180.0,1020.0,700,320.0,Credit Card,Chennai,Power Bank,Premium
O03015,C0421,P001,2025-04-30,1,Electronics,2500,1800,20.0,2500,500.0,2000.0,1800,200.0,UPI,Pune,Wireless Headphones,Premium
O03016,C0151,P006,2025-11-08,2,Home,4800,3200,5.0,9600,480.0,9120.0,6400,2720.0,UPI,Ahmedabad,Air Fryer,Regular
O03017,C0221,P004,2025-11-17,1,Electronics,1200,700,10.0,1200,120.0,1080.0,700,380.0,UPI,Mumbai,Power Bank,Regular
O03018,C0341,P001,2025-04-03,1,Electronics,2500,1800,25.0,2500,625.0,1875.0,1800,75.0,Debit Card,Chennai,Wireless Headphones,Regular
O03019,C0496,P002,2025-03-27,2,Electronics,5000,3500,5.0,10000,500.0,9500.0,7000,2500.0,Debit Card,Hyderabad,Smart Watch,Regular
O03020,C0237,P015,2025-12-02,4,Beauty,2500,1600,15.0,10000,1500.0,8500.0,6400,2100.0,UPI,Kolkata,Hair Dryer,Regular
O03021,C0237,P003,2025-12-30,1,Electronics,2200,1400,15.0,2200,330.0,1870.0,1400,470.0,UPI,Kolkata,Bluetooth Speaker,Regular
O03022,C0497,P009,2025-04-28,3,Fashion,3500,2200,15.0,10500,1575.0,8925.0,6600,2325.0,UPI,Delhi,Running Shoes,Regular
O03023,C0219,P013,2025-08-21,3,Beauty,850,500,10.0,2550,255.0,2295.0,1500,795.0,Credit Card,Mumbai,Face Serum,Premium
O03024,C0487,P008,2025-07-18,1,Home,1500,900,10.0,1500,150.0,1350.0,900,450.0,Debit Card,Delhi,Bedsheet Set,Regular
O03025,C0424,P007,2025-07-25,1,Home,1000,600,15.0,1000,150.0,850.0,600,250.0,UPI,Chennai,Table Lamp,Premium
O03026,C0461,P013,2025-12-05,1,Beauty,850,500,5.0,850,42.5,807.5,500,307.5,Credit Card,Kolkata,Face Serum,Budget
O03027,C0151,P015,2025-05-27,1,Beauty,2500,1600,10.0,2500,250.0,2250.0,1600,650.0,Debit Card,Ahmedabad,Hair Dryer,Regular
O03028,C0123,P011,2025-09-28,1,Fashion,2000,1200,5.0,2000,100.0,1900.0,1200,700.0,Cash on Delivery,Delhi,Hoodie,Regular
O03029,C0144,P012,2025-05-19,2,Fashion,2100,1300,0.0,4200,0.0,4200.0,2600,1600.0,UPI,Hyderabad,Jeans,Budget
O03030,C0478,P014,2025-06-30,3,Beauty,1500,900,25.0,4500,1125.0,3375.0,2700,675.0,UPI,Bengaluru,Skin Care Kit,Regular
O03031,C0189,P004,2025-01-30,1,Electronics,1200,700,10.0,1200,120.0,1080.0,700,380.0,UPI,Mumbai,Power Bank,Regular
O03032,C0255,P001,2025-02-26,3,Electronics,2500,1800,25.0,7500,1875.0,5625.0,5400,225.0,Debit Card,Mumbai,Wireless Headphones,Regular
O03033,C0068,P008,2025-08-20,1,Home,1500,900,0.0,1500,0.0,1500.0,900,600.0,Debit Card,Delhi,Bedsheet Set,Premium
O03034,C0104,P004,2025-05-26,3,Electronics,1200,700,15.0,3600,540.0,3060.0,2100,960.0,Credit Card,Chennai,Power Bank,Budget
O03035,C0336,P003,2025-02-17,1,Electronics,2200,1400,5.0,2200,110.0,2090.0,1400,690.0,UPI,Chennai,Bluetooth Speaker,Regular
O03036,C0159,P009,2025-07-13,3,Fashion,3500,2200,15.0,10500,1575.0,8925.0,6600,2325.0,UPI,Ahmedabad,Running Shoes,Premium
O03037,C0309,P010,2025-08-12,3,Fashion,1800,1000,15.0,5400,810.0,4590.0,3000,1590.0,UPI,Ahmedabad,Backpack,Premium
O03038,C0362,P004,2025-05-16,1,Electronics,1200,700,0.0,1200,0.0,1200.0,700,500.0,Credit Card,Chennai,Power Bank,Premium
O03039,C0409,P004,2025-01-22,4,Electronics,1200,700,20.0,4800,960.0,3840.0,2800,1040.0,UPI,Pune,Power Bank,Budget
O03040,C0300,P014,2025-01-06,1,Beauty,1500,900,5.0,1500,75.0,1425.0,900,525.0,UPI,Hyderabad,Skin Care Kit,Premium
O03041,C0396,P009,2025-07-23,1,Fashion,3500,2200,15.0,3500,525.0,2975.0,2200,775.0,Debit Card,Bengaluru,Running Shoes,Premium
O03042,C0090,P013,2025-08-27,1,Beauty,850,500,25.0,850,212.5,637.5,500,137.5,UPI,Mumbai,Face Serum,Budget
O03043,C0357,P012,2025-07-04,1,Fashion,2100,1300,20.0,2100,420.0,1680.0,1300,380.0,Credit Card,Chennai,Jeans,Budget
O03044,C0256,P011,2025-12-26,2,Fashion,2000,1200,25.0,4000,1000.0,3000.0,2400,600.0,UPI,Bengaluru,Hoodie,Budget
O03045,C0496,P012,2025-10-19,4,Fashion,2100,1300,10.0,8400,840.0,7560.0,5200,2360.0,Debit Card,Hyderabad,Jeans,Regular
O03046,C0353,P014,2025-12-01,2,Beauty,1500,900,0.0,3000,0.0,3000.0,1800,1200.0,Credit Card,Kolkata,Skin Care Kit,Regular
O03047,C0220,P002,2025-08-08,2,Electronics,5000,3500,5.0,10000,500.0,9500.0,7000,2500.0,Cash on Delivery,Mumbai,Smart Watch,Regular
O03048,C0009,P014,2025-04-26,1,Beauty,1500,900,10.0,1500,150.0,1350.0,900,450.0,Credit Card,Pune,Skin Care Kit,Regular
O03049,C0012,P012,2025-11-09,1,Fashion,2100,1300,15.0,2100,315.0,1785.0,1300,485.0,Cash on Delivery,Kolkata,Jeans,Premium
O03050,C0325,P005,2025-02-18,1,Home,4200,2800,5.0,4200,210.0,3990.0,2800,1190.0,Debit Card,Chennai,Coffee Maker,Premium
O03051,C0438,P015,2025-06-22,1,Beauty,2500,1600,15.0,2500,375.0,2125.0,1600,525.0,Credit Card,Delhi,Hair Dryer,Budget
O03052,C0244,P004,2025-03-23,1,Electronics,1200,700,10.0,1200,120.0,1080.0,700,380.0,Cash on Delivery,Bengaluru,Power Bank,Regular
O03053,C0182,P009,2025-11-18,2,Fashion,3500,2200,10.0,7000,700.0,6300.0,4400,1900.0,UPI,Mumbai,Running Shoes,Regular
O03054,C0284,P012,2025-11-29,3,Fashion,2100,1300,15.0,6300,945.0,5355.0,3900,1455.0,UPI,Kolkata,Jeans,Regular
O03055,C0312,P005,2025-02-14,3,Home,4200,2800,10.0,12600,1260.0,11340.0,8400,2940.0,UPI,Delhi,Coffee Maker,Budget
O03056,C0099,P009,2025-12-01,4,Fashion,3500,2200,20.0,14000,2800.0,11200.0,8800,2400.0,Credit Card,Bengaluru,Running Shoes,Regular
O03057,C0197,P011,2025-01-20,2,Fashion,2000,1200,5.0,4000,200.0,3800.0,2400,1400.0,Debit Card,Hyderabad,Hoodie,Premium
O03058,C0482,P009,2025-08-09,4,Fashion,3500,2200,15.0,14000,2100.0,11900.0,8800,3100.0,Debit Card,Bengaluru,Running Shoes,Budget
O03059,C0366,P014,2025-05-03,1,Beauty,1500,900,0.0,1500,0.0,1500.0,900,600.0,UPI,Mumbai,Skin Care Kit,Budget
O03060,C0226,P002,2025-08-22,2,Electronics,5000,3500,5.0,10000,500.0,9500.0,7000,2500.0,UPI,Ahmedabad,Smart Watch,Regular
O03061,C0333,P014,2025-08-09,1,Beauty,1500,900,15.0,1500,225.0,1275.0,900,375.0,UPI,Kolkata,Skin Care Kit,Regular
O03062,C0103,P015,2025-11-19,1,Beauty,2500,1600,20.0,2500,500.0,2000.0,1600,400.0,Credit Card,Mumbai,Hair Dryer,Regular
O03063,C0106,P009,2025-12-05,3,Fashion,3500,2200,5.0,10500,525.0,9975.0,6600,3375.0,UPI,Mumbai,Running Shoes,Regular
O03064,C0365,P003,2025-01-03,1,Electronics,2200,1400,10.0,2200,220.0,1980.0,1400,580.0,Unknown,Bengaluru,Bluetooth Speaker,Premium
O03065,C0368,P004,2025-07-01,1,Electronics,1200,700,10.0,1200,120.0,1080.0,700,380.0,UPI,Pune,Power Bank,Regular
O03066,C0058,P001,2025-07-25,2,Electronics,2500,1800,5.0,5000,250.0,4750.0,3600,1150.0,UPI,Ahmedabad,Wireless Headphones,Regular
O03067,C0078,P014,2025-11-16,2,Beauty,1500,900,20.0,3000,600.0,2400.0,1800,600.0,Debit Card,Mumbai,Skin Care Kit,Premium
O03068,C0075,P001,2025-02-09,1,Electronics,2500,1800,15.0,2500,375.0,2125.0,1800,325.0,Credit Card,Delhi,Wireless Headphones,Budget
O03069,C0042,P001,2025-02-28,2,Electronics,2500,1800,0.0,5000,0.0,5000.0,3600,1400.0,UPI,Hyderabad,Wireless Headphones,Premium
O03070,C0422,P009,2025-03-03,1,Fashion,3500,2200,10.0,3500,350.0,3150.0,2200,950.0,Credit Card,Chennai,Running Shoes,Regular
O03071,C0324,P011,2025-05-12,3,Fashion,2000,1200,15.0,6000,900.0,5100.0,3600,1500.0,UPI,Chennai,Hoodie,Regular
O03072,C0181,P008,2025-03-01,1,Home,1500,900,10.0,1500,150.0,1350.0,900,450.0,Cash on Delivery,Kolkata,Bedsheet Set,Regular
O03073,C0033,P005,2025-11-27,3,Home,4200,2800,15.0,12600,1890.0,10710.0,8400,2310.0,Credit Card,Mumbai,Coffee Maker,Regular
O03074,C0071,P005,2025-05-02,2,Home,4200,2800,0.0,8400,0.0,8400.0,5600,2800.0,UPI,Kolkata,Coffee Maker,Regular
O03075,C0056,P009,2025-04-17,2,Fashion,3500,2200,15.0,7000,1050.0,5950.0,4400,1550.0,Credit Card,Pune,Running Shoes,Premium
O03076,C0105,P003,2025-04-06,1,Electronics,2200,1400,5.0,2200,110.0,2090.0,1400,690.0,UPI,Hyderabad,Bluetooth Speaker,Regular
O03077,C0200,P003,2025-12-13,1,Electronics,2200,1400,20.0,2200,440.0,1760.0,1400,360.0,Debit Card,Pune,Bluetooth Speaker,Premium
O03078,C0101,P007,2025-08-23,3,Home,1000,600,10.0,3000,300.0,2700.0,1800,900.0,Cash on Delivery,Ahmedabad,Table Lamp,Premium
O03079,C0256,P009,2025-03-03,2,Fashion,3500,2200,5.0,7000,350.0,6650.0,4400,2250.0,Debit Card,Bengaluru,Running Shoes,Budget
O03080,C0307,P006,2025-09-13,3,Home,4800,3200,20.0,14400,2880.0,11520.0,9600,1920.0,UPI,Hyderabad,Air Fryer,Budget
O03081,C0074,P014,2025-02-18,1,Beauty,1500,900,0.0,1500,0.0,1500.0,900,600.0,UPI,Bengaluru,Skin Care Kit,Budget
O03082,C0171,P002,2025-12-14,1,Electronics,5000,3500,10.0,5000,500.0,4500.0,3500,1000.0,UPI,Bengaluru,Smart Watch,Regular
O03083,C0377,P001,2025-06-08,2,Electronics,2500,1800,10.0,5000,500.0,4500.0,3600,900.0,Credit Card,Ahmedabad,Wireless Headphones,Budget
O03084,C0143,P002,2025-05-04,1,Electronics,5000,3500,5.0,5000,250.0,4750.0,3500,1250.0,Credit Card,Pune,Smart Watch,Regular
O03085,C0166,P014,2025-11-13,1,Beauty,1500,900,20.0,1500,300.0,1200.0,900,300.0,Credit Card,Pune,Skin Care Kit,Budget
O03086,C0399,P014,2025-07-26,3,Beauty,1500,900,15.0,4500,675.0,3825.0,2700,1125.0,Cash on Delivery,Ahmedabad,Skin Care Kit,Regular
O03087,C0261,P001,2025-02-17,1,Electronics,2500,1800,0.0,2500,0.0,2500.0,1800,700.0,UPI,Chennai,Wireless Headphones,Regular
O03088,C0221,P010,2025-05-16,2,Fashion,1800,1000,15.0,3600,540.0,3060.0,2000,1060.0,UPI,Mumbai,Backpack,Regular
O03089,C0083,P010,2025-07-20,3,Fashion,1800,1000,10.0,5400,540.0,4860.0,3000,1860.0,UPI,Pune,Backpack,Premium
O03090,C0182,P009,2025-09-07,2,Fashion,3500,2200,20.0,7000,1400.0,5600.0,4400,1200.0,UPI,Mumbai,Running Shoes,Regular
O03091,C0307,P015,2025-11-10,2,Beauty,2500,1600,10.0,5000,500.0,4500.0,3200,1300.0,UPI,Hyderabad,Hair Dryer,Budget
O03092,C0010,P010,2025-12-23,1,Fashion,1800,1000,15.0,1800,270.0,1530.0,1000,530.0,Credit Card,Hyderabad,Backpack,Regular
O03093,C0396,P015,2025-11-14,1,Beauty,2500,1600,10.0,2500,250.0,2250.0,1600,650.0,UPI,Bengaluru,Hair Dryer,Premium
O03094,C0004,P012,2025-10-22,1,Fashion,2100,1300,10.0,2100,210.0,1890.0,1300,590.0,UPI,Ahmedabad,Jeans,Budget
O03095,C0351,P014,2025-11-10,4,Beauty,1500,900,10.0,6000,600.0,5400.0,3600,1800.0,Debit Card,Bengaluru,Skin Care Kit,Regular
O03096,C0402,P013,2025-07-28,1,Beauty,850,500,5.0,850,42.5,807.5,500,307.5,UPI,Hyderabad,Face Serum,Premium
O03097,C0336,P008,2025-12-21,1,Home,1500,900,15.0,1500,225.0,1275.0,900,375.0,Credit Card,Chennai,Bedsheet Set,Regular
O03098,C0488,P015,2025-07-30,3,Beauty,2500,1600,10.0,7500,750.0,6750.0,4800,1950.0,UPI,Chennai,Hair Dryer,Regular
O03099,C0292,P007,2025-07-11,3,Home,1000,600,25.0,3000,750.0,2250.0,1800,450.0,Credit Card,Pune,Table Lamp,Regular
O03100,C0281,P015,2025-02-13,4,Beauty,2500,1600,5.0,10000,500.0,9500.0,6400,3100.0,Cash on Delivery,Chennai,Hair Dryer,Budget
O03101,C0215,P003,2025-01-29,4,Electronics,2200,1400,15.0,8800,1320.0,7480.0,5600,1880.0,UPI,Ahmedabad,Bluetooth Speaker,Regular
O03102,C0460,P008,2025-02-28,1,Home,1500,900,20.0,1500,300.0,1200.0,900,300.0,Credit Card,Kolkata,Bedsheet Set,Budget
O03103,C0098,P002,2025-03-12,2,Electronics,5000,3500,15.0,10000,1500.0,8500.0,7000,1500.0,Debit Card,Chennai,Smart Watch,Regular
O03104,C0420,P002,2025-04-02,1,Electronics,5000,3500,20.0,5000,1000.0,4000.0,3500,500.0,Credit Card,Delhi,Smart Watch,Budget
O03105,C0101,P011,2025-09-22,3,Fashion,2000,1200,20.0,6000,1200.0,4800.0,3600,1200.0,UPI,Ahmedabad,Hoodie,Premium
O03106,C0451,P010,2025-08-08,4,Fashion,1800,1000,10.0,7200,720.0,6480.0,4000,2480.0,UPI,Delhi,Backpack,Premium
O03107,C0009,P003,2025-08-03,3,Electronics,2200,1400,15.0,6600,990.0,5610.0,4200,1410.0,Credit Card,Pune,Bluetooth Speaker,Regular
O03108,C0061,P007,2025-10-04,3,Home,1000,600,5.0,3000,150.0,2850.0,1800,1050.0,Debit Card,Pune,Table Lamp,Regular
O03109,C0309,P001,2025-03-05,4,Electronics,2500,1800,10.0,10000,1000.0,9000.0,7200,1800.0,UPI,Ahmedabad,Wireless Headphones,Premium
O03110,C0146,P008,2025-12-12,1,Home,1500,900,5.0,1500,75.0,1425.0,900,525.0,UPI,Mumbai,Bedsheet Set,Regular
O03111,C0427,P012,2025-10-19,4,Fashion,2100,1300,15.0,8400,1260.0,7140.0,5200,1940.0,UPI,Mumbai,Jeans,Regular
O03112,C0419,P007,2025-09-02,4,Home,1000,600,10.0,4000,400.0,3600.0,2400,1200.0,UPI,Hyderabad,Table Lamp,Budget
O03113,C0063,P004,2025-03-03,2,Electronics,1200,700,10.0,2400,240.0,2160.0,1400,760.0,UPI,Delhi,Power Bank,Regular
O03114,C0121,P014,2025-11-28,4,Beauty,1500,900,5.0,6000,300.0,5700.0,3600,2100.0,UPI,Bengaluru,Skin Care Kit,Regular
O03115,C0226,P015,2025-06-19,2,Beauty,2500,1600,25.0,5000,1250.0,3750.0,3200,550.0,UPI,Ahmedabad,Hair Dryer,Regular
O03116,C0105,P005,2025-09-26,4,Home,4200,2800,0.0,16800,0.0,16800.0,11200,5600.0,UPI,Hyderabad,Coffee Maker,Regular
O03117,C0462,P010,2025-09-24,3,Fashion,1800,1000,0.0,5400,0.0,5400.0,3000,2400.0,Cash on Delivery,Ahmedabad,Backpack,Budget
O03118,C0260,P013,2025-02-23,1,Beauty,850,500,5.0,850,42.5,807.5,500,307.5,UPI,Mumbai,Face Serum,Regular
O03119,C0349,P001,2025-01-16,3,Electronics,2500,1800,25.0,7500,1875.0,5625.0,5400,225.0,UPI,Chennai,Wireless Headphones,Premium
O03120,C0425,P004,2025-01-08,2,Electronics,1200,700,25.0,2400,600.0,1800.0,1400,400.0,UPI,Mumbai,Power Bank,Regular
O03121,C0255,P015,2025-04-14,2,Beauty,2500,1600,15.0,5000,750.0,4250.0,3200,1050.0,Cash on Delivery,Mumbai,Hair Dryer,Regular
O03122,C0429,P001,2025-02-28,4,Electronics,2500,1800,20.0,10000,2000.0,8000.0,7200,800.0,Debit Card,Delhi,Wireless Headphones,Regular
O03123,C0434,P001,2025-11-09,1,Electronics,2500,1800,5.0,2500,125.0,2375.0,1800,575.0,Debit Card,Delhi,Wireless Headphones,Regular
O03124,C0207,P010,2025-02-09,1,Fashion,1800,1000,25.0,1800,450.0,1350.0,1000,350.0,UPI,Delhi,Backpack,Regular
O03125,C0028,P001,2025-08-25,4,Electronics,2500,1800,0.0,10000,0.0,10000.0,7200,2800.0,Unknown,Bengaluru,Wireless Headphones,Regular
O03126,C0170,P007,2025-04-04,1,Home,1000,600,0.0,1000,0.0,1000.0,600,400.0,UPI,Hyderabad,Table Lamp,Budget
O03127,C0336,P007,2025-08-10,1,Home,1000,600,0.0,1000,0.0,1000.0,600,400.0,UPI,Chennai,Table Lamp,Regular
O03128,C0076,P004,2025-07-23,1,Electronics,1200,700,15.0,1200,180.0,1020.0,700,320.0,Credit Card,Kolkata,Power Bank,Budget
O03129,C0116,P015,2025-05-18,2,Beauty,2500,1600,15.0,5000,750.0,4250.0,3200,1050.0,Debit Card,Bengaluru,Hair Dryer,Regular
O03130,C0069,P013,2025-10-27,2,Beauty,850,500,10.0,1700,170.0,1530.0,1000,530.0,Debit Card,Pune,Face Serum,Premium
O03131,C0354,P012,2025-07-26,1,Fashion,2100,1300,25.0,2100,525.0,1575.0,1300,275.0,Debit Card,Delhi,Jeans,Regular
O03132,C0234,P002,2025-12-02,3,Electronics,5000,3500,10.0,15000,1500.0,13500.0,10500,3000.0,Cash on Delivery,Bengaluru,Smart Watch,Regular
O03133,C0001,P012,2025-03-22,1,Fashion,2100,1300,5.0,2100,105.0,1995.0,1300,695.0,UPI,Delhi,Jeans,Regular
O03134,C0167,P003,2025-08-06,4,Electronics,2200,1400,10.0,8800,880.0,7920.0,5600,2320.0,UPI,Bengaluru,Bluetooth Speaker,Regular
O03135,C0352,P008,2025-01-02,1,Home,1500,900,15.0,1500,225.0,1275.0,900,375.0,UPI,Bengaluru,Bedsheet Set,Premium
O03136,C0218,P013,2025-06-27,2,Beauty,850,500,20.0,1700,340.0,1360.0,1000,360.0,Debit Card,Kolkata,Face Serum,Regular
O03137,C0273,P008,2025-12-12,4,Home,1500,900,10.0,6000,600.0,5400.0,3600,1800.0,UPI,Ahmedabad,Bedsheet Set,Premium
O03138,C0368,P011,2025-10-06,4,Fashion,2000,1200,15.0,8000,1200.0,6800.0,4800,2000.0,Debit Card,Pune,Hoodie,Regular
O03139,C0251,P011,2025-05-26,4,Fashion,2000,1200,5.0,8000,400.0,7600.0,4800,2800.0,UPI,Mumbai,Hoodie,Budget
O03140,C0347,P006,2025-11-14,1,Home,4800,3200,15.0,4800,720.0,4080.0,3200,880.0,UPI,Delhi,Air Fryer,Regular
O03141,C0344,P015,2025-08-12,1,Beauty,2500,1600,25.0,2500,625.0,1875.0,1600,275.0,UPI,Delhi,Hair Dryer,Regular
O03142,C0419,P010,2025-03-03,2,Fashion,1800,1000,0.0,3600,0.0,3600.0,2000,1600.0,UPI,Hyderabad,Backpack,Budget
O03143,C0174,P009,2025-10-21,4,Fashion,3500,2200,20.0,14000,2800.0,11200.0,8800,2400.0,Debit Card,Mumbai,Running Shoes,Regular
O03144,C0170,P011,2025-08-27,3,Fashion,2000,1200,15.0,6000,900.0,5100.0,3600,1500.0,UPI,Hyderabad,Hoodie,Budget
O03145,C0246,P012,2025-07-14,2,Fashion,2100,1300,5.0,4200,210.0,3990.0,2600,1390.0,UPI,Pune,Jeans,Regular
O03146,C0423,P009,2025-06-15,1,Fashion,3500,2200,25.0,3500,875.0,2625.0,2200,425.0,UPI,Pune,Running Shoes,Regular
O03147,C0090,P004,2025-08-10,1,Electronics,1200,700,10.0,1200,120.0,1080.0,700,380.0,UPI,Mumbai,Power Bank,Budget
O03148,C0049,P012,2025-03-02,1,Fashion,2100,1300,10.0,2100,210.0,1890.0,1300,590.0,UPI,Bengaluru,Jeans,Regular
O03149,C0446,P001,2025-05-09,4,Electronics,2500,1800,5.0,10000,500.0,9500.0,7200,2300.0,UPI,Bengaluru,Wireless Headphones,Regular
O03150,C0294,P001,2025-06-22,1,Electronics,2500,1800,5.0,2500,125.0,2375.0,1800,575.0,Debit Card,Mumbai,Wireless Headphones,Regular
O03151,C0407,P015,2025-06-05,2,Beauty,2500,1600,20.0,5000,1000.0,4000.0,3200,800.0,UPI,Bengaluru,Hair Dryer,Budget
O03152,C0150,P012,2025-04-20,2,Fashion,2100,1300,15.0,4200,630.0,3570.0,2600,970.0,UPI,Mumbai,Jeans,Premium
O03153,C0132,P010,2025-09-26,1,Fashion,1800,1000,20.0,1800,360.0,1440.0,1000,440.0,Credit Card,Chennai,Backpack,Regular
O03154,C0433,P015,2025-12-22,2,Beauty,2500,1600,5.0,5000,250.0,4750.0,3200,1550.0,UPI,Chennai,Hair Dryer,Budget
O03155,C0059,P005,2025-10-05,3,Home,4200,2800,0.0,12600,0.0,12600.0,8400,4200.0,UPI,Mumbai,Coffee Maker,Regular
O03156,C0457,P014,2025-03-15,2,Beauty,1500,900,0.0,3000,0.0,3000.0,1800,1200.0,Credit Card,Pune,Skin Care Kit,Premium
O03157,C0324,P013,2025-07-26,2,Beauty,850,500,10.0,1700,170.0,1530.0,1000,530.0,UPI,Chennai,Face Serum,Regular
O03158,C0199,P002,2025-10-06,1,Electronics,5000,3500,25.0,5000,1250.0,3750.0,3500,250.0,Credit Card,Hyderabad,Smart Watch,Regular
O03159,C0215,P015,2025-11-22,2,Beauty,2500,1600,15.0,5000,750.0,4250.0,3200,1050.0,Credit Card,Ahmedabad,Hair Dryer,Regular
O03160,C0386,P006,2025-12-06,2,Home,4800,3200,10.0,9600,960.0,8640.0,6400,2240.0,Debit Card,Bengaluru,Air Fryer,Budget
O03161,C0049,P007,2025-12-23,1,Home,1000,600,20.0,1000,200.0,800.0,600,200.0,Cash on Delivery,Bengaluru,Table Lamp,Regular
O03162,C0472,P001,2025-12-06,2,Electronics,2500,1800,15.0,5000,750.0,4250.0,3600,650.0,UPI,Delhi,Wireless Headphones,Regular
O03163,C0232,P006,2025-07-23,3,Home,4800,3200,0.0,14400,0.0,14400.0,9600,4800.0,UPI,Chennai,Air Fryer,Regular
O03164,C0247,P008,2025-06-10,1,Home,1500,900,20.0,1500,300.0,1200.0,900,300.0,UPI,Kolkata,Bedsheet Set,Regular
O03165,C0382,P012,2025-01-28,4,Fashion,2100,1300,10.0,8400,840.0,7560.0,5200,2360.0,UPI,Delhi,Jeans,Budget
O03166,C0479,P005,2025-09-14,2,Home,4200,2800,0.0,8400,0.0,8400.0,5600,2800.0,Debit Card,Kolkata,Coffee Maker,Budget
O03167,C0239,P014,2025-06-14,1,Beauty,1500,900,5.0,1500,75.0,1425.0,900,525.0,Debit Card,Delhi,Skin Care Kit,Regular
O03168,C0415,P012,2025-03-04,2,Fashion,2100,1300,10.0,4200,420.0,3780.0,2600,1180.0,Credit Card,Bengaluru,Jeans,Premium
O03169,C0367,P007,2025-01-22,2,Home,1000,600,10.0,2000,200.0,1800.0,1200,600.0,Credit Card,Pune,Table Lamp,Regular
O03170,C0168,P010,2025-03-11,1,Fashion,1800,1000,5.0,1800,90.0,1710.0,1000,710.0,UPI,Hyderabad,Backpack,Regular
O03171,C0048,P006,2025-04-06,1,Home,4800,3200,5.0,4800,240.0,4560.0,3200,1360.0,Credit Card,Pune,Air Fryer,Regular
O03172,C0051,P004,2025-06-12,4,Electronics,1200,700,15.0,4800,720.0,4080.0,2800,1280.0,Debit Card,Mumbai,Power Bank,Regular
O03173,C0299,P015,2025-03-20,3,Beauty,2500,1600,25.0,7500,1875.0,5625.0,4800,825.0,Credit Card,Pune,Hair Dryer,Regular
O03174,C0098,P015,2025-01-05,2,Beauty,2500,1600,15.0,5000,750.0,4250.0,3200,1050.0,UPI,Chennai,Hair Dryer,Regular
O03175,C0439,P007,2025-11-12,1,Home,1000,600,5.0,1000,50.0,950.0,600,350.0,Credit Card,Mumbai,Table Lamp,Premium
O03176,C0216,P010,2025-04-30,3,Fashion,1800,1000,5.0,5400,270.0,5130.0,3000,2130.0,UPI,Bengaluru,Backpack,Regular
O03177,C0177,P009,2025-10-29,2,Fashion,3500,2200,5.0,7000,350.0,6650.0,4400,2250.0,Credit Card,Mumbai,Running Shoes,Regular
O03178,C0380,P010,2025-06-27,4,Fashion,1800,1000,0.0,7200,0.0,7200.0,4000,3200.0,Credit Card,Chennai,Backpack,Regular
O03179,C0474,P010,2025-06-25,1,Fashion,1800,1000,15.0,1800,270.0,1530.0,1000,530.0,UPI,Bengaluru,Backpack,Premium
O03180,C0080,P013,2025-08-05,4,Beauty,850,500,15.0,3400,510.0,2890.0,2000,890.0,Debit Card,Delhi,Face Serum,Regular
O03181,C0185,P007,2025-02-25,1,Home,1000,600,15.0,1000,150.0,850.0,600,250.0,Debit Card,Chennai,Table Lamp,Regular
O03182,C0367,P012,2025-07-06,4,Fashion,2100,1300,15.0,8400,1260.0,7140.0,5200,1940.0,UPI,Pune,Jeans,Regular
O03183,C0461,P014,2025-08-20,3,Beauty,1500,900,5.0,4500,225.0,4275.0,2700,1575.0,Cash on Delivery,Kolkata,Skin Care Kit,Budget
O03184,C0399,P005,2025-09-12,1,Home,4200,2800,10.0,4200,420.0,3780.0,2800,980.0,Credit Card,Ahmedabad,Coffee Maker,Regular
O03185,C0027,P007,2025-04-14,1,Home,1000,600,15.0,1000,150.0,850.0,600,250.0,Debit Card,Bengaluru,Table Lamp,Regular
O03186,C0452,P003,2025-03-18,2,Electronics,2200,1400,10.0,4400,440.0,3960.0,2800,1160.0,Debit Card,Hyderabad,Bluetooth Speaker,Regular
O03187,C0464,P002,2025-08-18,1,Electronics,5000,3500,5.0,5000,250.0,4750.0,3500,1250.0,Credit Card,Chennai,Smart Watch,Regular
O03188,C0448,P011,2025-09-15,3,Fashion,2000,1200,10.0,6000,600.0,5400.0,3600,1800.0,Debit Card,Ahmedabad,Hoodie,Regular
O03189,C0478,P015,2025-09-21,2,Beauty,2500,1600,5.0,5000,250.0,4750.0,3200,1550.0,UPI,Bengaluru,Hair Dryer,Regular
O03190,C0492,P005,2025-11-27,1,Home,4200,2800,0.0,4200,0.0,4200.0,2800,1400.0,UPI,Ahmedabad,Coffee Maker,Regular
O03191,C0414,P004,2025-07-01,2,Electronics,1200,700,20.0,2400,480.0,1920.0,1400,520.0,Credit Card,Bengaluru,Power Bank,Regular
O03192,C0420,P005,2025-09-13,2,Home,4200,2800,20.0,8400,1680.0,6720.0,5600,1120.0,Debit Card,Delhi,Coffee Maker,Budget
O03193,C0195,P008,2025-02-07,4,Home,1500,900,5.0,6000,300.0,5700.0,3600,2100.0,Debit Card,Ahmedabad,Bedsheet Set,Budget
O03194,C0214,P012,2025-06-25,1,Fashion,2100,1300,0.0,2100,0.0,2100.0,1300,800.0,Credit Card,Hyderabad,Jeans,Regular
O03195,C0369,P004,2025-01-27,2,Electronics,1200,700,15.0,2400,360.0,2040.0,1400,640.0,Credit Card,Hyderabad,Power Bank,Regular
O03196,C0342,P015,2025-10-03,2,Beauty,2500,1600,5.0,5000,250.0,4750.0,3200,1550.0,UPI,Ahmedabad,Hair Dryer,Regular
O03197,C0114,P009,2025-05-20,4,Fashion,3500,2200,10.0,14000,1400.0,12600.0,8800,3800.0,Cash on Delivery,Hyderabad,Running Shoes,Premium
O03198,C0242,P007,2025-10-26,4,Home,1000,600,0.0,4000,0.0,4000.0,2400,1600.0,UPI,Chennai,Table Lamp,Regular
O03199,C0124,P010,2025-10-14,1,Fashion,1800,1000,5.0,1800,90.0,1710.0,1000,710.0,Debit Card,Bengaluru,Backpack,Premium
O03200,C0305,P013,2025-04-01,1,Beauty,850,500,15.0,850,127.5,722.5,500,222.5,Credit Card,Ahmedabad,Face Serum,Regular
O03201,C0076,P012,2025-03-02,1,Fashion,2100,1300,20.0,2100,420.0,1680.0,1300,380.0,Credit Card,Kolkata,Jeans,Budget
O03202,C0311,P007,2025-12-31,3,Home,1000,600,5.0,3000,150.0,2850.0,1800,1050.0,UPI,Delhi,Table Lamp,Regular
O03203,C0469,P015,2025-12-13,2,Beauty,2500,1600,10.0,5000,500.0,4500.0,3200,1300.0,Cash on Delivery,Ahmedabad,Hair Dryer,Budget
O03204,C0312,P013,2025-06-12,1,Beauty,850,500,0.0,850,0.0,850.0,500,350.0,Credit Card,Delhi,Face Serum,Budget
O03205,C0196,P013,2025-12-17,1,Beauty,850,500,0.0,850,0.0,850.0,500,350.0,Cash on Delivery,Chennai,Face Serum,Regular
O03206,C0351,P008,2025-05-23,4,Home,1500,900,25.0,6000,1500.0,4500.0,3600,900.0,UPI,Bengaluru,Bedsheet Set,Regular
O03207,C0044,P012,2025-09-10,2,Fashion,2100,1300,15.0,4200,630.0,3570.0,2600,970.0,Credit Card,Delhi,Jeans,Premium
O03208,C0415,P006,2025-09-26,4,Home,4800,3200,10.0,19200,1920.0,17280.0,12800,4480.0,Debit Card,Bengaluru,Air Fryer,Premium
O03209,C0186,P008,2025-10-18,1,Home,1500,900,15.0,1500,225.0,1275.0,900,375.0,Debit Card,Bengaluru,Bedsheet Set,Regular
O03210,C0343,P003,2025-07-06,2,Electronics,2200,1400,20.0,4400,880.0,3520.0,2800,720.0,Cash on Delivery,Hyderabad,Bluetooth Speaker,Premium
O03211,C0246,P010,2025-10-31,3,Fashion,1800,1000,20.0,5400,1080.0,4320.0,3000,1320.0,UPI,Pune,Backpack,Regular
O03212,C0437,P010,2025-10-18,3,Fashion,1800,1000,0.0,5400,0.0,5400.0,3000,2400.0,UPI,Mumbai,Backpack,Regular
O03213,C0084,P014,2025-03-27,1,Beauty,1500,900,5.0,1500,75.0,1425.0,900,525.0,Credit Card,Chennai,Skin Care Kit,Budget
O03214,C0207,P001,2025-06-15,4,Electronics,2500,1800,15.0,10000,1500.0,8500.0,7200,1300.0,UPI,Delhi,Wireless Headphones,Regular
O03215,C0151,P006,2025-04-24,2,Home,4800,3200,10.0,9600,960.0,8640.0,6400,2240.0,Cash on Delivery,Ahmedabad,Air Fryer,Regular
O03216,C0156,P001,2025-12-22,1,Electronics,2500,1800,25.0,2500,625.0,1875.0,1800,75.0,UPI,Delhi,Wireless Headphones,Premium
O03217,C0016,P009,2025-07-02,3,Fashion,3500,2200,15.0,10500,1575.0,8925.0,6600,2325.0,Credit Card,Bengaluru,Running Shoes,Regular
O03218,C0165,P014,2025-07-26,2,Beauty,1500,900,25.0,3000,750.0,2250.0,1800,450.0,UPI,Chennai,Skin Care Kit,Budget
O03219,C0405,P002,2025-09-13,1,Electronics,5000,3500,5.0,5000,250.0,4750.0,3500,1250.0,Credit Card,Bengaluru,Smart Watch,Regular
O03220,C0463,P011,2025-08-23,1,Fashion,2000,1200,20.0,2000,400.0,1600.0,1200,400.0,UPI,Chennai,Hoodie,Budget
O03221,C0145,P002,2025-12-21,1,Electronics,5000,3500,10.0,5000,500.0,4500.0,3500,1000.0,UPI,Chennai,Smart Watch,Premium
O03222,C0498,P007,2025-01-03,1,Home,1000,600,25.0,1000,250.0,750.0,600,150.0,UPI,Kolkata,Table Lamp,Premium
O03223,C0037,P002,2025-07-27,4,Electronics,5000,3500,5.0,20000,1000.0,19000.0,14000,5000.0,UPI,Kolkata,Smart Watch,Budget
O03224,C0333,P010,2025-07-16,2,Fashion,1800,1000,10.0,3600,360.0,3240.0,2000,1240.0,Cash on Delivery,Kolkata,Backpack,Regular
O03225,C0403,P008,2025-12-07,1,Home,1500,900,15.0,1500,225.0,1275.0,900,375.0,UPI,Ahmedabad,Bedsheet Set,Budget
O03226,C0414,P006,2025-05-05,1,Home,4800,3200,10.0,4800,480.0,4320.0,3200,1120.0,Credit Card,Bengaluru,Air Fryer,Regular
O03227,C0045,P014,2025-05-18,2,Beauty,1500,900,10.0,3000,300.0,2700.0,1800,900.0,Cash on Delivery,Kolkata,Skin Care Kit,Premium
O03228,C0402,P007,2025-12-05,2,Home,1000,600,25.0,2000,500.0,1500.0,1200,300.0,Debit Card,Hyderabad,Table Lamp,Premium
O03229,C0206,P007,2025-01-25,2,Home,1000,600,10.0,2000,200.0,1800.0,1200,600.0,Cash on Delivery,Ahmedabad,Table Lamp,Budget
O03230,C0062,P006,2025-03-09,4,Home,4800,3200,15.0,19200,2880.0,16320.0,12800,3520.0,Cash on Delivery,Pune,Air Fryer,Regular
O03231,C0420,P010,2025-03-02,3,Fashion,1800,1000,0.0,5400,0.0,5400.0,3000,2400.0,Credit Card,Delhi,Backpack,Budget
O03232,C0356,P011,2025-01-29,2,Fashion,2000,1200,20.0,4000,800.0,3200.0,2400,800.0,Credit Card,Mumbai,Hoodie,Regular
O03233,C0468,P009,2025-01-19,1,Fashion,3500,2200,15.0,3500,525.0,2975.0,2200,775.0,UPI,Chennai,Running Shoes,Regular
O03234,C0308,P013,2025-06-20,3,Beauty,850,500,10.0,2550,255.0,2295.0,1500,795.0,UPI,Kolkata,Face Serum,Premium
O03235,C0019,P009,2025-03-15,2,Fashion,3500,2200,0.0,7000,0.0,7000.0,4400,2600.0,Debit Card,Mumbai,Running Shoes,Regular
O03236,C0365,P015,2025-03-02,1,Beauty,2500,1600,15.0,2500,375.0,2125.0,1600,525.0,Credit Card,Bengaluru,Hair Dryer,Premium
O03237,C0300,P007,2025-06-02,1,Home,1000,600,0.0,1000,0.0,1000.0,600,400.0,Debit Card,Hyderabad,Table Lamp,Premium
O03238,C0007,P009,2025-10-03,1,Fashion,3500,2200,0.0,3500,0.0,3500.0,2200,1300.0,Debit Card,Chennai,Running Shoes,Premium
O03239,C0249,P013,2025-02-17,4,Beauty,850,500,15.0,3400,510.0,2890.0,2000,890.0,UPI,Mumbai,Face Serum,Premium
O03240,C0428,P010,2025-07-30,1,Fashion,1800,1000,5.0,1800,90.0,1710.0,1000,710.0,Debit Card,Hyderabad,Backpack,Regular
O03241,C0117,P003,2025-12-09,2,Electronics,2200,1400,5.0,4400,220.0,4180.0,2800,1380.0,Credit Card,Pune,Bluetooth Speaker,Budget
O03242,C0068,P003,2025-05-19,1,Electronics,2200,1400,15.0,2200,330.0,1870.0,1400,470.0,UPI,Delhi,Bluetooth Speaker,Premium
O03243,C0034,P001,2025-04-20,1,Electronics,2500,1800,0.0,2500,0.0,2500.0,1800,700.0,Debit Card,Bengaluru,Wireless Headphones,Budget
O03244,C0194,P005,2025-07-02,2,Home,4200,2800,10.0,8400,840.0,7560.0,5600,1960.0,UPI,Ahmedabad,Coffee Maker,Regular
O03245,C0325,P015,2025-01-28,1,Beauty,2500,1600,0.0,2500,0.0,2500.0,1600,900.0,Debit Card,Chennai,Hair Dryer,Premium
O03246,C0055,P004,2025-07-16,1,Electronics,1200,700,15.0,1200,180.0,1020.0,700,320.0,Credit Card,Hyderabad,Power Bank,Regular
O03247,C0266,P002,2025-07-10,1,Electronics,5000,3500,15.0,5000,750.0,4250.0,3500,750.0,UPI,Mumbai,Smart Watch,Regular
O03248,C0480,P009,2025-11-11,2,Fashion,3500,2200,15.0,7000,1050.0,5950.0,4400,1550.0,Debit Card,Kolkata,Running Shoes,Budget
O03249,C0042,P003,2025-02-20,1,Electronics,2200,1400,5.0,2200,110.0,2090.0,1400,690.0,Credit Card,Hyderabad,Bluetooth Speaker,Premium
O03250,C0297,P015,2025-05-29,1,Beauty,2500,1600,0.0,2500,0.0,2500.0,1600,900.0,UPI,Bengaluru,Hair Dryer,Regular
O03251,C0461,P008,2025-09-25,2,Home,1500,900,0.0,3000,0.0,3000.0,1800,1200.0,UPI,Kolkata,Bedsheet Set,Budget
O03252,C0231,P006,2025-02-19,3,Home,4800,3200,10.0,14400,1440.0,12960.0,9600,3360.0,Debit Card,Pune,Air Fryer,Premium
O03253,C0453,P014,2025-09-03,1,Beauty,1500,900,20.0,1500,300.0,1200.0,900,300.0,UPI,Mumbai,Skin Care Kit,Regular
O03254,C0378,P013,2025-04-23,4,Beauty,850,500,5.0,3400,170.0,3230.0,2000,1230.0,Debit Card,Pune,Face Serum,Regular
O03255,C0394,P005,2025-06-19,3,Home,4200,2800,5.0,12600,630.0,11970.0,8400,3570.0,UPI,Ahmedabad,Coffee Maker,Premium
O03256,C0010,P001,2025-06-15,1,Electronics,2500,1800,0.0,2500,0.0,2500.0,1800,700.0,Credit Card,Hyderabad,Wireless Headphones,Regular
O03257,C0358,P004,2025-01-14,2,Electronics,1200,700,15.0,2400,360.0,2040.0,1400,640.0,Cash on Delivery,Mumbai,Power Bank,Regular
O03258,C0475,P003,2025-07-22,2,Electronics,2200,1400,15.0,4400,660.0,3740.0,2800,940.0,UPI,Ahmedabad,Bluetooth Speaker,Regular
O03259,C0444,P001,2025-10-15,1,Electronics,2500,1800,15.0,2500,375.0,2125.0,1800,325.0,Credit Card,Ahmedabad,Wireless Headphones,Regular
O03260,C0128,P012,2025-07-08,1,Fashion,2100,1300,20.0,2100,420.0,1680.0,1300,380.0,Debit Card,Pune,Jeans,Budget
O03261,C0179,P015,2025-06-04,4,Beauty,2500,1600,10.0,10000,1000.0,9000.0,6400,2600.0,Debit Card,Chennai,Hair Dryer,Budget
O03262,C0405,P005,2025-02-24,1,Home,4200,2800,0.0,4200,0.0,4200.0,2800,1400.0,Credit Card,Bengaluru,Coffee Maker,Regular
O03263,C0392,P006,2025-07-01,1,Home,4800,3200,5.0,4800,240.0,4560.0,3200,1360.0,Credit Card,Kolkata,Air Fryer,Regular
O03264,C0193,P002,2025-07-29,2,Electronics,5000,3500,15.0,10000,1500.0,8500.0,7000,1500.0,Debit Card,Ahmedabad,Smart Watch,Regular
O03265,C0092,P015,2025-03-16,1,Beauty,2500,1600,15.0,2500,375.0,2125.0,1600,525.0,Debit Card,Bengaluru,Hair Dryer,Regular
O03266,C0369,P014,2025-10-04,1,Beauty,1500,900,10.0,1500,150.0,1350.0,900,450.0,Debit Card,Hyderabad,Skin Care Kit,Regular
O03267,C0231,P003,2025-05-13,2,Electronics,2200,1400,15.0,4400,660.0,3740.0,2800,940.0,UPI,Pune,Bluetooth Speaker,Premium
O03268,C0078,P011,2025-12-09,1,Fashion,2000,1200,15.0,2000,300.0,1700.0,1200,500.0,Cash on Delivery,Mumbai,Hoodie,Premium
O03269,C0085,P014,2025-02-28,2,Beauty,1500,900,20.0,3000,600.0,2400.0,1800,600.0,UPI,Kolkata,Skin Care Kit,Regular
O03270,C0030,P015,2025-12-11,2,Beauty,2500,1600,15.0,5000,750.0,4250.0,3200,1050.0,UPI,Hyderabad,Hair Dryer,Budget
O03271,C0213,P006,2025-07-01,2,Home,4800,3200,15.0,9600,1440.0,8160.0,6400,1760.0,UPI,Mumbai,Air Fryer,Regular
O03272,C0049,P004,2025-12-05,1,Electronics,1200,700,5.0,1200,60.0,1140.0,700,440.0,UPI,Bengaluru,Power Bank,Regular
O03273,C0265,P009,2025-11-17,2,Fashion,3500,2200,15.0,7000,1050.0,5950.0,4400,1550.0,UPI,Pune,Running Shoes,Budget
O03274,C0145,P005,2025-03-05,1,Home,4200,2800,20.0,4200,840.0,3360.0,2800,560.0,UPI,Chennai,Coffee Maker,Premium
O03275,C0069,P004,2025-11-23,4,Electronics,1200,700,10.0,4800,480.0,4320.0,2800,1520.0,UPI,Pune,Power Bank,Premium
O03276,C0058,P002,2025-09-17,2,Electronics,5000,3500,15.0,10000,1500.0,8500.0,7000,1500.0,Credit Card,Ahmedabad,Smart Watch,Regular
O03277,C0185,P006,2025-07-12,1,Home,4800,3200,15.0,4800,720.0,4080.0,3200,880.0,UPI,Chennai,Air Fryer,Regular
O03278,C0062,P010,2025-05-23,1,Fashion,1800,1000,0.0,1800,0.0,1800.0,1000,800.0,UPI,Pune,Backpack,Regular
O03279,C0479,P002,2025-04-14,2,Electronics,5000,3500,15.0,10000,1500.0,8500.0,7000,1500.0,UPI,Kolkata,Smart Watch,Budget
O03280,C0308,P012,2025-08-02,2,Fashion,2100,1300,0.0,4200,0.0,4200.0,2600,1600.0,UPI,Kolkata,Jeans,Premium
O03281,C0445,P013,2025-08-30,1,Beauty,850,500,25.0,850,212.5,637.5,500,137.5,UPI,Chennai,Face Serum,Premium
O03282,C0296,P007,2025-07-28,1,Home,1000,600,20.0,1000,200.0,800.0,600,200.0,Credit Card,Mumbai,Table Lamp,Budget
O03283,C0166,P003,2025-04-03,3,Electronics,2200,1400,0.0,6600,0.0,6600.0,4200,2400.0,Cash on Delivery,Pune,Bluetooth Speaker,Budget
O03284,C0171,P009,2025-05-22,1,Fashion,3500,2200,0.0,3500,0.0,3500.0,2200,1300.0,Debit Card,Bengaluru,Running Shoes,Regular
O03285,C0063,P011,2025-04-22,3,Fashion,2000,1200,15.0,6000,900.0,5100.0,3600,1500.0,Debit Card,Delhi,Hoodie,Regular
O03286,C0147,P005,2025-02-28,1,Home,4200,2800,10.0,4200,420.0,3780.0,2800,980.0,UPI,Kolkata,Coffee Maker,Regular
O03287,C0484,P008,2025-02-12,3,Home,1500,900,0.0,4500,0.0,4500.0,2700,1800.0,UPI,Hyderabad,Bedsheet Set,Premium
O03288,C0306,P011,2025-07-26,1,Fashion,2000,1200,10.0,2000,200.0,1800.0,1200,600.0,UPI,Delhi,Hoodie,Budget
O03289,C0161,P006,2025-09-25,2,Home,4800,3200,10.0,9600,960.0,8640.0,6400,2240.0,Debit Card,Pune,Air Fryer,Premium
O03290,C0141,P014,2025-10-23,1,Beauty,1500,900,0.0,1500,0.0,1500.0,900,600.0,UPI,Mumbai,Skin Care Kit,Regular
O03291,C0334,P012,2025-04-28,2,Fashion,2100,1300,20.0,4200,840.0,3360.0,2600,760.0,Credit Card,Pune,Jeans,Regular
O03292,C0097,P010,2025-01-20,1,Fashion,1800,1000,20.0,1800,360.0,1440.0,1000,440.0,UPI,Pune,Backpack,Regular
O03293,C0446,P008,2025-08-10,1,Home,1500,900,15.0,1500,225.0,1275.0,900,375.0,UPI,Bengaluru,Bedsheet Set,Regular
O03294,C0221,P013,2025-06-15,1,Beauty,850,500,20.0,850,170.0,680.0,500,180.0,Cash on Delivery,Mumbai,Face Serum,Regular
O03295,C0043,P013,2025-05-11,1,Beauty,850,500,5.0,850,42.5,807.5,500,307.5,Debit Card,Bengaluru,Face Serum,Budget
O03296,C0433,P011,2025-06-05,1,Fashion,2000,1200,5.0,2000,100.0,1900.0,1200,700.0,Debit Card,Chennai,Hoodie,Budget
O03297,C0292,P012,2025-07-03,2,Fashion,2100,1300,5.0,4200,210.0,3990.0,2600,1390.0,Credit Card,Pune,Jeans,Regular
O03298,C0378,P003,2025-03-31,2,Electronics,2200,1400,15.0,4400,660.0,3740.0,2800,940.0,Debit Card,Pune,Bluetooth Speaker,Regular
O03299,C0108,P003,2025-04-04,2,Electronics,2200,1400,20.0,4400,880.0,3520.0,2800,720.0,Credit Card,Kolkata,Bluetooth Speaker,Premium
O03300,C0266,P005,2025-01-13,4,Home,4200,2800,15.0,16800,2520.0,14280.0,11200,3080.0,Cash on Delivery,Mumbai,Coffee Maker,Regular
O03301,C0095,P011,2025-11-18,3,Fashion,2000,1200,20.0,6000,1200.0,4800.0,3600,1200.0,UPI,Pune,Hoodie,Regular
O03302,C0262,P010,2025-10-20,2,Fashion,1800,1000,15.0,3600,540.0,3060.0,2000,1060.0,Credit Card,Bengaluru,Backpack,Premium
O03303,C0313,P003,2025-08-18,2,Electronics,2200,1400,10.0,4400,440.0,3960.0,2800,1160.0,Credit Card,Delhi,Bluetooth Speaker,Regular
O03304,C0385,P008,2025-11-18,3,Home,1500,900,10.0,4500,450.0,4050.0,2700,1350.0,UPI,Bengaluru,Bedsheet Set,Budget
O03305,C0071,P010,2025-10-19,1,Fashion,1800,1000,0.0,1800,0.0,1800.0,1000,800.0,Debit Card,Kolkata,Backpack,Regular
O03306,C0442,P013,2025-01-26,1,Beauty,850,500,0.0,850,0.0,850.0,500,350.0,Cash on Delivery,Chennai,Face Serum,Budget
O03307,C0219,P012,2025-03-16,2,Fashion,2100,1300,15.0,4200,630.0,3570.0,2600,970.0,Credit Card,Mumbai,Jeans,Premium
O03308,C0021,P014,2025-12-30,2,Beauty,1500,900,10.0,3000,300.0,2700.0,1800,900.0,UPI,Chennai,Skin Care Kit,Premium
O03309,C0092,P008,2025-10-26,1,Home,1500,900,15.0,1500,225.0,1275.0,900,375.0,Credit Card,Bengaluru,Bedsheet Set,Regular
O03310,C0127,P002,2025-05-30,2,Electronics,5000,3500,15.0,10000,1500.0,8500.0,7000,1500.0,Debit Card,Bengaluru,Smart Watch,Regular
O03311,C0080,P012,2025-05-28,1,Fashion,2100,1300,5.0,2100,105.0,1995.0,1300,695.0,Credit Card,Delhi,Jeans,Regular
O03312,C0312,P004,2025-01-08,4,Electronics,1200,700,10.0,4800,480.0,4320.0,2800,1520.0,UPI,Delhi,Power Bank,Budget
O03313,C0238,P010,2025-01-29,1,Fashion,1800,1000,10.0,1800,180.0,1620.0,1000,620.0,Credit Card,Mumbai,Backpack,Regular
O03314,C0471,P013,2025-10-23,2,Beauty,850,500,10.0,1700,170.0,1530.0,1000,530.0,UPI,Pune,Face Serum,Regular
O03315,C0372,P001,2025-07-28,1,Electronics,2500,1800,20.0,2500,500.0,2000.0,1800,200.0,Debit Card,Mumbai,Wireless Headphones,Regular
O03316,C0404,P004,2025-05-08,1,Electronics,1200,700,10.0,1200,120.0,1080.0,700,380.0,UPI,Mumbai,Power Bank,Premium
O03317,C0486,P012,2025-12-06,1,Fashion,2100,1300,15.0,2100,315.0,1785.0,1300,485.0,Credit Card,Delhi,Jeans,Regular
O03318,C0182,P013,2025-04-26,4,Beauty,850,500,20.0,3400,680.0,2720.0,2000,720.0,Debit Card,Mumbai,Face Serum,Regular
O03319,C0025,P013,2025-05-24,1,Beauty,850,500,20.0,850,170.0,680.0,500,180.0,UPI,Chennai,Face Serum,Regular
O03320,C0156,P011,2025-11-14,3,Fashion,2000,1200,20.0,6000,1200.0,4800.0,3600,1200.0,UPI,Delhi,Hoodie,Premium
O03321,C0005,P013,2025-08-23,1,Beauty,850,500,5.0,850,42.5,807.5,500,307.5,UPI,Ahmedabad,Face Serum,Premium
O03322,C0120,P004,2025-01-07,1,Electronics,1200,700,0.0,1200,0.0,1200.0,700,500.0,UPI,Kolkata,Power Bank,Regular
O03323,C0277,P010,2025-02-14,1,Fashion,1800,1000,5.0,1800,90.0,1710.0,1000,710.0,UPI,Mumbai,Backpack,Premium
O03324,C0018,P009,2025-08-27,1,Fashion,3500,2200,5.0,3500,175.0,3325.0,2200,1125.0,Cash on Delivery,Chennai,Running Shoes,Premium
O03325,C0431,P015,2025-06-04,3,Beauty,2500,1600,20.0,7500,1500.0,6000.0,4800,1200.0,Debit Card,Delhi,Hair Dryer,Regular
O03326,C0198,P003,2025-06-30,1,Electronics,2200,1400,15.0,2200,330.0,1870.0,1400,470.0,Debit Card,Ahmedabad,Bluetooth Speaker,Premium
O03327,C0057,P015,2025-08-03,2,Beauty,2500,1600,0.0,5000,0.0,5000.0,3200,1800.0,Cash on Delivery,Kolkata,Hair Dryer,Regular
O03328,C0093,P002,2025-03-29,2,Electronics,5000,3500,0.0,10000,0.0,10000.0,7000,3000.0,UPI,Delhi,Smart Watch,Regular
O03329,C0019,P009,2025-09-13,1,Fashion,3500,2200,5.0,3500,175.0,3325.0,2200,1125.0,UPI,Mumbai,Running Shoes,Regular
O03330,C0384,P009,2025-03-14,2,Fashion,3500,2200,15.0,7000,1050.0,5950.0,4400,1550.0,UPI,Chennai,Running Shoes,Regular
O03331,C0353,P001,2025-06-28,1,Electronics,2500,1800,15.0,2500,375.0,2125.0,1800,325.0,Debit Card,Kolkata,Wireless Headphones,Regular
O03332,C0193,P006,2025-07-31,1,Home,4800,3200,20.0,4800,960.0,3840.0,3200,640.0,Credit Card,Ahmedabad,Air Fryer,Regular
O03333,C0237,P010,2025-10-20,4,Fashion,1800,1000,20.0,7200,1440.0,5760.0,4000,1760.0,UPI,Kolkata,Backpack,Regular
O03334,C0387,P008,2025-08-22,2,Home,1500,900,5.0,3000,150.0,2850.0,1800,1050.0,UPI,Ahmedabad,Bedsheet Set,Regular
O03335,C0426,P003,2025-08-27,2,Electronics,2200,1400,10.0,4400,440.0,3960.0,2800,1160.0,Credit Card,Pune,Bluetooth Speaker,Regular
O03336,C0277,P011,2025-08-11,4,Fashion,2000,1200,5.0,8000,400.0,7600.0,4800,2800.0,Credit Card,Mumbai,Hoodie,Premium
O03337,C0227,P009,2025-04-29,2,Fashion,3500,2200,10.0,7000,700.0,6300.0,4400,1900.0,Debit Card,Pune,Running Shoes,Budget
O03338,C0233,P002,2025-11-09,1,Electronics,5000,3500,20.0,5000,1000.0,4000.0,3500,500.0,UPI,Delhi,Smart Watch,Regular
O03339,C0040,P006,2025-09-21,2,Home,4800,3200,15.0,9600,1440.0,8160.0,6400,1760.0,Cash on Delivery,Kolkata,Air Fryer,Regular
O03340,C0323,P001,2025-07-26,1,Electronics,2500,1800,15.0,2500,375.0,2125.0,1800,325.0,UPI,Pune,Wireless Headphones,Regular
O03341,C0153,P013,2025-04-05,3,Beauty,850,500,10.0,2550,255.0,2295.0,1500,795.0,Debit Card,Chennai,Face Serum,Regular
O03342,C0127,P007,2025-08-10,3,Home,1000,600,0.0,3000,0.0,3000.0,1800,1200.0,Cash on Delivery,Bengaluru,Table Lamp,Regular
O03343,C0237,P003,2025-10-03,1,Electronics,2200,1400,0.0,2200,0.0,2200.0,1400,800.0,Cash on Delivery,Kolkata,Bluetooth Speaker,Regular
O03344,C0486,P007,2025-08-19,2,Home,1000,600,10.0,2000,200.0,1800.0,1200,600.0,UPI,Delhi,Table Lamp,Regular
O03345,C0493,P004,2025-11-05,3,Electronics,1200,700,15.0,3600,540.0,3060.0,2100,960.0,UPI,Mumbai,Power Bank,Premium
O03346,C0055,P009,2025-04-29,2,Fashion,3500,2200,5.0,7000,350.0,6650.0,4400,2250.0,Credit Card,Hyderabad,Running Shoes,Regular
O03347,C0468,P005,2025-09-25,1,Home,4200,2800,15.0,4200,630.0,3570.0,2800,770.0,UPI,Chennai,Coffee Maker,Regular
O03348,C0436,P003,2025-09-30,3,Electronics,2200,1400,20.0,6600,1320.0,5280.0,4200,1080.0,Credit Card,Bengaluru,Bluetooth Speaker,Premium
O03349,C0172,P015,2025-03-05,1,Beauty,2500,1600,10.0,2500,250.0,2250.0,1600,650.0,Cash on Delivery,Bengaluru,Hair Dryer,Budget
O03350,C0109,P008,2025-10-25,1,Home,1500,900,15.0,1500,225.0,1275.0,900,375.0,UPI,Mumbai,Bedsheet Set,Regular
O03351,C0354,P006,2025-12-16,4,Home,4800,3200,10.0,19200,1920.0,17280.0,12800,4480.0,Credit Card,Delhi,Air Fryer,Regular
O03352,C0469,P002,2025-01-11,4,Electronics,5000,3500,15.0,20000,3000.0,17000.0,14000,3000.0,UPI,Ahmedabad,Smart Watch,Budget
O03353,C0184,P003,2025-04-08,4,Electronics,2200,1400,15.0,8800,1320.0,7480.0,5600,1880.0,Debit Card,Chennai,Bluetooth Speaker,Budget
O03354,C0439,P008,2025-03-12,2,Home,1500,900,25.0,3000,750.0,2250.0,1800,450.0,Cash on Delivery,Mumbai,Bedsheet Set,Premium
O03355,C0368,P015,2025-12-30,3,Beauty,2500,1600,10.0,7500,750.0,6750.0,4800,1950.0,Credit Card,Pune,Hair Dryer,Regular
O03356,C0471,P010,2025-02-27,3,Fashion,1800,1000,10.0,5400,540.0,4860.0,3000,1860.0,UPI,Pune,Backpack,Regular
O03357,C0198,P007,2025-10-17,1,Home,1000,600,5.0,1000,50.0,950.0,600,350.0,Debit Card,Ahmedabad,Table Lamp,Premium
O03358,C0371,P010,2025-09-08,1,Fashion,1800,1000,5.0,1800,90.0,1710.0,1000,710.0,Credit Card,Ahmedabad,Backpack,Budget
O03359,C0373,P006,2025-10-03,2,Home,4800,3200,15.0,9600,1440.0,8160.0,6400,1760.0,UPI,Delhi,Air Fryer,Premium
O03360,C0461,P014,2025-02-19,3,Beauty,1500,900,20.0,4500,900.0,3600.0,2700,900.0,Debit Card,Kolkata,Skin Care Kit,Budget
O03361,C0497,P001,2025-12-24,1,Electronics,2500,1800,10.0,2500,250.0,2250.0,1800,450.0,Cash on Delivery,Delhi,Wireless Headphones,Regular
O03362,C0087,P009,2025-08-04,1,Fashion,3500,2200,5.0,3500,175.0,3325.0,2200,1125.0,Credit Card,Pune,Running Shoes,Regular
O03363,C0201,P003,2025-02-21,3,Electronics,2200,1400,5.0,6600,330.0,6270.0,4200,2070.0,Credit Card,Ahmedabad,Bluetooth Speaker,Regular
O03364,C0337,P014,2025-09-28,3,Beauty,1500,900,10.0,4500,450.0,4050.0,2700,1350.0,UPI,Delhi,Skin Care Kit,Regular
O03365,C0322,P005,2025-03-25,1,Home,4200,2800,5.0,4200,210.0,3990.0,2800,1190.0,Credit Card,Hyderabad,Coffee Maker,Regular
O03366,C0275,P007,2025-10-20,1,Home,1000,600,5.0,1000,50.0,950.0,600,350.0,UPI,Chennai,Table Lamp,Regular
O03367,C0211,P015,2025-05-06,2,Beauty,2500,1600,15.0,5000,750.0,4250.0,3200,1050.0,UPI,Hyderabad,Hair Dryer,Regular
O03368,C0391,P007,2025-10-23,3,Home,1000,600,0.0,3000,0.0,3000.0,1800,1200.0,UPI,Mumbai,Table Lamp,Regular
O03369,C0118,P003,2025-03-13,2,Electronics,2200,1400,10.0,4400,440.0,3960.0,2800,1160.0,UPI,Hyderabad,Bluetooth Speaker,Premium
O03370,C0191,P015,2025-10-23,1,Beauty,2500,1600,10.0,2500,375.0,2125.0,1600,525.0,UPI,Hyderabad,Hair Dryer,Regular
O03371,C0042,P004,2025-08-24,1,Electronics,1200,700,5.0,1200,60.0,1140.0,700,440.0,Credit Card,Hyderabad,Power Bank,Premium
O03372,C0042,P010,2025-02-25,1,Fashion,1800,1000,15.0,1800,270.0,1530.0,1000,530.0,Credit Card,Hyderabad,Backpack,Premium
O03373,C0315,P007,2025-12-26,2,Home,1000,600,15.0,2000,300.0,1700.0,1200,500.0,Credit Card,Chennai,Table Lamp,Regular
O03374,C0276,P008,2025-04-20,1,Home,1500,900,15.0,1500,225.0,1275.0,900,375.0,UPI,Hyderabad,Bedsheet Set,Budget
O03375,C0329,P002,2025-07-11,1,Electronics,5000,3500,10.0,5000,500.0,4500.0,3500,1000.0,UPI,Ahmedabad,Smart Watch,Premium
O03376,C0017,P009,2025-04-03,1,Fashion,3500,2200,10.0,3500,350.0,3150.0,2200,950.0,Debit Card,Mumbai,Running Shoes,Premium
O03377,C0283,P007,2025-12-16,3,Home,1000,600,20.0,3000,600.0,2400.0,1800,600.0,Credit Card,Pune,Table Lamp,Regular
O03378,C0431,P013,2025-02-25,1,Beauty,850,500,15.0,850,127.5,722.5,500,222.5,Cash on Delivery,Delhi,Face Serum,Regular
O03379,C0258,P008,2025-03-01,1,Home,1500,900,10.0,1500,150.0,1350.0,900,450.0,UPI,Delhi,Bedsheet Set,Regular
O03380,C0063,P006,2025-05-18,3,Home,4800,3200,0.0,14400,0.0,14400.0,9600,4800.0,Credit Card,Delhi,Air Fryer,Regular
O03381,C0062,P006,2025-02-08,3,Home,4800,3200,0.0,14400,0.0,14400.0,9600,4800.0,UPI,Pune,Air Fryer,Regular
O03382,C0100,P009,2025-01-28,2,Fashion,3500,2200,0.0,7000,0.0,7000.0,4400,2600.0,Credit Card,Ahmedabad,Running Shoes,Regular
O03383,C0019,P004,2025-02-18,2,Electronics,1200,700,15.0,2400,360.0,2040.0,1400,640.0,Debit Card,Mumbai,Power Bank,Regular
O03384,C0017,P011,2025-05-05,3,Fashion,2000,1200,0.0,6000,0.0,6000.0,3600,2400.0,Cash on Delivery,Mumbai,Hoodie,Premium
O03385,C0325,P011,2025-01-13,1,Fashion,2000,1200,10.0,2000,200.0,1800.0,1200,600.0,Cash on Delivery,Chennai,Hoodie,Premium
O03386,C0423,P005,2025-02-05,1,Home,4200,2800,15.0,4200,630.0,3570.0,2800,770.0,UPI,Pune,Coffee Maker,Regular
O03387,C0466,P009,2025-04-11,2,Fashion,3500,2200,5.0,7000,350.0,6650.0,4400,2250.0,Credit Card,Hyderabad,Running Shoes,Premium
O03388,C0373,P001,2025-10-09,1,Electronics,2500,1800,15.0,2500,375.0,2125.0,1800,325.0,Credit Card,Delhi,Wireless Headphones,Premium
O03389,C0246,P004,2025-03-27,2,Electronics,1200,700,15.0,2400,360.0,2040.0,1400,640.0,Credit Card,Pune,Power Bank,Regular
O03390,C0251,P007,2025-01-04,2,Home,1000,600,5.0,2000,100.0,1900.0,1200,700.0,UPI,Mumbai,Table Lamp,Budget
O03391,C0455,P011,2025-08-11,3,Fashion,2000,1200,15.0,6000,900.0,5100.0,3600,1500.0,Debit Card,Mumbai,Hoodie,Regular
O03392,C0081,P015,2025-12-04,1,Beauty,2500,1600,15.0,2500,375.0,2125.0,1600,525.0,Cash on Delivery,Hyderabad,Hair Dryer,Regular
O03393,C0039,P009,2025-06-15,1,Fashion,3500,2200,10.0,3500,350.0,3150.0,2200,950.0,UPI,Chennai,Running Shoes,Budget
O03394,C0036,P015,2025-12-10,1,Beauty,2500,1600,5.0,2500,125.0,2375.0,1600,775.0,UPI,Mumbai,Hair Dryer,Regular
O03395,C0424,P014,2025-10-05,2,Beauty,1500,900,10.0,3000,300.0,2700.0,1800,900.0,UPI,Chennai,Skin Care Kit,Premium
O03396,C0429,P013,2025-05-10,1,Beauty,850,500,20.0,850,170.0,680.0,500,180.0,Credit Card,Delhi,Face Serum,Regular
O03397,C0388,P011,2025-01-31,3,Fashion,2000,1200,15.0,6000,900.0,5100.0,3600,1500.0,UPI,Bengaluru,Hoodie,Budget
O03398,C0486,P012,2025-01-11,2,Fashion,2100,1300,5.0,4200,210.0,3990.0,2600,1390.0,Cash on Delivery,Delhi,Jeans,Regular
O03399,C0409,P013,2025-10-29,1,Beauty,850,500,15.0,850,127.5,722.5,500,222.5,Credit Card,Pune,Face Serum,Budget
O03400,C0197,P010,2025-04-06,1,Fashion,1800,1000,10.0,1800,180.0,1620.0,1000,620.0,Credit Card,Hyderabad,Backpack,Premium
O03401,C0158,P006,2025-07-09,1,Home,4800,3200,15.0,4800,720.0,4080.0,3200,880.0,Credit Card,Pune,Air Fryer,Budget
O03402,C0204,P012,2025-07-11,1,Fashion,2100,1300,15.0,2100,315.0,1785.0,1300,485.0,UPI,Hyderabad,Jeans,Regular
O03403,C0196,P008,2025-09-23,1,Home,1500,900,10.0,1500,150.0,1350.0,900,450.0,Cash on Delivery,Chennai,Bedsheet Set,Regular
O03404,C0216,P013,2025-05-08,1,Beauty,850,500,20.0,850,170.0,680.0,500,180.0,Credit Card,Bengaluru,Face Serum,Regular
O03405,C0285,P009,2025-08-26,2,Fashion,3500,2200,15.0,7000,1050.0,5950.0,4400,1550.0,Cash on Delivery,Pune,Running Shoes,Regular
O03406,C0457,P010,2025-12-21,2,Fashion,1800,1000,15.0,3600,540.0,3060.0,2000,1060.0,Credit Card,Pune,Backpack,Premium
O03407,C0196,P004,2025-04-22,4,Electronics,1200,700,5.0,4800,240.0,4560.0,2800,1760.0,Debit Card,Chennai,Power Bank,Regular
O03408,C0307,P001,2025-11-12,1,Electronics,2500,1800,20.0,2500,500.0,2000.0,1800,200.0,UPI,Hyderabad,Wireless Headphones,Budget
O03409,C0152,P014,2025-12-09,1,Beauty,1500,900,20.0,1500,300.0,1200.0,900,300.0,Credit Card,Mumbai,Skin Care Kit,Premium
O03410,C0014,P008,2025-05-25,1,Home,1500,900,0.0,1500,0.0,1500.0,900,600.0,Debit Card,Kolkata,Bedsheet Set,Regular
O03411,C0325,P002,2025-03-06,3,Electronics,5000,3500,10.0,15000,1500.0,13500.0,10500,3000.0,Debit Card,Chennai,Smart Watch,Premium
O03412,C0146,P011,2025-09-04,2,Fashion,2000,1200,5.0,4000,200.0,3800.0,2400,1400.0,Debit Card,Mumbai,Hoodie,Regular
O03413,C0426,P001,2025-08-11,1,Electronics,2500,1800,15.0,2500,375.0,2125.0,1800,325.0,UPI,Pune,Wireless Headphones,Regular
O03414,C0057,P013,2025-11-09,2,Beauty,850,500,15.0,1700,255.0,1445.0,1000,445.0,Cash on Delivery,Kolkata,Face Serum,Regular
O03415,C0211,P007,2025-04-16,1,Home,1000,600,0.0,1000,0.0,1000.0,600,400.0,Cash on Delivery,Hyderabad,Table Lamp,Regular
O03416,C0268,P012,2025-06-30,2,Fashion,2100,1300,20.0,4200,840.0,3360.0,2600,760.0,UPI,Mumbai,Jeans,Regular
O03417,C0210,P010,2025-07-03,2,Fashion,1800,1000,5.0,3600,180.0,3420.0,2000,1420.0,Cash on Delivery,Hyderabad,Backpack,Premium
O03418,C0017,P009,2025-08-14,1,Fashion,3500,2200,15.0,3500,525.0,2975.0,2200,775.0,UPI,Mumbai,Running Shoes,Premium
O03419,C0286,P011,2025-09-22,2,Fashion,2000,1200,10.0,4000,400.0,3600.0,2400,1200.0,Credit Card,Pune,Hoodie,Regular
O03420,C0344,P015,2025-10-05,3,Beauty,2500,1600,10.0,7500,750.0,6750.0,4800,1950.0,UPI,Delhi,Hair Dryer,Regular
O03421,C0203,P012,2025-03-30,1,Fashion,2100,1300,5.0,2100,105.0,1995.0,1300,695.0,Cash on Delivery,Hyderabad,Jeans,Regular
O03422,C0099,P012,2025-06-25,4,Fashion,2100,1300,5.0,8400,420.0,7980.0,5200,2780.0,UPI,Bengaluru,Jeans,Regular
O03423,C0279,P009,2025-01-18,3,Fashion,3500,2200,15.0,10500,1575.0,8925.0,6600,2325.0,Credit Card,Kolkata,Running Shoes,Budget
O03424,C0209,P003,2025-04-16,2,Electronics,2200,1400,15.0,4400,660.0,3740.0,2800,940.0,UPI,Delhi,Bluetooth Speaker,Regular
O03425,C0129,P006,2025-09-28,2,Home,4800,3200,0.0,9600,0.0,9600.0,6400,3200.0,UPI,Pune,Air Fryer,Regular
O03426,C0335,P007,2025-11-15,3,Home,1000,600,0.0,3000,0.0,3000.0,1800,1200.0,Credit Card,Pune,Table Lamp,Premium
O03427,C0288,P014,2025-06-16,1,Beauty,1500,900,0.0,1500,0.0,1500.0,900,600.0,UPI,Delhi,Skin Care Kit,Regular
O03428,C0252,P010,2025-01-13,4,Fashion,1800,1000,15.0,7200,1080.0,6120.0,4000,2120.0,Debit Card,Delhi,Backpack,Regular
O03429,C0265,P009,2025-12-03,2,Fashion,3500,2200,15.0,7000,1050.0,5950.0,4400,1550.0,Cash on Delivery,Pune,Running Shoes,Budget
O03430,C0271,P015,2025-02-01,2,Beauty,2500,1600,0.0,5000,0.0,5000.0,3200,1800.0,Debit Card,Mumbai,Hair Dryer,Premium
O03431,C0412,P002,2025-02-09,3,Electronics,5000,3500,15.0,15000,2250.0,12750.0,10500,2250.0,Debit Card,Pune,Smart Watch,Premium
O03432,C0408,P008,2025-05-28,2,Home,1500,900,0.0,3000,0.0,3000.0,1800,1200.0,UPI,Bengaluru,Bedsheet Set,Regular
O03433,C0188,P014,2025-08-06,2,Beauty,1500,900,20.0,3000,600.0,2400.0,1800,600.0,UPI,Kolkata,Skin Care Kit,Regular
O03434,C0419,P007,2025-08-07,3,Home,1000,600,20.0,3000,600.0,2400.0,1800,600.0,Credit Card,Hyderabad,Table Lamp,Budget
O03435,C0214,P004,2025-03-23,1,Electronics,1200,700,15.0,1200,180.0,1020.0,700,320.0,UPI,Hyderabad,Power Bank,Regular
O03436,C0283,P002,2025-11-29,1,Electronics,5000,3500,20.0,5000,1000.0,4000.0,3500,500.0,Cash on Delivery,Pune,Smart Watch,Regular
O03437,C0211,P008,2025-07-27,2,Home,1500,900,20.0,3000,600.0,2400.0,1800,600.0,UPI,Hyderabad,Bedsheet Set,Regular
O03438,C0365,P011,2025-07-20,2,Fashion,2000,1200,20.0,4000,800.0,3200.0,2400,800.0,Cash on Delivery,Bengaluru,Hoodie,Premium
O03439,C0076,P005,2025-11-28,4,Home,4200,2800,15.0,16800,2520.0,14280.0,11200,3080.0,UPI,Kolkata,Coffee Maker,Budget
O03440,C0148,P006,2025-02-07,4,Home,4800,3200,10.0,19200,1920.0,17280.0,12800,4480.0,Debit Card,Hyderabad,Air Fryer,Budget
O03441,C0321,P014,2025-07-30,4,Beauty,1500,900,5.0,6000,300.0,5700.0,3600,2100.0,UPI,Chennai,Skin Care Kit,Regular
O03442,C0213,P011,2025-11-23,2,Fashion,2000,1200,10.0,4000,400.0,3600.0,2400,1200.0,UPI,Mumbai,Hoodie,Regular
O03443,C0433,P007,2025-09-06,2,Home,1000,600,15.0,2000,300.0,1700.0,1200,500.0,Debit Card,Chennai,Table Lamp,Budget
O03444,C0109,P015,2025-08-15,4,Beauty,2500,1600,5.0,10000,500.0,9500.0,6400,3100.0,UPI,Mumbai,Hair Dryer,Regular
O03445,C0129,P015,2025-02-17,3,Beauty,2500,1600,5.0,7500,375.0,7125.0,4800,2325.0,Debit Card,Pune,Hair Dryer,Regular
O03446,C0010,P010,2025-01-18,1,Fashion,1800,1000,10.0,1800,180.0,1620.0,1000,620.0,Credit Card,Hyderabad,Backpack,Regular
O03447,C0047,P001,2025-10-22,1,Electronics,2500,1800,5.0,2500,125.0,2375.0,1800,575.0,UPI,Pune,Wireless Headphones,Premium
O03448,C0379,P008,2025-07-15,2,Home,1500,900,15.0,3000,450.0,2550.0,1800,750.0,Cash on Delivery,Delhi,Bedsheet Set,Premium
O03449,C0315,P004,2025-07-06,3,Electronics,1200,700,20.0,3600,720.0,2880.0,2100,780.0,Credit Card,Chennai,Power Bank,Regular
O03450,C0096,P013,2025-12-11,1,Beauty,850,500,15.0,850,127.5,722.5,500,222.5,Debit Card,Pune,Face Serum,Budget
O03451,C0446,P009,2025-08-12,1,Fashion,3500,2200,15.0,3500,525.0,2975.0,2200,775.0,Credit Card,Bengaluru,Running Shoes,Regular
O03452,C0103,P001,2025-11-14,1,Electronics,2500,1800,15.0,2500,375.0,2125.0,1800,325.0,Credit Card,Mumbai,Wireless Headphones,Regular
O03453,C0380,P011,2025-12-31,3,Fashion,2000,1200,10.0,6000,600.0,5400.0,3600,1800.0,UPI,Chennai,Hoodie,Regular
O03454,C0342,P002,2025-12-03,2,Electronics,5000,3500,5.0,10000,500.0,9500.0,7000,2500.0,UPI,Ahmedabad,Smart Watch,Regular
O03455,C0146,P014,2025-08-17,4,Beauty,1500,900,20.0,6000,1200.0,4800.0,3600,1200.0,Credit Card,Mumbai,Skin Care Kit,Regular
O03456,C0368,P006,2025-03-18,2,Home,4800,3200,5.0,9600,480.0,9120.0,6400,2720.0,UPI,Pune,Air Fryer,Regular
O03457,C0430,P011,2025-07-07,4,Fashion,2000,1200,0.0,8000,0.0,8000.0,4800,3200.0,UPI,Chennai,Hoodie,Regular
O03458,C0416,P010,2025-12-12,1,Fashion,1800,1000,15.0,1800,270.0,1530.0,1000,530.0,Credit Card,Pune,Backpack,Regular
O03459,C0027,P011,2025-09-27,1,Fashion,2000,1200,5.0,2000,100.0,1900.0,1200,700.0,Credit Card,Bengaluru,Hoodie,Regular
O03460,C0220,P014,2025-04-05,1,Beauty,1500,900,10.0,1500,150.0,1350.0,900,450.0,UPI,Mumbai,Skin Care Kit,Regular
O03461,C0018,P001,2025-11-06,4,Electronics,2500,1800,0.0,10000,0.0,10000.0,7200,2800.0,UPI,Chennai,Wireless Headphones,Premium
O03462,C0167,P004,2025-05-12,1,Electronics,1200,700,0.0,1200,0.0,1200.0,700,500.0,UPI,,Power Bank,Regular
O03463,C0433,P008,2025-02-08,1,Home,1500,900,5.0,1500,75.0,1425.0,900,525.0,UPI,Chennai,Bedsheet Set,Budget
O03464,C0477,P015,2025-03-13,1,Beauty,2500,1600,0.0,2500,0.0,2500.0,1600,900.0,UPI,Kolkata,Hair Dryer,Regular
O03465,C0082,P010,2025-10-08,2,Fashion,1800,1000,15.0,3600,540.0,3060.0,2000,1060.0,UPI,Mumbai,Backpack,Premium
O03466,C0428,P005,2025-11-29,2,Home,4200,2800,20.0,8400,1680.0,6720.0,5600,1120.0,Cash on Delivery,Hyderabad,Coffee Maker,Regular
O03467,C0072,P013,2025-06-09,1,Beauty,850,500,10.0,850,85.0,765.0,500,265.0,Debit Card,Pune,Face Serum,Regular
O03468,C0310,P009,2025-07-06,3,Fashion,3500,2200,20.0,10500,2100.0,8400.0,6600,1800.0,UPI,Kolkata,Running Shoes,Premium
O03469,C0479,P011,2025-07-10,1,Fashion,2000,1200,5.0,2000,100.0,1900.0,1200,700.0,UPI,Kolkata,Hoodie,Budget
O03470,C0254,P011,2025-04-30,1,Fashion,2000,1200,10.0,2000,200.0,1800.0,1200,600.0,Debit Card,Kolkata,Hoodie,Regular
O03471,C0162,P006,2025-08-08,2,Home,4800,3200,5.0,9600,480.0,9120.0,6400,2720.0,UPI,Kolkata,Air Fryer,Premium
O03472,C0327,P001,2025-02-22,4,Electronics,2500,1800,15.0,10000,1500.0,8500.0,7200,1300.0,Debit Card,Mumbai,Wireless Headphones,Premium
O03473,C0420,P006,2025-08-10,4,Home,4800,3200,10.0,19200,1920.0,17280.0,12800,4480.0,Cash on Delivery,Delhi,Air Fryer,Budget
O03474,C0402,P006,2025-05-11,4,Home,4800,3200,15.0,19200,2880.0,16320.0,12800,3520.0,Credit Card,Hyderabad,Air Fryer,Premium
O03475,C0038,P013,2025-08-25,3,Beauty,850,500,15.0,2550,382.5,2167.5,1500,667.5,UPI,Hyderabad,Face Serum,Budget
O03476,C0443,P006,2025-09-03,2,Home,4800,3200,10.0,9600,960.0,8640.0,6400,2240.0,Debit Card,Kolkata,Air Fryer,Budget
O03477,C0393,P008,2025-08-14,1,Home,1500,900,15.0,1500,225.0,1275.0,900,375.0,Cash on Delivery,Kolkata,Bedsheet Set,Regular
O03478,C0201,P015,2025-07-27,2,Beauty,2500,1600,20.0,5000,1000.0,4000.0,3200,800.0,Credit Card,Ahmedabad,Hair Dryer,Regular
O03479,C0494,P006,2025-04-06,2,Home,4800,3200,5.0,9600,480.0,9120.0,6400,2720.0,Credit Card,Kolkata,Air Fryer,Regular
O03480,C0200,P005,2025-07-19,1,Home,4200,2800,10.0,4200,420.0,3780.0,2800,980.0,UPI,Pune,Coffee Maker,Premium
O03481,C0255,P015,2025-09-04,4,Beauty,2500,1600,15.0,10000,1500.0,8500.0,6400,2100.0,UPI,Mumbai,Hair Dryer,Regular
O03482,C0179,P011,2025-03-13,2,Fashion,2000,1200,15.0,4000,600.0,3400.0,2400,1000.0,Debit Card,Chennai,Hoodie,Budget
O03483,C0035,P002,2025-11-14,3,Electronics,5000,3500,5.0,15000,750.0,14250.0,10500,3750.0,Cash on Delivery,Hyderabad,Smart Watch,Regular
O03484,C0082,P004,2025-07-04,2,Electronics,1200,700,10.0,2400,240.0,2160.0,1400,760.0,Credit Card,Mumbai,Power Bank,Premium
O03485,C0389,P014,2025-01-06,2,Beauty,1500,900,10.0,3000,300.0,2700.0,1800,900.0,Debit Card,Bengaluru,Skin Care Kit,Regular
O03486,C0398,P015,2025-07-25,3,Beauty,2500,1600,10.0,7500,750.0,6750.0,4800,1950.0,UPI,Ahmedabad,Hair Dryer,Regular
O03487,C0220,P010,2025-02-01,2,Fashion,1800,1000,5.0,3600,180.0,3420.0,2000,1420.0,UPI,Mumbai,Backpack,Regular
O03488,C0158,P005,2025-04-09,3,Home,4200,2800,20.0,12600,2520.0,10080.0,8400,1680.0,Credit Card,Pune,Coffee Maker,Budget
O03489,C0004,P010,2025-09-13,1,Fashion,1800,1000,15.0,1800,270.0,1530.0,1000,530.0,UPI,Ahmedabad,Backpack,Budget
O03490,C0167,P004,2025-07-06,1,Electronics,1200,700,10.0,1200,120.0,1080.0,700,380.0,Credit Card,Bengaluru,Power Bank,Regular
O03491,C0468,P002,2025-03-17,1,Electronics,5000,3500,15.0,5000,750.0,4250.0,3500,750.0,UPI,Chennai,Smart Watch,Regular
O03492,C0448,P007,2025-06-26,2,Home,1000,600,20.0,2000,400.0,1600.0,1200,400.0,Debit Card,Ahmedabad,Table Lamp,Regular
O03493,C0409,P010,2025-11-11,2,Fashion,1800,1000,0.0,3600,0.0,3600.0,2000,1600.0,Debit Card,Pune,Backpack,Budget
O03494,C0412,P010,2025-10-14,3,Fashion,1800,1000,5.0,5400,270.0,5130.0,3000,2130.0,Credit Card,Pune,Backpack,Premium
O03495,C0204,P002,2025-12-15,2,Electronics,5000,3500,10.0,10000,1000.0,9000.0,7000,2000.0,UPI,Hyderabad,Smart Watch,Regular
O03496,C0194,P001,2025-09-12,2,Electronics,2500,1800,15.0,5000,750.0,4250.0,3600,650.0,Credit Card,Ahmedabad,Wireless Headphones,Regular
O03497,C0235,P014,2025-11-21,1,Beauty,1500,900,0.0,1500,0.0,1500.0,900,600.0,Cash on Delivery,Ahmedabad,Skin Care Kit,Premium
O03498,C0206,P005,2025-07-09,4,Home,4200,2800,25.0,16800,4200.0,12600.0,11200,1400.0,Credit Card,Ahmedabad,Coffee Maker,Budget
O03499,C0150,P012,2025-11-04,2,Fashion,2100,1300,10.0,4200,420.0,3780.0,2600,1180.0,UPI,Mumbai,Jeans,Premium
O03500,C0159,P013,2025-12-11,1,Beauty,850,500,10.0,850,85.0,765.0,500,265.0,UPI,Ahmedabad,Face Serum,Premium
